{
    "fit_success": true,
    "Qi": {
        "__dtype__": "UFloat",
        "nominal_value": 21591.496997312755,
        "std_dev": 159.34110635746927
    },
    "Qe": {
        "__dtype__": "UFloat",
        "nominal_value": 4105.553281450038,
        "std_dev": 7.180619460487469
    },
    "Ql": {
        "__dtype__": "UFloat",
        "nominal_value": 3761.462676944493,
        "std_dev": 8.030708575284578
    },
    "Qc": {
        "__dtype__": "UFloat",
        "nominal_value": 4554.988994158794,
        "std_dev": 8.837689795140124
    },
    "fr": {
        "__dtype__": "UFloat",
        "nominal_value": 5913116538.582313,
        "std_dev": 1678.1806924344023
    },
    "fit_msg": "Summary\n$Q_I$: 21.59$\\pm$0.16 k\n$Q_C$: 4.5550$\\pm$0.0088 k\n$f_{res}$: 5.9131165$\\pm$1.7e-06 GHz",
    "fit_result": {
        "hanger_func_complex_SI": {
            "success": true,
            "message": "Fit succeeded.",
            "params": {
                "fr": {
                    "name": "fr",
                    "user_data": null,
                    "init_value": 5913472864.321608,
                    "min": 5908900000.0,
                    "max": 5918900000.0,
                    "brute_step": null,
                    "stderr": 1678.1806924344023,
                    "correl": {
                        "Ql": 0.0002790795551434686,
                        "Qe": 0.0904194302510514,
                        "A": 0.26341035303988286,
                        "theta": -0.8441746523818713,
                        "phi_v": -0.08653090172073599,
                        "phi_0": 0.08626805995731773,
                        "alpha": 0.504709148210827
                    },
                    "value": 5913116538.582313
                },
                "Ql": {
                    "name": "Ql",
                    "user_data": null,
                    "init_value": 2664.3453699774795,
                    "min": 59.13472864321608,
                    "max": 117678.11000118959,
                    "brute_step": null,
                    "stderr": 8.030708575284578,
                    "correl": {
                        "fr": 0.0002790795551434686,
                        "Qe": 0.8441757585640292,
                        "A": -0.48930781056455386,
                        "theta": 0.0898451085527904,
                        "phi_v": 0.5043238564098185,
                        "phi_0": -0.5043980277340158,
                        "alpha": 0.08480675960855498
                    },
                    "value": 3761.462676944493
                },
                "Qe": {
                    "name": "Qe",
                    "user_data": null,
                    "init_value": 2611.5860557205,
                    "min": 0,
                    "max": Infinity,
                    "brute_step": null,
                    "stderr": 7.180619460487469,
                    "correl": {
                        "fr": 0.0904194302510514,
                        "Ql": 0.8441757585640292,
                        "A": -0.3829903765104482,
                        "theta": -0.00029035895812406273,
                        "phi_v": 0.6149537230862329,
                        "phi_0": -0.6150717161067671,
                        "alpha": 0.20699513832748573
                    },
                    "value": 4105.553281450038
                },
                "A": {
                    "name": "A",
                    "user_data": null,
                    "init_value": 0.08264836942150014,
                    "min": 0,
                    "max": Infinity,
                    "brute_step": null,
                    "stderr": 4.5744504231634156e-05,
                    "correl": {
                        "fr": 0.26341035303988286,
                        "Ql": -0.48930781056455386,
                        "Qe": -0.3829903765104482,
                        "theta": -0.3737669495867221,
                        "phi_v": -0.2881245796170947,
                        "phi_0": 0.2880885799989884,
                        "alpha": 0.23675297126718706
                    },
                    "value": 0.09533780789335378
                },
                "theta": {
                    "name": "theta",
                    "user_data": null,
                    "init_value": 0,
                    "min": -1.5707963267948966,
                    "max": 1.5707963267948966,
                    "brute_step": null,
                    "stderr": 0.0017488898409643227,
                    "correl": {
                        "fr": -0.8441746523818713,
                        "Ql": 0.0898451085527904,
                        "Qe": -0.00029035895812406273,
                        "A": -0.3737669495867221,
                        "phi_v": 0.20919154493646627,
                        "phi_0": -0.20896669637053236,
                        "alpha": -0.6158350648326415
                    },
                    "value": 0.44796334497725
                },
                "phi_v": {
                    "name": "phi_v",
                    "user_data": null,
                    "init_value": -1.4601393491812543e-07,
                    "min": -Infinity,
                    "max": Infinity,
                    "brute_step": null,
                    "stderr": 1.6052231285897764e-10,
                    "correl": {
                        "fr": -0.08653090172073599,
                        "Ql": 0.5043238564098185,
                        "Qe": 0.6149537230862329,
                        "A": -0.2881245796170947,
                        "theta": 0.20919154493646627,
                        "phi_0": -0.9999998777916334,
                        "alpha": -0.004080935464347005
                    },
                    "value": -7.161742567281845e-08
                },
                "phi_0": {
                    "name": "phi_0",
                    "user_data": null,
                    "init_value": 860.786495751699,
                    "min": -Infinity,
                    "max": Infinity,
                    "brute_step": null,
                    "stderr": 0.9493007606425048,
                    "correl": {
                        "fr": 0.08626805995731773,
                        "Ql": -0.5043980277340158,
                        "Qe": -0.6150717161067671,
                        "A": 0.2880885799989884,
                        "theta": -0.20896669637053236,
                        "phi_v": -0.9999998777916334,
                        "alpha": 0.003924848706433823
                    },
                    "value": 421.34508090750046
                },
                "alpha": {
                    "name": "alpha",
                    "user_data": null,
                    "init_value": 0,
                    "min": -1,
                    "max": 1,
                    "brute_step": null,
                    "stderr": 1.0809471996309588,
                    "correl": {
                        "fr": 0.504709148210827,
                        "Ql": 0.08480675960855498,
                        "Qe": 0.20699513832748573,
                        "A": 0.23675297126718706,
                        "theta": -0.6158350648326415,
                        "phi_v": -0.004080935464347005,
                        "phi_0": 0.003924848706433823
                    },
                    "value": 0.9999157042098243
                },
                "Qi": {
                    "name": "Qi",
                    "user_data": null,
                    "init_value": -131885.0958138866,
                    "min": -Infinity,
                    "max": Infinity,
                    "brute_step": null,
                    "stderr": 159.34110635746927,
                    "correl": null,
                    "value": 21591.496997312755
                },
                "Qc": {
                    "name": "Qc",
                    "user_data": null,
                    "init_value": 2611.5860557205,