{
    "amplitude": {
        "__dtype__": "UFloat",
        "nominal_value": 438982.1752122476,
        "std_dev": 13564.587726311316
    },
    "frequency": {
        "__dtype__": "UFloat",
        "nominal_value": 10.470774733352345,
        "std_dev": 0.1684771538218694
    },
    "shift": {
        "__dtype__": "UFloat",
        "nominal_value": 0.62950730933367,
        "std_dev": 0.03125397474518848
    },
    "offset": {
        "__dtype__": "UFloat",
        "nominal_value": 6008086666.666666,
        "std_dev": 62339.57188030564
    },
    "offset_0": {
        "__dtype__": "UFloat",
        "nominal_value": 0.08989678810135776,
        "std_dev": 0.0033168866084887978
    },
    "freq_0": 6008525648.841878,
    "fit_success": true,
    "fit_msg": "Summary:\nf_0: 6.0085 GHz\noffset_0: 89.9$\\pm$3.3 mV\n",
    "fit_result": {
        "sin": {
            "success": true,
            "message": "Fit succeeded.",
            "params": {
                "amplitude": {
                    "name": "amplitude",
                    "user_data": null,
                    "init_value": 435112.19703056186,
                    "min": 0,
                    "max": Infinity,
                    "brute_step": null,
                    "stderr": 13564.587726311316,
                    "correl": {
                        "frequency": 0.0848222948438966,
                        "shift": -0.05634399685300259
                    },
                    "value": 438982.1752122476
                },
                "frequency": {
                    "name": "frequency",
                    "user_data": null,
                    "init_value": 10.053096491487338,
                    "min": 0,
                    "max": Infinity,
                    "brute_step": null,
                    "stderr": 0.1684771538218694,
                    "correl": {
                        "amplitude": 0.0848222948438966,
                        "shift": -0.23024233935366226
                    },
                    "value": 10.470774733352345
                },
                "shift": {
                    "name": "shift",
                    "user_data": null,
                    "init_value": 0.5711986642890533,
                    "min": -6.283195307179586,
                    "max": 6.283195307179586,
                    "brute_step": null,
                    "stderr": 0.03125397474518848,
                    "correl": {
                        "amplitude": -0.05634399685300259,
                        "frequency": -0.23024233935366226
                    },
                    "value": 0.62950730933367
                },
                "offset": {
                    "name": "offset",
                    "user_data": null,
                    "init_value": 6008086666.666666,
                    "min": -Infinity,
                    "max": Infinity,
                    "brute_step": null,
                    "stderr": 62339.57188030564,
                    "correl": null,
                    "value": 6008086666.666666
                }
            }
        }
    }
}