{
    "amplitude": {
        "__dtype__": "UFloat",
        "nominal_value": 828726.9670672982,
        "std_dev": 54370.32477542857
    },
    "frequency": {
        "__dtype__": "UFloat",
        "nominal_value": 11.300588557528394,
        "std_dev": 0.33310514385144885
    },
    "shift": {
        "__dtype__": "UFloat",
        "nominal_value": 0.5476936195265205,
        "std_dev": 0.06316961178747862
    },
    "offset": {
        "__dtype__": "UFloat",
        "nominal_value": 5719478344.128453,
        "std_dev": 110440.66849205735
    },
    "offset_0": {
        "__dtype__": "UFloat",
        "nominal_value": 0.09053534708037753,
        "std_dev": 0.006194299456992561
    },
    "freq_0": 5720307071.095521,
    "fit_success": true,
    "fit_msg": "Summary:\nf_0: 5.7203 GHz\noffset_0: 90.5$\\pm$6.2 mV\n",
    "fit_result": {
        "sin": {
            "success": true,
            "message": "Fit succeeded.",
            "params": {
                "amplitude": {
                    "name": "amplitude",
                    "user_data": null,
                    "init_value": 791317.4910075181,
                    "min": 0,
                    "max": Infinity,
                    "brute_step": null,
                    "stderr": 54370.32477542857,
                    "correl": {
                        "frequency": 0.08250704992485962,
                        "shift": -0.0957292705500276
                    },
                    "value": 828726.9670672982
                },
                "frequency": {
                    "name": "frequency",
                    "user_data": null,
                    "init_value": 10.122909661567112,
                    "min": 0,
                    "max": Infinity,
                    "brute_step": null,
                    "stderr": 0.33310514385144885,
                    "correl": {
                        "amplitude": 0.08250704992485962,
                        "shift": -0.13756002011686985
                    },
                    "value": 11.300588557528394
                },
                "shift": {
                    "name": "shift",
                    "user_data": null,
                    "init_value": 0.5711986642890533,
                    "min": -6.283195307179586,
                    "max": 6.283195307179586,
                    "brute_step": null,
                    "stderr": 0.06316961178747862,
                    "correl": {
                        "amplitude": -0.0957292705500276,
                        "frequency": -0.13756002011686985
                    },
                    "value": 0.5476936195265205
                },
                "offset": {
                    "name": "offset",
                    "user_data": null,
                    "init_value": 5719478344.128453,
                    "min": -Infinity,
                    "max": Infinity,
                    "brute_step": null,
                    "stderr": 110440.66849205735,
                    "correl": null,
                    "value": 5719478344.128453
                }
            }
        }
    }
}