{
    "fit_success": true,
    "Qi": {
        "__dtype__": "UFloat",
        "nominal_value": 20105.240920819797,
        "std_dev": 360.91212752415447
    },
    "Qe": {
        "__dtype__": "UFloat",
        "nominal_value": 3105.5146612397343,
        "std_dev": 12.927606653555452
    },
    "Ql": {
        "__dtype__": "UFloat",
        "nominal_value": 2724.628304769918,
        "std_dev": 13.613243786010147
    },
    "Qc": {
        "__dtype__": "UFloat",
        "nominal_value": 3151.7478524605544,
        "std_dev": 13.3152003780101
    },
    "fr": {
        "__dtype__": "UFloat",
        "nominal_value": 6008021277.52828,
        "std_dev": 5508.118439728257
    },
    "fit_msg": "Summary\n$Q_I$: 20.11$\\pm$0.36 k\n$Q_C$: 3.152$\\pm$0.013 k\n$f_{res}$: 6.0080213$\\pm$5.5e-06 GHz",
    "fit_result": {
        "hanger_func_complex_SI": {
            "success": true,
            "message": "Fit succeeded.",
            "params": {
                "fr": {
                    "name": "fr",
                    "user_data": null,
                    "init_value": 6008168341.708543,
                    "min": 6004500000.0,
                    "max": 6014500000.0,
                    "brute_step": null,
                    "stderr": 5508.118439728257,
                    "correl": {
                        "Ql": 0.00011069742092788852,
                        "Qe": 0.08584308080632402,
                        "A": 0.19348111249995842,
                        "theta": -0.8856863225441849,
                        "phi_v": 0.22033749491246113,
                        "phi_0": -0.22065853747035272,
                        "alpha": 0.5524313535659937
                    },
                    "value": 6008021277.52828
                },
                "Ql": {
                    "name": "Ql",
                    "user_data": null,
                    "init_value": 2707.010900457196,
                    "min": 60.08168341708543,
                    "max": 119562.55000120866,
                    "brute_step": null,
                    "stderr": 13.613243786010147,
                    "correl": {
                        "fr": 0.00011069742092788852,
                        "Qe": 0.8857109694622585,
                        "A": -0.6528502319417661,
                        "theta": 0.08567140836859788,
                        "phi_v": 0.5535632971328435,
                        "phi_0": -0.5534972989025938,
                        "alpha": -0.22291306928035937
                    },
                    "value": 2724.628304769918
                },
                "Qe": {
                    "name": "Qe",
                    "user_data": null,
                    "init_value": 2653.4067242105184,
                    "min": 0,
                    "max": Infinity,
                    "brute_step": null,
                    "stderr": 12.927606653555452,
                    "correl": {
                        "fr": 0.08584308080632402,
                        "Ql": 0.8857109694622585,
                        "A": -0.5812580476148019,
                        "theta": -5.65561823337519e-05,
                        "phi_v": 0.6940177853079988,
                        "phi_0": -0.693973612156171,
                        "alpha": -0.13350075401989175
                    },
                    "value": 3105.5146612397343
                },
                "A": {
                    "name": "A",
                    "user_data": null,
                    "init_value": 0.004561323768476075,
                    "min": 0,
                    "max": Infinity,
                    "brute_step": null,
                    "stderr": 8.301730975149799e-06,
                    "correl": {
                        "fr": 0.19348111249995842,
                        "Ql": -0.6528502319417661,
                        "Qe": -0.5812580476148019,
                        "theta": -0.3056654437742763,
                        "phi_v": -0.3336113175670208,
                        "phi_0": 0.3334984807496033,
                        "alpha": 0.5473124019540058
                    },
                    "value": 0.005654793234862954
                },
                "theta": {
                    "name": "theta",
                    "user_data": null,
                    "init_value": 0,
                    "min": -1.5707963267948966,
                    "max": 1.5707963267948966,
                    "brute_step": null,
                    "stderr": 0.0041621126620507015,
                    "correl": {
                        "fr": -0.8856863225441849,
                        "Ql": 0.08567140836859788,
                        "Qe": -5.65561823337519e-05,
                        "A": -0.3056654437742763,
                        "phi_v": -0.13028424556862017,
                        "phi_0": 0.13059355968198036,
                        "alpha": -0.693303880358516
                    },
                    "value": 0.1714938401848909
                },
                "phi_v": {
                    "name": "phi_v",
                    "user_data": null,
                    "init_value": -1.810800837322734e-07,
                    "min": -Infinity,
                    "max": Infinity,
                    "brute_step": null,
                    "stderr": 4.130326751268906e-10,
                    "correl": {
                        "fr": 0.22033749491246113,
                        "Ql": 0.5535632971328435,
                        "Qe": 0.6940177853079988,
                        "A": -0.3336113175670208,
                        "theta": -0.13028424556862017,
                        "phi_0": -0.9999998749954713,
                        "alpha": -0.004493583477177357
                    },
                    "value": -7.155656985329989e-08
                },
                "phi_0": {
                    "name": "phi_0",
                    "user_data": null,
                    "init_value": 1084.9049182341175,
                    "min": -Infinity,
                    "max": Infinity,
                    "brute_step": null,
                    "stderr": 2.482311524817932,
                    "correl": {
                        "fr": -0.22065853747035272,
                        "Ql": -0.5534972989025938,
                        "Qe": -0.693973612156171,
                        "A": 0.3334984807496033,
                        "theta": 0.13059355968198036,
                        "phi_v": -0.9999998749954713,
                        "alpha": 0.004285323814503759
                    },
                    "value": 427.54711210420396
                },
                "alpha": {
                    "name": "alpha",
                    "user_data": null,
                    "init_value": 0,
                    "min": -1,
                    "max": 1,
                    "brute_step": null,
                    "stderr": 2.713221261182019,
                    "correl": {
                        "fr": 0.5524313535659937,
                        "Ql": -0.22291306928035937,
                        "Qe": -0.13350075401989175,
                        "A": 0.5473124019540058,
                        "theta": -0.693303880358516,
                        "phi_v": -0.004493583477177357,
                        "phi_0": 0.004285323814503759
                    },
                    "value": -0.9999997242048164
                },
                "Qi": {
                    "name": "Qi",
                    "user_data": null,
                    "init_value": -133997.03957263078,
                    "min": -Infinity,
                    "max": Infinity,
                    "brute_step": null,
                    "stderr": 360.91212752415447,
                    "correl": null,
                    "value": 20105.240920819797
                },
                "Qc": {
                    "name": "Qc",
                    "user_data": null,
                    "init_value": 2653.4067242105184,