{
    "fit_success": true,
    "Qi": {
        "__dtype__": "UFloat",
        "nominal_value": 28919.695005502435,
        "std_dev": 2666.6323335151565
    },
    "Qe": {
        "__dtype__": "UFloat",
        "nominal_value": 2493.304783933503,
        "std_dev": 23.1694819619015
    },
    "Ql": {
        "__dtype__": "UFloat",
        "nominal_value": 2906.3320924222962,
        "std_dev": 34.49430083291046
    },
    "Qc": {
        "__dtype__": "UFloat",
        "nominal_value": 3231.0408299918063,
        "std_dev": 38.90229239679849
    },
    "fr": {
        "__dtype__": "UFloat",
        "nominal_value": 5837661251.850396,
        "std_dev": 11918.524074666107
    },
    "fit_msg": "Summary\n$Q_I$: 28.9$\\pm$2.7 k\n$Q_C$: 3.231$\\pm$0.039 k\n$f_{res}$: 5.837661$\\pm$1.2e-05 GHz",
    "fit_result": {
        "hanger_func_complex_SI": {
            "success": true,
            "message": "Fit succeeded.",
            "params": {
                "fr": {
                    "name": "fr",
                    "user_data": null,
                    "init_value": 5838398241.20603,
                    "min": 5828750000.0,
                    "max": 5848750000.0,
                    "brute_step": null,
                    "stderr": 11918.524074666107,
                    "correl": {
                        "Ql": 0.00029343995103478477,
                        "Qe": 0.09126136183175779,
                        "A": 0.2681457386644622,
                        "theta": -0.7934639653083977,
                        "phi_v": -0.20170090359933013,
                        "phi_0": 0.20135121549078905,
                        "alpha": 0.3675408827075175
                    },
                    "value": 5837661251.850396
                },
                "Ql": {
                    "name": "Ql",
                    "user_data": null,
                    "init_value": 1315.2600577421156,
                    "min": 29.191991206030153,
                    "max": 58092.06250003601,
                    "brute_step": null,
                    "stderr": 34.49430083291046,
                    "correl": {
                        "fr": 0.00029343995103478477,
                        "Qe": 0.7935349936545268,
                        "A": -0.3308287976325755,
                        "theta": 0.0907520609931486,
                        "phi_v": 0.36681532653810467,
                        "phi_0": -0.367047257779442,
                        "alpha": 0.20068205515084447
                    },
                    "value": 2906.3320924222962
                },
                "Qe": {
                    "name": "Qe",
                    "user_data": null,
                    "init_value": 1289.2153041234599,
                    "min": 0,
                    "max": Infinity,
                    "brute_step": null,
                    "stderr": 23.1694819619015,
                    "correl": {
                        "fr": 0.09126136183175779,
                        "Ql": 0.7935349936545268,
                        "A": -0.15910885463422833,
                        "theta": -0.00018745321579869128,
                        "phi_v": 0.4375317934128691,
                        "phi_0": -0.4378605991560251,
                        "alpha": 0.32912271862781256
                    },
                    "value": 2493.304783933503
                },
                "A": {
                    "name": "A",
                    "user_data": null,
                    "init_value": 0.005885282935855487,
                    "min": 0,
                    "max": Infinity,
                    "brute_step": null,
                    "stderr": 1.68815161260597e-05,
                    "correl": {
                        "fr": 0.2681457386644622,
                        "Ql": -0.3308287976325755,
                        "Qe": -0.15910885463422833,
                        "theta": -0.37177465770159457,
                        "phi_v": -0.17843159729415456,
                        "phi_0": 0.1784150041909558,
                        "alpha": 0.09688425699922557
                    },
                    "value": 0.006353894954699513
                },
                "theta": {
                    "name": "theta",
                    "user_data": null,
                    "init_value": 0,
                    "min": -1.5707963267948966,
                    "max": 1.5707963267948966,
                    "brute_step": null,
                    "stderr": 0.009290810991857846,
                    "correl": {
                        "fr": -0.7934639653083977,
                        "Ql": 0.0907520609931486,
                        "Qe": -0.00018745321579869128,
                        "A": -0.37177465770159457,
                        "phi_v": 0.33060668351290495,
                        "phi_0": -0.3304129916099998,
                        "alpha": -0.4386848015841707
                    },
                    "value": 0.6893299976075902
                },
                "phi_v": {
                    "name": "phi_v",
                    "user_data": null,
                    "init_value": -1.1912684089727822e-07,
                    "min": -Infinity,
                    "max": Infinity,
                    "brute_step": null,
                    "stderr": 4.6215414693569896e-10,
                    "correl": {
                        "fr": -0.20170090359933013,
                        "Ql": 0.36681532653810467,
                        "Qe": 0.4375317934128691,
                        "A": -0.17843159729415456,
                        "theta": 0.33060668351290495,
                        "phi_0": -0.9999995173181627,
                        "alpha": -0.00391812607531282
                    },
                    "value": -7.029407126624895e-08
                },
                "phi_0": {
                    "name": "phi_0",
                    "user_data": null,
                    "init_value": 692.1134183228548,
                    "min": -Infinity,
                    "max": Infinity,
                    "brute_step": null,
                    "stderr": 2.6981598628092547,
                    "correl": {
                        "fr": 0.20135121549078905,
                        "Ql": -0.367047257779442,
                        "Qe": -0.4378605991560251,
                        "A": 0.1784150041909558,
                        "theta": -0.3304129916099998,
                        "phi_v": -0.9999995173181627,
                        "alpha": 0.0037287830988592544
                    },
                    "value": 407.56803448046185
                },
                "alpha": {
                    "name": "alpha",
                    "user_data": null,
                    "init_value": 0,
                    "min": -1,
                    "max": 1,
                    "brute_step": null,
                    "stderr": 3.7833006514848826,
                    "correl": {
                        "fr": 0.3675408827075175,
                        "Ql": 0.20068205515084447,
                        "Qe": 0.32912271862781256,
                        "A": 0.09688425699922557,
                        "theta": -0.4386848015841707,
                        "phi_v": -0.00391812607531282,
                        "phi_0": 0.0037287830988592544
                    },
                    "value": 0.9999752973395077
                },
                "Qi": {
                    "name": "Qi",
                    "user_data": null,
                    "init_value": -65105.372858234485,
                    "min": -Infinity,
                    "max": Infinity,
                    "brute_step": null,
                    "stderr": 2666.6323335151565,
                    "correl": null,
                    "value": 28919.695005502435
                },
                "Qc": {
                    "name": "Qc",
                    "user_data": null,
                    "init_value": 1289.2153041234599,