{
    "a": {
        "__dtype__": "UFloat",
        "nominal_value": -4539024529.299508,
        "std_dev": 17999769288.57385
    },
    "b": {
        "__dtype__": "UFloat",
        "nominal_value": 485420800.75067747,
        "std_dev": 4331018250.584487
    },
    "c": {
        "__dtype__": "UFloat",
        "nominal_value": 4120279636.2367783,
        "std_dev": 251893473.66475782
    },
    "fit_success": true,
    "offset_0": {
        "__dtype__": "UFloat",
        "nominal_value": 0.053471929664322695,
        "std_dev": 0.5220875888007465
    },
    "freq_0": {
        "__dtype__": "UFloat",
        "nominal_value": 4133257829.694448,
        "std_dev": 346023130.2455478
    },
    "fit_msg": "Summary:\noffset_0: 53.$\\pm$5.2e+02 mV\nfreq_0: 4.13$\\pm$0.35 GHz\n",
    "fit_result": {
        "poly2": {
            "success": true,
            "message": "Fit succeeded.",
            "params": {
                "a": {
                    "name": "a",
                    "user_data": null,
                    "init_value": -4539024529.299508,
                    "min": -Infinity,
                    "max": Infinity,
                    "brute_step": null,
                    "stderr": 17999769288.57385,
                    "correl": {
                        "b": -0.9885780979246328,
                        "c": 0.9564674900967547
                    },
                    "value": -4539024529.299508
                },
                "b": {
                    "name": "b",
                    "user_data": null,
                    "init_value": 485420800.75067747,
                    "min": -Infinity,
                    "max": Infinity,
                    "brute_step": null,
                    "stderr": 4331018250.584487,
                    "correl": {
                        "a": -0.9885780979246328,
                        "c": -0.98834311110731
                    },
                    "value": 485420800.75067747
                },
                "c": {
                    "name": "c",
                    "user_data": null,
                    "init_value": 4120279636.2367783,
                    "min": -Infinity,
                    "max": Infinity,
                    "brute_step": null,
                    "stderr": 251893473.66475782,
                    "correl": {
                        "a": 0.9564674900967547,
                        "b": -0.98834311110731
                    },
                    "value": 4120279636.2367783
                }
            }
        }
    }
}