{
    "fit_success": true,
    "Qi": {
        "__dtype__": "UFloat",
        "nominal_value": 861.6517019501262,
        "std_dev": 165.24558670018752
    },
    "Qe": {
        "__dtype__": "UFloat",
        "nominal_value": 9749.346117866004,
        "std_dev": 3689.05936794207
    },
    "Ql": {
        "__dtype__": "UFloat",
        "nominal_value": 822.3139467520595,
        "std_dev": 173.74501584943704
    },
    "Qc": {
        "__dtype__": "UFloat",
        "nominal_value": 18011.9126825788,
        "std_dev": 12574.939387403065
    },
    "fr": {
        "__dtype__": "UFloat",
        "nominal_value": 5995005510.966957,
        "std_dev": 769878.1506704387
    },
    "fit_msg": "Summary\n$Q_I$: 8.6e+02$\\pm$1.7e+02 \n$Q_C$: 18$\\pm$13 k\n$f_{res}$: 5.99501$\\pm$0.00077 GHz",
    "fit_result": {
        "hanger_func_complex_SI": {
            "success": true,
            "message": "Fit succeeded.",
            "params": {
                "fr": {
                    "name": "fr",
                    "user_data": null,
                    "init_value": 5996055276.381909,
                    "min": 5995000000.0,
                    "max": 6005000000.0,
                    "brute_step": null,
                    "stderr": 769878.1506704387,
                    "correl": {
                        "Ql": 0.0016519314941433729,
                        "Qe": 0.5422396304118067,
                        "A": -0.11315033269420796,
                        "theta": -0.827383411865668,
                        "phi_v": 0.8014123418252206,
                        "phi_0": -0.8020729050935173,
                        "alpha": 0.36372489068414043
                    },
                    "value": 5995005510.966957
                },
                "Ql": {
                    "name": "Ql",
                    "user_data": null,
                    "init_value": 2701.553297072564,
                    "min": 59.960552763819095,
                    "max": 119321.50000120621,
                    "brute_step": null,
                    "stderr": 173.74501584943704,
                    "correl": {
                        "fr": 0.0016519314941433729,
                        "Qe": 0.8278758871307599,
                        "A": -0.9545747618251017,
                        "theta": 0.540234484081929,
                        "phi_v": 0.43116580283877703,
                        "phi_0": -0.43017099384826996,
                        "alpha": -0.8327694401927888
                    },
                    "value": 822.3139467520595
                },
                "Qe": {
                    "name": "Qe",
                    "user_data": null,
                    "init_value": 2648.057192180038,
                    "min": 0,
                    "max": Infinity,
                    "brute_step": null,
                    "stderr": 3689.05936794207,
                    "correl": {
                        "fr": 0.5422396304118067,
                        "Ql": 0.8278758871307599,
                        "A": -0.8821098673728893,
                        "theta": -0.0007470356679381635,
                        "phi_v": 0.8402790333699659,
                        "phi_0": -0.8397735570624091,
                        "alpha": -0.5193348905893362
                    },
                    "value": 9749.346117866004
                },
                "A": {
                    "name": "A",
                    "user_data": null,
                    "init_value": 0.010985210224514272,
                    "min": 0,
                    "max": Infinity,
                    "brute_step": null,
                    "stderr": 0.0002158959849583156,
                    "correl": {
                        "fr": -0.11315033269420796,
                        "Ql": -0.9545747618251017,
                        "Qe": -0.8821098673728893,
                        "theta": -0.44704109072071635,
                        "phi_v": -0.5478797732295682,
                        "phi_0": 0.5469193811426938,
                        "alpha": 0.8573498356691888
                    },
                    "value": 0.011542597955278344
                },
                "theta": {
                    "name": "theta",
                    "user_data": null,
                    "init_value": 0,
                    "min": -1.5707963267948966,
                    "max": 1.5707963267948966,
                    "brute_step": null,
                    "stderr": 0.377859911893724,
                    "correl": {
                        "fr": -0.827383411865668,
                        "Ql": 0.540234484081929,
                        "Qe": -0.0007470356679381635,
                        "A": -0.44704109072071635,
                        "phi_v": -0.45370138060013143,
                        "phi_0": 0.45481252155312274,
                        "alpha": -0.8005584302317448
                    },
                    "value": 0.9988470535894689
                },
                "phi_v": {
                    "name": "phi_v",
                    "user_data": null,
                    "init_value": -1.316067080905894e-06,
                    "min": -Infinity,
                    "max": Infinity,
                    "brute_step": null,
                    "stderr": 1.3402495522559619e-09,
                    "correl": {
                        "fr": 0.8014123418252206,
                        "Ql": 0.43116580283877703,
                        "Qe": 0.8402790333699659,
                        "A": -0.5478797732295682,
                        "theta": -0.45370138060013143,
                        "phi_0": -0.9999992102619638,
                        "alpha": -0.08057187001902259
                    },
                    "value": -1.3248123040810623e-06
                },
                "phi_0": {
                    "name": "phi_0",
                    "user_data": null,
                    "init_value": 7889.526812400945,
                    "min": -Infinity,
                    "max": Infinity,
                    "brute_step": null,
                    "stderr": 8.050532221665566,
                    "correl": {
                        "fr": -0.8020729050935173,
                        "Ql": -0.43017099384826996,
                        "Qe": -0.8397735570624091,
                        "A": 0.5469193811426938,
                        "theta": 0.45481252155312274,
                        "phi_v": -0.9999992102619638,
                        "alpha": 0.07939389783374706
                    },
                    "value": 7942.035285013122
                },
                "alpha": {
                    "name": "alpha",
                    "user_data": null,
                    "init_value": 0,
                    "min": -1,
                    "max": 1,
                    "brute_step": null,
                    "stderr": 8.126381883501475,
                    "correl": {
                        "fr": 0.36372489068414043,
                        "Ql": -0.8327694401927888,
                        "Qe": -0.5193348905893362,
                        "A": 0.8573498356691888,
                        "theta": -0.8005584302317448,
                        "phi_v": -0.08057187001902259,
                        "phi_0": 0.07939389783374706
                    },
                    "value": -0.9937389948621593
                },
                "Qi": {
                    "name": "Qi",
                    "user_data": null,
                    "init_value": -133726.88820509167,
                    "min": -Infinity,
                    "max": Infinity,
                    "brute_step": null,
                    "stderr": 165.24558670018752,
                    "correl": null,
                    "value": 861.6517019501262
                },
                "Qc": {
                    "name": "Qc",
                    "user_data": null,
                    "init_value": 2648.057192180038,
                    "min": -Infinity,