{
    "fit_success": true,
    "Qi": {
        "__dtype__": "UFloat",
        "nominal_value": 12124.062555648854,
        "std_dev": 4539.702425948384
    },
    "Qe": {
        "__dtype__": "UFloat",
        "nominal_value": 8304.547698614726,
        "std_dev": 1337.9602602673074
    },
    "Ql": {
        "__dtype__": "UFloat",
        "nominal_value": 5059.100908874658,
        "std_dev": 1082.4999412621341
    },
    "Qc": {
        "__dtype__": "UFloat",
        "nominal_value": 8681.83848139391,
        "std_dev": 1462.291366020422
    },
    "fr": {
        "__dtype__": "UFloat",
        "nominal_value": 5258901615.86047,
        "std_dev": 111220.09752750999
    },
    "fit_msg": "Summary\n$Q_I$: 12.1$\\pm$4.5 k\n$Q_C$: 8.7$\\pm$1.5 k\n$f_{res}$: 5.25890$\\pm$0.00011 GHz",
    "fit_result": {
        "hanger_func_complex_SI": {
            "success": true,
            "message": "Fit succeeded.",
            "params": {
                "fr": {
                    "name": "fr",
                    "user_data": null,
                    "init_value": 5259256281.407035,
                    "min": 5248000000.0,
                    "max": 5268000000.0,
                    "brute_step": null,
                    "stderr": 111220.09752750999,
                    "correl": {
                        "Ql": 6.211378951297581e-05,
                        "Qe": 0.007223096490888562,
                        "A": 0.056184222241403695,
                        "theta": -0.7695803969417166,
                        "phi_v": -0.13251482994320607,
                        "phi_0": 0.13220269522697112,
                        "alpha": 0.2788705938470814
                    },
                    "value": 5258901615.86047
                },
                "Ql": {
                    "name": "Ql",
                    "user_data": null,
                    "init_value": 1184.7923753373675,
                    "min": 26.296281407035174,
                    "max": 52329.600000032435,
                    "brute_step": null,
                    "stderr": 1082.4999412621341,
                    "correl": {
                        "fr": 6.211378951297581e-05,
                        "Qe": 0.7695321838943294,
                        "A": -0.30667629004620034,
                        "theta": 0.007113903130279385,
                        "phi_v": 0.2776032286412526,
                        "phi_0": -0.27772475451971934,
                        "alpha": 0.1299400601883029
                    },
                    "value": 5059.100908874658
                },
                "Qe": {
                    "name": "Qe",
                    "user_data": null,
                    "init_value": 1161.331140182172,
                    "min": 0,
                    "max": Infinity,
                    "brute_step": null,
                    "stderr": 1337.9602602673074,
                    "correl": {
                        "fr": 0.007223096490888562,
                        "Ql": 0.7695321838943294,
                        "A": -0.3086966866722559,
                        "theta": -4.507891613790429e-05,
                        "phi_v": 0.3749396104422952,
                        "phi_0": -0.3751037618614624,
                        "alpha": 0.16463564088946192
                    },
                    "value": 8304.547698614726
                },
                "A": {
                    "name": "A",
                    "user_data": null,
                    "init_value": 0.00012475367694932246,
                    "min": 0,
                    "max": Infinity,
                    "brute_step": null,
                    "stderr": 2.343690974494289e-06,
                    "correl": {
                        "fr": 0.056184222241403695,
                        "Ql": -0.30667629004620034,
                        "Qe": -0.3086966866722559,
                        "theta": -0.07690542223717266,
                        "phi_v": -0.13188006314030043,
                        "phi_0": 0.13191078201069428,
                        "alpha": -0.1851989372430027
                    },
                    "value": 0.00012611584474031545
                },
                "theta": {
                    "name": "theta",
                    "user_data": null,
                    "init_value": 0,
                    "min": -1.5707963267948966,
                    "max": 1.5707963267948966,
                    "brute_step": null,
                    "stderr": 0.16113236492338792,
                    "correl": {
                        "fr": -0.7695803969417166,
                        "Ql": 0.007113903130279385,
                        "Qe": -4.507891613790429e-05,
                        "A": -0.07690542223717266,
                        "phi_v": 0.1680088840786168,
                        "phi_0": -0.1677026943489397,
                        "alpha": -0.3765479213337055
                    },
                    "value": 0.2958916475417934
                },
                "phi_v": {
                    "name": "phi_v",
                    "user_data": null,
                    "init_value": -7.653419647868458e-08,
                    "min": -Infinity,
                    "max": Infinity,
                    "brute_step": null,
                    "stderr": 3.1708646745905292e-09,
                    "correl": {
                        "fr": -0.13251482994320607,
                        "Ql": 0.2776032286412526,
                        "Qe": 0.3749396104422952,
                        "A": -0.13188006314030043,
                        "theta": 0.1680088840786168,
                        "phi_0": -0.9999994011644697,
                        "alpha": -0.008413113408993995
                    },
                    "value": -1.5732996872790955e-07
                },
                "phi_0": {
                    "name": "phi_0",
                    "user_data": null,
                    "init_value": 404.73505766992827,
                    "min": -Infinity,
                    "max": Infinity,
                    "brute_step": null,
                    "stderr": 16.671806186797205,
                    "correl": {
                        "fr": 0.13220269522697112,
                        "Ql": -0.27772475451971934,
                        "Qe": -0.3751037618614624,
                        "A": 0.13191078201069428,
                        "theta": -0.1677026943489397,
                        "phi_v": -0.9999994011644697,
                        "alpha": 0.00827299076833611
                    },
                    "value": 828.9756751358923
                },
                "alpha": {
                    "name": "alpha",
                    "user_data": null,
                    "init_value": 0,
                    "min": -1,
                    "max": 1,
                    "brute_step": null,
                    "stderr": 20.661461956454,
                    "correl": {
                        "fr": 0.2788705938470814,
                        "Ql": 0.1299400601883029,
                        "Qe": 0.16463564088946192,
                        "A": -0.1851989372430027,
                        "theta": -0.3765479213337055,
                        "phi_v": -0.008413113408993995,
                        "phi_0": 0.00827299076833611
                    },
                    "value": -0.9999206089742768
                },
                "Qi": {
                    "name": "Qi",
                    "user_data": null,
                    "init_value": -58647.222579199486,
                    "min": -Infinity,
                    "max": Infinity,
                    "brute_step": null,
                    "stderr": 4539.702425948384,
                    "correl": null,
                    "value": 12124.062555648854
                },
                "Qc": {
                    "name": "Qc",
                    "user_data": null,
                    "init_value": 1161.331140182172,