{
    "fit_success": true,
    "Qi": {
        "__dtype__": "UFloat",
        "nominal_value": 18301.82641384313,
        "std_dev": 295.67123897185274
    },
    "Qe": {
        "__dtype__": "UFloat",
        "nominal_value": 3135.7927650607494,
        "std_dev": 12.839173049091066
    },
    "Ql": {
        "__dtype__": "UFloat",
        "nominal_value": 2711.2473557468475,
        "std_dev": 13.102961203625748
    },
    "Qc": {
        "__dtype__": "UFloat",
        "nominal_value": 3182.7412108918193,
        "std_dev": 13.22556450979378
    },
    "fr": {
        "__dtype__": "UFloat",
        "nominal_value": 6008017641.611156,
        "std_dev": 5355.099870776017
    },
    "fit_msg": "Summary\n$Q_I$: 18.30$\\pm$0.30 k\n$Q_C$: 3.183$\\pm$0.013 k\n$f_{res}$: 6.0080176$\\pm$5.4e-06 GHz",
    "fit_result": {
        "hanger_func_complex_SI": {
            "success": true,
            "message": "Fit succeeded.",
            "params": {
                "fr": {
                    "name": "fr",
                    "user_data": null,
                    "init_value": 6008223618.090452,
                    "min": 6003500000.0,
                    "max": 6013500000.0,
                    "brute_step": null,
                    "stderr": 5355.099870776017,
                    "correl": {
                        "Ql": 0.000375942291971028,
                        "Qe": 0.05221512443522449,
                        "A": 0.1336583571942814,
                        "theta": -0.8856809391897008,
                        "phi_v": 0.0029520934578270634,
                        "phi_0": -0.003281790679192856,
                        "alpha": -0.5881367201384154
                    },
                    "value": 6008017641.611156
                },
                "Ql": {
                    "name": "Ql",
                    "user_data": null,
                    "init_value": 2707.035805513089,
                    "min": 60.08223618090452,
                    "max": 119563.65000120866,
                    "brute_step": null,
                    "stderr": 13.102961203625748,
                    "correl": {
                        "fr": 0.000375942291971028,
                        "Qe": 0.8856628117858957,
                        "A": -0.6389963497753685,
                        "theta": 0.05141119046354924,
                        "phi_v": 0.5881151010869592,
                        "phi_0": -0.5881321780908307,
                        "alpha": 0.005015756088584213
                    },
                    "value": 2711.2473557468475
                },
                "Qe": {
                    "name": "Qe",
                    "user_data": null,
                    "init_value": 2653.4311360969887,
                    "min": 0,
                    "max": Infinity,
                    "brute_step": null,
                    "stderr": 12.839173049091066,
                    "correl": {
                        "fr": 0.05221512443522449,
                        "Ql": 0.8856628117858957,
                        "A": -0.5856840979646613,
                        "theta": -0.00042502962558515193,
                        "phi_v": 0.7137164249706577,
                        "phi_0": -0.7137561963525652,
                        "alpha": -0.05587583967923193
                    },
                    "value": 3135.7927650607494
                },
                "A": {
                    "name": "A",
                    "user_data": null,
                    "init_value": 0.004579395233830031,
                    "min": 0,
                    "max": Infinity,
                    "brute_step": null,
                    "stderr": 6.800930423574863e-06,
                    "correl": {
                        "fr": 0.1336583571942814,
                        "Ql": -0.6389963497753685,
                        "Qe": -0.5856840979646613,
                        "theta": -0.19857287910707547,
                        "phi_v": -0.3944161898474686,
                        "phi_0": 0.3943807996291949,
                        "alpha": -0.17215431461735195
                    },
                    "value": 0.0056413937741626174
                },
                "theta": {
                    "name": "theta",
                    "user_data": null,
                    "init_value": 0,
                    "min": -1.5707963267948966,
                    "max": 1.5707963267948966,
                    "brute_step": null,
                    "stderr": 0.004094505073566385,
                    "correl": {
                        "fr": -0.8856809391897008,
                        "Ql": 0.05141119046354924,
                        "Qe": -0.00042502962558515193,
                        "A": -0.19857287910707547,
                        "phi_v": 0.05845349344889215,
                        "phi_0": -0.05814382175981846,
                        "alpha": 0.7139949030913891
                    },
                    "value": 0.17197299242533415
                },
                "phi_v": {
                    "name": "phi_v",
                    "user_data": null,
                    "init_value": -1.5689814061169044e-07,
                    "min": -Infinity,
                    "max": Infinity,
                    "brute_step": null,
                    "stderr": 3.9757419908073557e-10,
                    "correl": {
                        "fr": 0.0029520934578270634,
                        "Ql": 0.5881151010869592,
                        "Qe": 0.7137164249706577,
                        "A": -0.3944161898474686,
                        "theta": 0.05845349344889215,
                        "phi_0": -0.9999998737576443,
                        "alpha": 0.00423578600822426
                    },
                    "value": -7.404492733281779e-08
                },
                "phi_0": {
                    "name": "phi_0",
                    "user_data": null,
                    "init_value": 939.5119013729075,
                    "min": -Infinity,
                    "max": Infinity,
                    "brute_step": null,
                    "stderr": 2.3888400770023837,
                    "correl": {
                        "fr": -0.003281790679192856,
                        "Ql": -0.5881321780908307,
                        "Qe": -0.7137561963525652,
                        "A": 0.3943807996291949,
                        "theta": -0.05814382175981846,
                        "phi_v": -0.9999998737576443,
                        "alpha": -0.004024050150312785
                    },
                    "value": 442.29789893440045
                },
                "alpha": {
                    "name": "alpha",
                    "user_data": null,
                    "init_value": 0,
                    "min": -1,
                    "max": 1,
                    "brute_step": null,
                    "stderr": 3.076628700617113,
                    "correl": {
                        "fr": -0.5881367201384154,
                        "Ql": 0.005015756088584213,
                        "Qe": -0.05587583967923193,
                        "A": -0.17215431461735195,
                        "theta": 0.7139949030913891,
                        "phi_v": 0.00423578600822426,
                        "phi_0": -0.004024050150312785
                    },
                    "value": 0.9999703802727571
                },
                "Qi": {
                    "name": "Qi",
                    "user_data": null,
                    "init_value": -133998.27237289867,
                    "min": -Infinity,
                    "max": Infinity,
                    "brute_step": null,
                    "stderr": 295.67123897185274,
                    "correl": null,
                    "value": 18301.82641384313
                },
                "Qc": {
                    "name": "Qc",
                    "user_data": null,
                    "init_value": 2653.4311360969887,