{
    "fit_success": true,
    "Qi": {
        "__dtype__": "UFloat",
        "nominal_value": 14339.144647378651,
        "std_dev": 933.2583004094741
    },
    "Qe": {
        "__dtype__": "UFloat",
        "nominal_value": 7534.970472032752,
        "std_dev": 178.34808339475092
    },
    "Ql": {
        "__dtype__": "UFloat",
        "nominal_value": 5907.044296700238,
        "std_dev": 191.42394014304568
    },
    "Qc": {
        "__dtype__": "UFloat",
        "nominal_value": 10045.17962147391,
        "std_dev": 316.9549898312585
    },
    "fr": {
        "__dtype__": "UFloat",
        "nominal_value": 5719771208.343013,
        "std_dev": 15689.19584485269
    },
    "fit_msg": "Summary\n$Q_I$: 14.34$\\pm$0.93 k\n$Q_C$: 10.05$\\pm$0.32 k\n$f_{res}$: 5.719771$\\pm$1.6e-05 GHz",
    "fit_result": {
        "hanger_func_complex_SI": {
            "success": true,
            "message": "Fit succeeded.",
            "params": {
                "fr": {
                    "name": "fr",
                    "user_data": null,
                    "init_value": 5720100502.512563,
                    "min": 5700000000.0,
                    "max": 5740000000.0,
                    "brute_step": null,
                    "stderr": 15689.19584485269,
                    "correl": {
                        "Ql": 9.203955650581324e-05,
                        "Qe": 0.01437064171409776,
                        "A": 0.1308733166924542,
                        "theta": -0.7363577979455296,
                        "phi_v": -0.1373045826836637,
                        "phi_0": 0.13699713533810645,
                        "alpha": -0.16231082230921462
                    },
                    "value": 5719771208.343013
                },
                "Ql": {
                    "name": "Ql",
                    "user_data": null,
                    "init_value": 644.3051164381753,
                    "min": 14.300251256281408,
                    "max": 28457.50000001764,
                    "brute_step": null,
                    "stderr": 191.42394014304568,
                    "correl": {
                        "fr": 9.203955650581324e-05,
                        "Qe": 0.7363635253099533,
                        "A": -0.1517948198216745,
                        "theta": 0.014183522704056805,
                        "phi_v": 0.1617592233288643,
                        "phi_0": -0.16202491573141944,
                        "alpha": -0.13668494186912622
                    },
                    "value": 5907.044296700238
                },
                "Qe": {
                    "name": "Qe",
                    "user_data": null,
                    "init_value": 631.5465992809837,
                    "min": 0,
                    "max": Infinity,
                    "brute_step": null,
                    "stderr": 178.34808339475092,
                    "correl": {
                        "fr": 0.01437064171409776,
                        "Ql": 0.7363635253099533,
                        "A": -0.10774456166414623,
                        "theta": -8.685487297536427e-05,
                        "phi_v": 0.21941804328553485,
                        "phi_0": -0.21978803207673417,
                        "alpha": -0.19426759327892446
                    },
                    "value": 7534.970472032752
                },
                "A": {
                    "name": "A",
                    "user_data": null,
                    "init_value": 0.004501136736533669,
                    "min": 0,
                    "max": Infinity,
                    "brute_step": null,
                    "stderr": 1.1165097538626577e-05,
                    "correl": {
                        "fr": 0.1308733166924542,
                        "Ql": -0.1517948198216745,
                        "Qe": -0.10774456166414623,
                        "theta": -0.1823319730478205,
                        "phi_v": -0.053406445851031735,
                        "phi_0": 0.05341059416801628,
                        "alpha": 0.000628251776991944
                    },
                    "value": 0.004566406467550577
                },
                "theta": {
                    "name": "theta",
                    "user_data": null,
                    "init_value": 0,
                    "min": -1.5707963267948966,
                    "max": 1.5707963267948966,
                    "brute_step": null,
                    "stderr": 0.0236688265473394,
                    "correl": {
                        "fr": -0.7363577979455296,
                        "Ql": 0.014183522704056805,
                        "Qe": -8.685487297536427e-05,
                        "A": -0.1823319730478205,
                        "phi_v": 0.19513915564767076,
                        "phi_0": -0.19491999344062208,
                        "alpha": 0.2202004215573855
                    },
                    "value": 0.722570820095398
                },
                "phi_v": {
                    "name": "phi_v",
                    "user_data": null,
                    "init_value": -7.969595191205903e-08,
                    "min": -Infinity,
                    "max": Infinity,
                    "brute_step": null,
                    "stderr": 2.1206697331414143e-10,
                    "correl": {
                        "fr": -0.1373045826836637,
                        "Ql": 0.1617592233288643,
                        "Qe": 0.21941804328553485,
                        "A": -0.053406445851031735,
                        "theta": 0.19513915564767076,
                        "phi_0": -0.9999979670979002,
                        "alpha": 0.004189459662867038
                    },
                    "value": -7.355492471337241e-08
                },
                "phi_0": {
                    "name": "phi_0",
                    "user_data": null,
                    "init_value": 453.4471597828939,
                    "min": -Infinity,
                    "max": Infinity,
                    "brute_step": null,
                    "stderr": 1.212975954581496,
                    "correl": {
                        "fr": 0.13699713533810645,
                        "Ql": -0.16202491573141944,
                        "Qe": -0.21978803207673417,
                        "A": 0.05341059416801628,
                        "theta": -0.19491999344062208,
                        "phi_v": -0.9999979670979002,
                        "alpha": -0.004069938239620483
                    },
                    "value": 418.3391083576933
                },
                "alpha": {
                    "name": "alpha",
                    "user_data": null,
                    "init_value": 0,
                    "min": -1,
                    "max": 1,
                    "brute_step": null,
                    "stderr": 1.2129698545027008,
                    "correl": {
                        "fr": -0.16231082230921462,
                        "Ql": -0.13668494186912622,
                        "Qe": -0.19426759327892446,
                        "A": 0.000628251776991944,
                        "theta": 0.2202004215573855,
                        "phi_v": 0.004189459662867038,
                        "phi_0": -0.004069938239620483
                    },
                    "value": 0.15058004431067906
                },
                "Qi": {
                    "name": "Qi",
                    "user_data": null,
                    "init_value": -31893.10326368966,
                    "min": -Infinity,
                    "max": Infinity,
                    "brute_step": null,
                    "stderr": 933.2583004094741,
                    "correl": null,
                    "value": 14339.144647378651
                },
                "Qc": {
                    "name": "Qc",
                    "user_data": null,
                    "init_value": 631.5465992809837,