{
    "fit_success": true,
    "Qi": {
        "__dtype__": "UFloat",
        "nominal_value": 12216.04388461908,
        "std_dev": 778.6236661504919
    },
    "Qe": {
        "__dtype__": "UFloat",
        "nominal_value": 10246.83936862278,
        "std_dev": 338.8402402537616
    },
    "Ql": {
        "__dtype__": "UFloat",
        "nominal_value": 5631.227705630753,
        "std_dev": 234.95392765120803
    },
    "Qc": {
        "__dtype__": "UFloat",
        "nominal_value": 10446.962057312434,
        "std_dev": 352.2031820849784
    },
    "fr": {
        "__dtype__": "UFloat",
        "nominal_value": 5258824202.471953,
        "std_dev": 19483.88948887574
    },
    "fit_msg": "Summary\n$Q_I$: 12.22$\\pm$0.78 k\n$Q_C$: 10.45$\\pm$0.35 k\n$f_{res}$: 5.258824$\\pm$1.9e-05 GHz",
    "fit_result": {
        "hanger_func_complex_SI": {
            "success": true,
            "message": "Fit succeeded.",
            "params": {
                "fr": {
                    "name": "fr",
                    "user_data": null,
                    "init_value": 5258929648.241206,
                    "min": 5253000000.0,
                    "max": 5263000000.0,
                    "brute_step": null,
                    "stderr": 19483.88948887574,
                    "correl": {
                        "Ql": 6.956322411181721e-05,
                        "Qe": 0.002584743702532348,
                        "A": 0.020729199232517176,
                        "theta": -0.811592767548266,
                        "phi_v": -0.1864049407532885,
                        "phi_0": 0.18618279057553166,
                        "alpha": 0.3627494062355983
                    },
                    "value": 5258824202.471953
                },
                "Ql": {
                    "name": "Ql",
                    "user_data": null,
                    "init_value": 2369.437584446608,
                    "min": 52.58929648241207,
                    "max": 104652.70000105794,
                    "brute_step": null,
                    "stderr": 234.95392765120803,
                    "correl": {
                        "fr": 6.956322411181721e-05,
                        "Qe": 0.8115510473140835,
                        "A": -0.4452247579977094,
                        "theta": 0.0024641506535257782,
                        "phi_v": 0.3610796129945997,
                        "phi_0": -0.3611619747689682,
                        "alpha": 0.1832704473307559
                    },
                    "value": 5631.227705630753
                },
                "Qe": {
                    "name": "Qe",
                    "user_data": null,
                    "init_value": 2322.5180283189525,
                    "min": 0,
                    "max": Infinity,
                    "brute_step": null,
                    "stderr": 338.8402402537616,
                    "correl": {
                        "fr": 0.002584743702532348,
                        "Ql": 0.8115510473140835,
                        "A": -0.4711580570037647,
                        "theta": -4.9143210271412146e-05,
                        "phi_v": 0.47554438495122414,
                        "phi_0": -0.47564929234044684,
                        "alpha": 0.21638855526012493
                    },
                    "value": 10246.83936862278
                },
                "A": {
                    "name": "A",
                    "user_data": null,
                    "init_value": 0.000574261586683725,
                    "min": 0,
                    "max": Infinity,
                    "brute_step": null,
                    "stderr": 2.78781418910166e-06,
                    "correl": {
                        "fr": 0.020729199232517176,
                        "Ql": -0.4452247579977094,
                        "Qe": -0.4711580570037647,
                        "theta": -0.021772849801727976,
                        "phi_v": -0.232979028597576,
                        "phi_0": 0.2330242728759377,
                        "alpha": -0.33041474208199145
                    },
                    "value": 0.0006109312244544363
                },
                "theta": {
                    "name": "theta",
                    "user_data": null,
                    "init_value": 0,
                    "min": -1.5707963267948966,
                    "max": 1.5707963267948966,
                    "brute_step": null,
                    "stderr": 0.03307218726281771,
                    "correl": {
                        "fr": -0.811592767548266,
                        "Ql": 0.0024641506535257782,
                        "Qe": -4.9143210271412146e-05,
                        "A": -0.021772849801727976,
                        "phi_v": 0.22047099842081977,
                        "phi_0": -0.22024114775792653,
                        "alpha": -0.4775138137324998
                    },
                    "value": 0.1960486619346069
                },
                "phi_v": {
                    "name": "phi_v",
                    "user_data": null,
                    "init_value": -2.4179019808951865e-07,
                    "min": -Infinity,
                    "max": Infinity,
                    "brute_step": null,
                    "stderr": 1.4796532839531047e-09,
                    "correl": {
                        "fr": -0.1864049407532885,
                        "Ql": 0.3610796129945997,
                        "Qe": 0.47554438495122414,
                        "A": -0.232979028597576,
                        "theta": 0.22047099842081977,
                        "phi_0": -0.9999998478677828,
                        "alpha": -0.008316735800971505
                    },
                    "value": -1.5566063921618178e-07
                },
                "phi_0": {
                    "name": "phi_0",
                    "user_data": null,
                    "init_value": 1272.6255231082096,
                    "min": -Infinity,
                    "max": Infinity,
                    "brute_step": null,
                    "stderr": 7.779724003017215,
                    "correl": {
                        "fr": 0.18618279057553166,
                        "Ql": -0.3611619747689682,
                        "Qe": -0.47564929234044684,
                        "A": 0.2330242728759377,
                        "theta": -0.22024114775792653,
                        "phi_v": -0.9999998478677828,
                        "alpha": 0.008186975864016155
                    },
                    "value": 820.157618565786
                },
                "alpha": {
                    "name": "alpha",
                    "user_data": null,
                    "init_value": 0,
                    "min": -1,
                    "max": 1,
                    "brute_step": null,
                    "stderr": 8.315636362052047,
                    "correl": {
                        "fr": 0.3627494062355983,
                        "Ql": 0.1832704473307559,
                        "Qe": 0.21638855526012493,
                        "A": -0.33041474208199145,
                        "theta": -0.4775138137324998,
                        "phi_v": -0.008316735800971505,
                        "phi_0": 0.008186975864016155
                    },
                    "value": -0.9996376716154617
                },
                "Qi": {
                    "name": "Qi",
                    "user_data": null,
                    "init_value": -117287.16043010702,
                    "min": -Infinity,
                    "max": Infinity,
                    "brute_step": null,
                    "stderr": 778.6236661504919,
                    "correl": null,
                    "value": 12216.04388461908
                },
                "Qc": {
                    "name": "Qc",
                    "user_data": null,
                    "init_value": 2322.5180283189525,