{
    "a": {
        "__dtype__": "UFloat",
        "nominal_value": -25788744535.41828,
        "std_dev": 11533077201.027802
    },
    "b": {
        "__dtype__": "UFloat",
        "nominal_value": 2149791867.7321777,
        "std_dev": 2441774711.1526217
    },
    "c": {
        "__dtype__": "UFloat",
        "nominal_value": 4447782877.808308,
        "std_dev": 127245532.72923134
    },
    "fit_success": true,
    "offset_0": {
        "__dtype__": "UFloat",
        "nominal_value": 0.04168081669853396,
        "std_dev": 0.05087937324950314
    },
    "freq_0": {
        "__dtype__": "UFloat",
        "nominal_value": 4492585418.19778,
        "std_dev": 164167789.67168486
    },
    "fit_msg": "Summary:\noffset_0: 42$\\pm$51 mV\nfreq_0: 4.49$\\pm$0.16 GHz\n",
    "fit_result": {
        "poly2": {
            "success": true,
            "message": "Fit succeeded.",
            "params": {
                "a": {
                    "name": "a",
                    "user_data": null,
                    "init_value": -25788744680.11595,
                    "min": -Infinity,
                    "max": Infinity,
                    "brute_step": null,
                    "stderr": 11533077201.027802,
                    "correl": {
                        "b": 0.9985073937433117,
                        "c": 0.9937292373560295
                    },
                    "value": -25788744535.41828
                },
                "b": {
                    "name": "b",
                    "user_data": null,
                    "init_value": 2149791837.051071,
                    "min": -Infinity,
                    "max": Infinity,
                    "brute_step": null,
                    "stderr": 2441774711.1526217,
                    "correl": {
                        "a": 0.9985073937433117,
                        "c": 0.9982965533066641
                    },
                    "value": 2149791867.7321777
                },
                "c": {
                    "name": "c",
                    "user_data": null,
                    "init_value": 4447782876.212178,
                    "min": -Infinity,
                    "max": Infinity,
                    "brute_step": null,
                    "stderr": 127245532.72923134,
                    "correl": {
                        "a": 0.9937292373560295,
                        "b": 0.9982965533066641
                    },
                    "value": 4447782877.808308
                }
            }
        }
    }
}