{
    "amplitude": {
        "__dtype__": "UFloat",
        "nominal_value": 804535.8865604087,
        "std_dev": 48337.35871193302
    },
    "frequency": {
        "__dtype__": "UFloat",
        "nominal_value": 11.124272134702005,
        "std_dev": 0.3115785655074144
    },
    "shift": {
        "__dtype__": "UFloat",
        "nominal_value": 0.5768521555157333,
        "std_dev": 0.05861083440237672
    },
    "offset": {
        "__dtype__": "UFloat",
        "nominal_value": 5719435897.435898,
        "std_dev": 106854.69948738454
    },
    "offset_0": {
        "__dtype__": "UFloat",
        "nominal_value": 0.08934914206014152,
        "std_dev": 0.0058328742029597775
    },
    "freq_0": 5720240433.322458,
    "fit_success": true,
    "fit_msg": "Summary:\nf_0: 5.7202 GHz\noffset_0: 89.3$\\pm$5.8 mV\n",
    "fit_result": {
        "sin": {
            "success": true,
            "message": "Fit succeeded.",
            "params": {
                "amplitude": {
                    "name": "amplitude",
                    "user_data": null,
                    "init_value": 777398.9113327917,
                    "min": 0,
                    "max": Infinity,
                    "brute_step": null,
                    "stderr": 48337.35871193302,
                    "correl": {
                        "frequency": 0.08478867908902907,
                        "shift": -0.0902679211710779
                    },
                    "value": 804535.8865604087
                },
                "frequency": {
                    "name": "frequency",
                    "user_data": null,
                    "init_value": 10.122909661567112,
                    "min": 0,
                    "max": Infinity,
                    "brute_step": null,
                    "stderr": 0.3115785655074144,
                    "correl": {
                        "amplitude": 0.08478867908902907,
                        "shift": -0.16209255478763884
                    },
                    "value": 11.124272134702005
                },
                "shift": {
                    "name": "shift",
                    "user_data": null,
                    "init_value": 0.5711986642890533,
                    "min": -6.283195307179586,
                    "max": 6.283195307179586,
                    "brute_step": null,
                    "stderr": 0.05861083440237672,
                    "correl": {
                        "amplitude": -0.0902679211710779,
                        "frequency": -0.16209255478763884
                    },
                    "value": 0.5768521555157333
                },
                "offset": {
                    "name": "offset",
                    "user_data": null,
                    "init_value": 5719435897.435898,
                    "min": -Infinity,
                    "max": Infinity,
                    "brute_step": null,
                    "stderr": 106854.69948738454,
                    "correl": null,
                    "value": 5719435897.435898
                }
            }
        }
    }
}