{
    "amplitude": {
        "__dtype__": "UFloat",
        "nominal_value": 884974.4648327343,
        "std_dev": 9302.678897237724
    },
    "frequency": {
        "__dtype__": "UFloat",
        "nominal_value": 10.321205634073364,
        "std_dev": 0.05905878014383118
    },
    "shift": {
        "__dtype__": "UFloat",
        "nominal_value": 0.6618357401084296,
        "std_dev": 0.010785476411702648
    },
    "offset": {
        "__dtype__": "UFloat",
        "nominal_value": 5719535785.9531765,
        "std_dev": 114148.55030782949
    },
    "offset_0": {
        "__dtype__": "UFloat",
        "nominal_value": 0.08806728776778928,
        "std_dev": 0.0011601428700281622
    },
    "freq_0": 5720420760.418009,
    "fit_success": true,
    "fit_msg": "Summary:\nf_0: 5.7204 GHz\noffset_0: 88.1$\\pm$1.2 mV\n",
    "fit_result": {
        "sin": {
            "success": true,
            "message": "Fit succeeded.",
            "params": {
                "amplitude": {
                    "name": "amplitude",
                    "user_data": null,
                    "init_value": 882353.7312945691,
                    "min": 0,
                    "max": Infinity,
                    "brute_step": null,
                    "stderr": 9302.678897237724,
                    "correl": {
                        "frequency": 0.07050462315374197,
                        "shift": -0.0358658600446776
                    },
                    "value": 884974.4648327343
                },
                "frequency": {
                    "name": "frequency",
                    "user_data": null,
                    "init_value": 10.122909661567112,
                    "min": 0,
                    "max": Infinity,
                    "brute_step": null,
                    "stderr": 0.05905878014383118,
                    "correl": {
                        "amplitude": 0.07050462315374197,
                        "shift": -0.2524149776485391
                    },
                    "value": 10.321205634073364
                },
                "shift": {
                    "name": "shift",
                    "user_data": null,
                    "init_value": 0.5711986642890533,
                    "min": -6.283195307179586,
                    "max": 6.283195307179586,
                    "brute_step": null,
                    "stderr": 0.010785476411702648,
                    "correl": {
                        "amplitude": -0.0358658600446776,
                        "frequency": -0.2524149776485391
                    },
                    "value": 0.6618357401084296
                },
                "offset": {
                    "name": "offset",
                    "user_data": null,
                    "init_value": 5719535785.9531765,
                    "min": -Infinity,
                    "max": Infinity,
                    "brute_step": null,
                    "stderr": 114148.55030782949,
                    "correl": null,
                    "value": 5719535785.9531765
                }
            }
        }
    }
}