{
    "fit_success": true,
    "Qi": {
        "__dtype__": "UFloat",
        "nominal_value": 478.86658967027864,
        "std_dev": 1052.6138625417632
    },
    "Qe": {
        "__dtype__": "UFloat",
        "nominal_value": 6064.9793372130525,
        "std_dev": 32262.72926549746
    },
    "Ql": {
        "__dtype__": "UFloat",
        "nominal_value": 457.17627252501575,
        "std_dev": 1121.8514872862079
    },
    "Qc": {
        "__dtype__": "UFloat",
        "nominal_value": 10093.279920069674,
        "std_dev": 89394.90085778371
    },
    "fr": {
        "__dtype__": "UFloat",
        "nominal_value": 6095014950.794807,
        "std_dev": 19991535.056529436
    },
    "fit_msg": "Summary\n$Q_I$: 4.8e+02$\\pm$1.1e+03 \n$Q_C$: 10$\\pm$89 k\n$f_{res}$: 6.095$\\pm$0.020 GHz",
    "fit_result": {
        "hanger_func_complex_SI": {
            "success": true,
            "message": "Fit succeeded.",
            "params": {
                "fr": {
                    "name": "fr",
                    "user_data": null,
                    "init_value": 6105000000.0,
                    "min": 6095000000.0,
                    "max": 6105000000.0,
                    "brute_step": null,
                    "stderr": 19991535.056529436,
                    "correl": {
                        "Ql": -0.001822821844612812,
                        "Qe": 0.46954987149096805,
                        "A": 0.06519129782459257,
                        "theta": -0.8770116260424103,
                        "phi_v": 0.5806150788462119,
                        "phi_0": -0.5823451569163551,
                        "alpha": 0.706995818156584
                    },
                    "value": 6095014950.794807
                },
                "Ql": {
                    "name": "Ql",
                    "user_data": null,
                    "init_value": 2750.6388981423906,
                    "min": 61.050000000000004,
                    "max": 121489.50000122814,
                    "brute_step": null,
                    "stderr": 1121.8514872862079,
                    "correl": {
                        "fr": -0.001822821844612812,
                        "Qe": 0.8763777711837486,
                        "A": -0.9820348446535979,
                        "theta": 0.4715947928036159,
                        "phi_v": 0.7574267944977263,
                        "phi_0": -0.7561755346053353,
                        "alpha": -0.6436450141035407
                    },
                    "value": 457.17627252501575
                },
                "Qe": {
                    "name": "Qe",
                    "user_data": null,
                    "init_value": 2696.170801149472,
                    "min": 0,
                    "max": Infinity,
                    "brute_step": null,
                    "stderr": 32262.72926549746,
                    "correl": {
                        "fr": 0.46954987149096805,
                        "Ql": 0.8763777711837486,
                        "A": -0.8435677817957202,
                        "theta": 0.0005053827241224816,
                        "phi_v": 0.9658592044913384,
                        "phi_0": -0.965555636255883,
                        "alpha": -0.23711973838848766
                    },
                    "value": 6064.9793372130525
                },
                "A": {
                    "name": "A",
                    "user_data": null,
                    "init_value": 0.007369278411362672,
                    "min": 0,
                    "max": Infinity,
                    "brute_step": null,
                    "stderr": 0.002016742700418017,
                    "correl": {
                        "fr": 0.06519129782459257,
                        "Ql": -0.9820348446535979,
                        "Qe": -0.8435677817957202,
                        "theta": -0.5306167879957883,
                        "phi_v": -0.7388589767394921,
                        "phi_0": 0.7374574864090188,
                        "alpha": 0.7192611995468672
                    },
                    "value": 0.007781024568567441
                },
                "theta": {
                    "name": "theta",
                    "user_data": null,
                    "init_value": 0,
                    "min": -1.5707963267948966,
                    "max": 1.5707963267948966,
                    "brute_step": null,
                    "stderr": 5.32143425604534,
                    "correl": {
                        "fr": -0.8770116260424103,
                        "Ql": 0.4715947928036159,
                        "Qe": 0.0005053827241224816,
                        "A": -0.5306167879957883,
                        "phi_v": -0.1559695724151065,
                        "phi_0": 0.15810355476873145,
                        "alpha": -0.9493953900065707
                    },
                    "value": 0.9261787373351109
                },
                "phi_v": {
                    "name": "phi_v",
                    "user_data": null,
                    "init_value": -1.3463309571057642e-06,
                    "min": -Infinity,
                    "max": Infinity,
                    "brute_step": null,
                    "stderr": 1.3996427670737623e-08,
                    "correl": {
                        "fr": 0.5806150788462119,
                        "Ql": 0.7574267944977263,
                        "Qe": 0.9658592044913384,
                        "A": -0.7388589767394921,
                        "theta": -0.1559695724151065,
                        "phi_0": -0.9999976486168054,
                        "alpha": -0.08403047889146542
                    },
                    "value": -1.3516371187405447e-06
                },
                "phi_0": {
                    "name": "phi_0",
                    "user_data": null,
                    "init_value": 8207.294467727568,
                    "min": -Infinity,
                    "max": Infinity,
                    "brute_step": null,
                    "stderr": 85.48915555000168,
                    "correl": {
                        "fr": -0.5823451569163551,
                        "Ql": -0.7561755346053353,
                        "Qe": -0.965555636255883,
                        "A": 0.7374574864090188,
                        "theta": 0.15810355476873145,
                        "phi_v": -0.9999976486168054,
                        "alpha": 0.08190999691846
                    },
                    "value": 8239.795404246852
                },
                "alpha": {
                    "name": "alpha",
                    "user_data": null,
                    "init_value": 0,
                    "min": -1,
                    "max": 1,
                    "brute_step": null,
                    "stderr": 86.43165917678441,
                    "correl": {
                        "fr": 0.706995818156584,
                        "Ql": -0.6436450141035407,
                        "Qe": -0.23711973838848766,
                        "A": 0.7192611995468672,
                        "theta": -0.9493953900065707,
                        "phi_v": -0.08403047889146542,
                        "phi_0": 0.08190999691846
                    },
                    "value": -0.9910915216069404
                },
                "Qi": {
                    "name": "Qi",
                    "user_data": null,
                    "init_value": -136156.625458048,
                    "min": -Infinity,
                    "max": Infinity,
                    "brute_step": null,
                    "stderr": 1052.6138625417632,
                    "correl": null,
                    "value": 478.86658967027864
                },
                "Qc": {
                    "name": "Qc",
                    "user_data": null,
                    "init_value": 2696.170801149472,
                    "min": -Infinity,