{
    "T2*": {
        "__dtype__": "UFloat",
        "nominal_value": 4.682704161540485e-06,
        "std_dev": 1.8502784521090978e-07
    },
    "fitted_detuning": {
        "__dtype__": "UFloat",
        "nominal_value": 2563537.0584577634,
        "std_dev": 1335.6626922185649
    },
    "detuning": {
        "__dtype__": "UFloat",
        "nominal_value": 2263537.0584577634,
        "std_dev": 1335.6626922185649
    },
    "fit_success": true,
    "fit_msg": "Summary\n$T_2^*$: 4.68$\\pm$0.19 \u03bcs\n\nartificial detuning: 300 kHz\nfitted detuning: 2.5635$\\pm$0.0013 MHz\nactual detuning: 2.2635$\\pm$0.0013 MHz\n",
    "fit_result": {
        "Ramsey_decay": {
            "success": true,
            "message": "Fit succeeded.",
            "params": {
                "tau": {
                    "name": "tau",
                    "user_data": null,
                    "init_value": 5.333333333333333e-06,
                    "min": 0,
                    "max": Infinity,
                    "brute_step": null,
                    "stderr": 1.8502784521090978e-07,
                    "correl": {
                        "frequency": 0.013704245463736168,
                        "phase": -0.02124506695308418,
                        "amplitude": -0.7601911712523943,
                        "offset": -0.0018105660518032676
                    },
                    "value": 4.682704161540485e-06
                },
                "n_factor": {
                    "name": "n_factor",
                    "user_data": null,
                    "init_value": 1,
                    "min": -Infinity,
                    "max": Infinity,
                    "brute_step": null,
                    "stderr": 0.0,
                    "correl": null,
                    "value": 1
                },
                "frequency": {
                    "name": "frequency",
                    "user_data": null,
                    "init_value": 2625000.0,
                    "min": 0,
                    "max": Infinity,
                    "brute_step": null,
                    "stderr": 1335.6626922185649,
                    "correl": {
                        "tau": 0.013704245463736168,
                        "phase": -0.7558489004243213,
                        "amplitude": -0.020894873913430784,
                        "offset": -0.01155901248136058
                    },
                    "value": 2563537.0584577634
                },
                "phase": {
                    "name": "phase",
                    "user_data": null,
                    "init_value": -0.3141592653589793,
                    "min": -Infinity,
                    "max": Infinity,
                    "brute_step": null,
                    "stderr": 0.023053128106608728,
                    "correl": {
                        "tau": -0.02124506695308418,
                        "frequency": -0.7558489004243213,
                        "amplitude": 0.0295263355898378,
                        "offset": 0.02452604855253904
                    },
                    "value": -0.0804598641472876
                },
                "amplitude": {
                    "name": "amplitude",
                    "user_data": null,
                    "init_value": 0.00031195553940621917,
                    "min": 0,
                    "max": Infinity,
                    "brute_step": null,
                    "stderr": 7.757406905987483e-06,
                    "correl": {
                        "tau": -0.7601911712523943,
                        "frequency": -0.020894873913430784,
                        "phase": 0.0295263355898378,
                        "offset": 0.005487163426746153
                    },
                    "value": 0.00033186467488888205
                },
                "offset": {
                    "name": "offset",
                    "user_data": null,
                    "init_value": 0.0012570607007569212,
                    "min": -Infinity,
                    "max": Infinity,
                    "brute_step": null,
                    "stderr": 1.8822026227384416e-06,
                    "correl": {
                        "tau": -0.0018105660518032676,
                        "frequency": -0.01155901248136058,
                        "phase": 0.02452604855253904,
                        "amplitude": 0.005487163426746153
                    },
                    "value": 0.0012577837788702042
                }
            }
        }
    }
}