{
    "fit_success": true,
    "Qi": {
        "__dtype__": "UFloat",
        "nominal_value": 15981.516684580183,
        "std_dev": 179.4846546491171
    },
    "Qe": {
        "__dtype__": "UFloat",
        "nominal_value": 8243.655948282374,
        "std_dev": 38.583800064339236
    },
    "Ql": {
        "__dtype__": "UFloat",
        "nominal_value": 6411.340218027364,
        "std_dev": 37.97128606343402
    },
    "Qc": {
        "__dtype__": "UFloat",
        "nominal_value": 10706.483942383507,
        "std_dev": 65.07592848322219
    },
    "fr": {
        "__dtype__": "UFloat",
        "nominal_value": 5719786403.081695,
        "std_dev": 2641.719459191716
    },
    "fit_msg": "Summary\n$Q_I$: 15.98$\\pm$0.18 k\n$Q_C$: 10.706$\\pm$0.065 k\n$f_{res}$: 5.7197864$\\pm$2.6e-06 GHz",
    "fit_result": {
        "hanger_func_complex_SI": {
            "success": true,
            "message": "Fit succeeded.",
            "params": {
                "fr": {
                    "name": "fr",
                    "user_data": null,
                    "init_value": 5720025125.62814,
                    "min": 5715000000.0,
                    "max": 5725000000.0,
                    "brute_step": null,
                    "stderr": 2641.719459191716,
                    "correl": {
                        "Ql": 0.00011893545747630818,
                        "Qe": 0.05331358143246993,
                        "A": 0.22842369045414437,
                        "theta": -0.8001379475912154,
                        "phi_v": -0.22972094331252718,
                        "phi_0": 0.2295545603427723,
                        "alpha": -0.33837970473992984
                    },
                    "value": 5719786403.081695
                },
                "Ql": {
                    "name": "Ql",
                    "user_data": null,
                    "init_value": 2577.186504325074,
                    "min": 57.200251256281405,
                    "max": 113828.50000115068,
                    "brute_step": null,
                    "stderr": 37.97128606343402,
                    "correl": {
                        "fr": 0.00011893545747630818,
                        "Qe": 0.8001619989242146,
                        "A": -0.3166612212524797,
                        "theta": 0.05309073105332738,
                        "phi_v": 0.32220780077108274,
                        "phi_0": -0.3223345570342883,
                        "alpha": -0.20527093609477484
                    },
                    "value": 6411.340218027364
                },
                "Qe": {
                    "name": "Qe",
                    "user_data": null,
                    "init_value": 2526.153108199825,
                    "min": 0,
                    "max": Infinity,
                    "brute_step": null,
                    "stderr": 38.583800064339236,
                    "correl": {
                        "fr": 0.05331358143246993,
                        "Ql": 0.8001619989242146,
                        "A": -0.24557617409774526,
                        "theta": -9.497692918436857e-05,
                        "phi_v": 0.39858794470787146,
                        "phi_0": -0.3987611519362497,
                        "alpha": -0.3045995548657046
                    },
                    "value": 8243.655948282374
                },
                "A": {
                    "name": "A",
                    "user_data": null,
                    "init_value": 0.003511106818097796,
                    "min": 0,
                    "max": Infinity,
                    "brute_step": null,
                    "stderr": 3.0965120616191836e-06,
                    "correl": {
                        "fr": 0.22842369045414437,
                        "Ql": -0.3166612212524797,
                        "Qe": -0.24557617409774526,
                        "theta": -0.31691911515903437,
                        "phi_v": -0.1434921154686956,
                        "phi_0": 0.1435099636255401,
                        "alpha": -0.012797046583117526
                    },
                    "value": 0.003726155267905318
                },
                "theta": {
                    "name": "theta",
                    "user_data": null,
                    "init_value": 0,
                    "min": -1.5707963267948966,
                    "max": 1.5707963267948966,
                    "brute_step": null,
                    "stderr": 0.004679936803078725,
                    "correl": {
                        "fr": -0.8001379475912154,
                        "Ql": 0.05309073105332738,
                        "Qe": -9.497692918436857e-05,
                        "A": -0.31691911515903437,
                        "phi_v": 0.3350657156582719,
                        "phi_0": -0.3349330515221069,
                        "alpha": 0.42235508542732464
                    },
                    "value": 0.6920044603199185
                },
                "phi_v": {
                    "name": "phi_v",
                    "user_data": null,
                    "init_value": -1.3598143497493541e-06,
                    "min": -Infinity,
                    "max": Infinity,
                    "brute_step": null,
                    "stderr": 2.9186018641502263e-10,
                    "correl": {
                        "fr": -0.22972094331252718,
                        "Ql": 0.32220780077108274,
                        "Qe": 0.39858794470787146,
                        "A": -0.1434921154686956,
                        "theta": 0.3350657156582719,
                        "phi_0": -0.9999998726685448,
                        "alpha": 0.07445465860194637
                    },
                    "value": -1.304662818347791e-06
                },
                "phi_0": {
                    "name": "phi_0",
                    "user_data": null,
                    "init_value": 7769.9703320041635,
                    "min": -Infinity,
                    "max": Infinity,
                    "brute_step": null,
                    "stderr": 1.6693839386891869,
                    "correl": {
                        "fr": 0.2295545603427723,
                        "Ql": -0.3223345570342883,
                        "Qe": -0.3987611519362497,
                        "A": 0.1435099636255401,
                        "theta": -0.3349330515221069,
                        "phi_v": -0.9999998726685448,
                        "alpha": -0.07434587926099533
                    },
                    "value": 7454.844047038088
                },
                "alpha": {
                    "name": "alpha",
                    "user_data": null,
                    "init_value": 0,
                    "min": -1,
                    "max": 1,
                    "brute_step": null,
                    "stderr": 1.6678325288485205,
                    "correl": {
                        "fr": -0.33837970473992984,
                        "Ql": -0.20527093609477484,
                        "Qe": -0.3045995548657046,
                        "A": -0.012797046583117526,
                        "theta": 0.42235508542732464,
                        "phi_v": 0.07445465860194637,
                        "phi_0": -0.07434587926099533
                    },
                    "value": 0.9627078584352813
                },
                "Qi": {
                    "name": "Qi",
                    "user_data": null,
                    "init_value": -127570.73196409066,
                    "min": -Infinity,
                    "max": Infinity,
                    "brute_step": null,
                    "stderr": 179.4846546491171,
                    "correl": null,
                    "value": 15981.516684580183
                },
                "Qc": {
                    "name": "Qc",
                    "user_data": null,
                    "init_value": 2526.153108199825,