{
    "fit_success": true,
    "Qi": {
        "__dtype__": "UFloat",
        "nominal_value": 203.11813531154328,
        "std_dev": 6805.42531699767
    },
    "Qe": {
        "__dtype__": "UFloat",
        "nominal_value": 7779.677573554534,
        "std_dev": 745638.5340617431
    },
    "Ql": {
        "__dtype__": "UFloat",
        "nominal_value": 197.99070756478375,
        "std_dev": 6920.356766129152
    },
    "Qc": {
        "__dtype__": "UFloat",
        "nominal_value": 7843.212096940381,
        "std_dev": 756749.5081366106
    },
    "fr": {
        "__dtype__": "UFloat",
        "nominal_value": 6096635261.343915,
        "std_dev": 547855796.929736
    },
    "fit_msg": "Summary\n$Q_I$: 2.0e+02$\\pm$6.8e+03 \n$Q_C$: 7.8$\\pm$7.6e+02 k\n$f_{res}$: 6.10$\\pm$0.55 GHz",
    "fit_result": {
        "hanger_func_complex_SI": {
            "success": true,
            "message": "Fit succeeded.",
            "params": {
                "fr": {
                    "name": "fr",
                    "user_data": null,
                    "init_value": 6105000000.0,
                    "min": 6095000000.0,
                    "max": 6105000000.0,
                    "brute_step": null,
                    "stderr": 547855796.929736,
                    "correl": {
                        "Ql": -0.026354286820259674,
                        "Qe": 0.17104972024662599,
                        "A": -0.47609793573662923,
                        "theta": -0.9816815121439689,
                        "phi_v": 0.6536413871995237,
                        "phi_0": -0.6573924198998875,
                        "alpha": 0.6821877019172814
                    },
                    "value": 6096635261.343915
                },
                "Ql": {
                    "name": "Ql",
                    "user_data": null,
                    "init_value": 2750.6388981423906,
                    "min": 61.050000000000004,
                    "max": 121489.50000122814,
                    "brute_step": null,
                    "stderr": 6920.356766129152,
                    "correl": {
                        "fr": -0.026354286820259674,
                        "Qe": 0.9789988141520218,
                        "A": -0.8628626504373652,
                        "theta": 0.20900272520785565,
                        "phi_v": 0.7224764576448529,
                        "phi_0": -0.7190663830064631,
                        "alpha": -0.731712110927545
                    },
                    "value": 197.99070756478375
                },
                "Qe": {
                    "name": "Qe",
                    "user_data": null,
                    "init_value": 2696.170801149472,
                    "min": 0,
                    "max": Infinity,
                    "brute_step": null,
                    "stderr": 745638.5340617431,
                    "correl": {
                        "fr": 0.17104972024662599,
                        "Ql": 0.9789988141520218,
                        "A": -0.9471730435026279,
                        "theta": 0.012321080507671183,
                        "phi_v": 0.84686126825123,
                        "phi_0": -0.8442295131923909,
                        "alpha": -0.5906189895456252
                    },
                    "value": 7779.677573554534
                },
                "A": {
                    "name": "A",
                    "user_data": null,
                    "init_value": 0.006922068448561076,
                    "min": 0,
                    "max": Infinity,
                    "brute_step": null,
                    "stderr": 0.011756011852392027,
                    "correl": {
                        "fr": -0.47609793573662923,
                        "Ql": -0.8628626504373652,
                        "Qe": -0.9471730435026279,
                        "theta": 0.3077019916238375,
                        "phi_v": -0.9709181987697385,
                        "phi_0": 0.9697858976426421,
                        "alpha": 0.3059901858938891
                    },
                    "value": 0.007082223227422579
                },
                "theta": {
                    "name": "theta",
                    "user_data": null,
                    "init_value": 0,
                    "min": -1.5707963267948966,
                    "max": 1.5707963267948966,
                    "brute_step": null,
                    "stderr": 96.36090284465767,
                    "correl": {
                        "fr": -0.9816815121439689,
                        "Ql": 0.20900272520785565,
                        "Qe": 0.012321080507671183,
                        "A": 0.3077019916238375,
                        "phi_v": -0.5103887270553716,
                        "phi_0": 0.5146932340240521,
                        "alpha": -0.8070517073275806
                    },
                    "value": -0.1273698133031469
                },
                "phi_v": {
                    "name": "phi_v",
                    "user_data": null,
                    "init_value": -1.3546193322332656e-06,
                    "min": -Infinity,
                    "max": Infinity,
                    "brute_step": null,
                    "stderr": 5.07748439167128e-08,
                    "correl": {
                        "fr": 0.6536413871995237,
                        "Ql": 0.7224764576448529,
                        "Qe": 0.84686126825123,
                        "A": -0.9709181987697385,
                        "theta": -0.5103887270553716,
                        "phi_0": -0.9999873976768399,
                        "alpha": -0.08451517534259786
                    },
                    "value": -1.3391943188565876e-06
                },
                "phi_0": {
                    "name": "phi_0",
                    "user_data": null,
                    "init_value": 8258.204936145688,
                    "min": -Infinity,
                    "max": Infinity,
                    "brute_step": null,
                    "stderr": 310.0535018295776,
                    "correl": {
                        "fr": -0.6573924198998875,
                        "Ql": -0.7190663830064631,
                        "Qe": -0.8442295131923909,
                        "A": 0.9697858976426421,
                        "theta": 0.5146932340240521,
                        "phi_v": -0.9999873976768399,
                        "alpha": 0.07952915544615619
                    },
                    "value": 8164.265260897952
                },
                "alpha": {
                    "name": "alpha",
                    "user_data": null,
                    "init_value": 0,
                    "min": -1,
                    "max": 1,
                    "brute_step": null,
                    "stderr": 315.550513253412,
                    "correl": {
                        "fr": 0.6821877019172814,
                        "Ql": -0.731712110927545,
                        "Qe": -0.5906189895456252,
                        "A": 0.3059901858938891,
                        "theta": -0.8070517073275806,
                        "phi_v": -0.08451517534259786,
                        "phi_0": 0.07952915544615619
                    },
                    "value": -0.9889622539367683
                },
                "Qi": {
                    "name": "Qi",
                    "user_data": null,
                    "init_value": -136156.625458048,
                    "min": -Infinity,
                    "max": Infinity,
                    "brute_step": null,
                    "stderr": 6805.42531699767,
                    "correl": null,
                    "value": 203.11813531154328
                },
                "Qc": {
                    "name": "Qc",
                    "user_data": null,
                    "init_value": 2696.170801149472,
                    "min": -Infinity,