{
    "fit_success": true,
    "Qi": {
        "__dtype__": "UFloat",
        "nominal_value": 18468.89683501107,
        "std_dev": 288.81197109862694
    },
    "Qe": {
        "__dtype__": "UFloat",
        "nominal_value": 3097.7680682003306,
        "std_dev": 12.141642227417952
    },
    "Ql": {
        "__dtype__": "UFloat",
        "nominal_value": 2686.608497811007,
        "std_dev": 12.585650631861974
    },
    "Qc": {
        "__dtype__": "UFloat",
        "nominal_value": 3143.9480842065523,
        "std_dev": 12.506160725055707
    },
    "fr": {
        "__dtype__": "UFloat",
        "nominal_value": 6008010643.937992,
        "std_dev": 5237.466999016753
    },
    "fit_msg": "Summary\n$Q_I$: 18.47$\\pm$0.29 k\n$Q_C$: 3.144$\\pm$0.013 k\n$f_{res}$: 6.0080106$\\pm$5.2e-06 GHz",
    "fit_result": {
        "hanger_func_complex_SI": {
            "success": true,
            "message": "Fit succeeded.",
            "params": {
                "fr": {
                    "name": "fr",
                    "user_data": null,
                    "init_value": 6008168341.708543,
                    "min": 6004500000.0,
                    "max": 6014500000.0,
                    "brute_step": null,
                    "stderr": 5237.466999016753,
                    "correl": {
                        "Ql": 0.0001139960910524531,
                        "Qe": 0.08618280755852986,
                        "A": 0.1933162124706602,
                        "theta": -0.8877163958860053,
                        "phi_v": 0.22434177648380152,
                        "phi_0": -0.22466636374719967,
                        "alpha": -0.5544744231299333
                    },
                    "value": 6008010643.937992
                },
                "Ql": {
                    "name": "Ql",
                    "user_data": null,
                    "init_value": 2707.010900457196,
                    "min": 60.08168341708543,
                    "max": 119562.55000120866,
                    "brute_step": null,
                    "stderr": 12.585650631861974,
                    "correl": {
                        "fr": 0.0001139960910524531,
                        "Qe": 0.8877414270435658,
                        "A": -0.6580026167659572,
                        "theta": 0.08600619271992133,
                        "phi_v": 0.555678936142896,
                        "phi_0": -0.5556103753377638,
                        "alpha": 0.227051341477376
                    },
                    "value": 2686.608497811007
                },
                "Qe": {
                    "name": "Qe",
                    "user_data": null,
                    "init_value": 2653.4067242105184,
                    "min": 0,
                    "max": Infinity,
                    "brute_step": null,
                    "stderr": 12.141642227417952,
                    "correl": {
                        "fr": 0.08618280755852986,
                        "Ql": 0.8877414270435658,
                        "A": -0.5894236359109655,
                        "theta": -5.809337638037623e-05,
                        "phi_v": 0.6959952239636805,
                        "phi_0": -0.6959487821854744,
                        "alpha": 0.1386970095592669
                    },
                    "value": 3097.7680682003306
                },
                "A": {
                    "name": "A",
                    "user_data": null,
                    "init_value": 0.004553257091072704,
                    "min": 0,
                    "max": Infinity,
                    "brute_step": null,
                    "stderr": 7.776563466414682e-06,
                    "correl": {
                        "fr": 0.1933162124706602,
                        "Ql": -0.6580026167659572,
                        "Qe": -0.5894236359109655,
                        "theta": -0.3061194015218,
                        "phi_v": -0.3382691000593291,
                        "phi_0": 0.3381529067799422,
                        "alpha": -0.5510414447054486
                    },
                    "value": 0.0056537909931495545
                },
                "theta": {
                    "name": "theta",
                    "user_data": null,
                    "init_value": 0,
                    "min": -1.5707963267948966,
                    "max": 1.5707963267948966,
                    "brute_step": null,
                    "stderr": 0.003918826001980418,
                    "correl": {
                        "fr": -0.8877163958860053,
                        "Ql": 0.08600619271992133,
                        "Qe": -5.809337638037623e-05,
                        "A": -0.3061194015218,
                        "phi_v": -0.13531258851973685,
                        "phi_0": 0.135627159075015,
                        "alpha": 0.6952255144241428
                    },
                    "value": 0.17160794388577605
                },
                "phi_v": {
                    "name": "phi_v",
                    "user_data": null,
                    "init_value": -1.9254400025963654e-07,
                    "min": -Infinity,
                    "max": Infinity,
                    "brute_step": null,
                    "stderr": 3.8488670034858123e-10,
                    "correl": {
                        "fr": 0.22434177648380152,
                        "Ql": 0.555678936142896,
                        "Qe": 0.6959952239636805,
                        "A": -0.3382691000593291,
                        "theta": -0.13531258851973685,
                        "phi_0": -0.9999998741191695,
                        "alpha": 0.004723058147688551
                    },
                    "value": -7.530258169618187e-08
                },
                "phi_0": {
                    "name": "phi_0",
                    "user_data": null,
                    "init_value": 1153.583007541084,
                    "min": -Infinity,
                    "max": Infinity,
                    "brute_step": null,
                    "stderr": 2.3131602581113615,
                    "correl": {
                        "fr": -0.22466636374719967,
                        "Ql": -0.5556103753377638,
                        "Qe": -0.6959487821854744,
                        "A": 0.3381529067799422,
                        "theta": 0.135627159075015,
                        "phi_v": -0.9999998741191695,
                        "alpha": -0.004510002422847328
                    },
                    "value": 449.850529397497
                },
                "alpha": {
                    "name": "alpha",
                    "user_data": null,
                    "init_value": 0,
                    "min": -1,
                    "max": 1,
                    "brute_step": null,
                    "stderr": 1.8041378471124303,
                    "correl": {
                        "fr": -0.5544744231299333,
                        "Ql": 0.227051341477376,
                        "Qe": 0.1386970095592669,
                        "A": -0.5510414447054486,
                        "theta": 0.6952255144241428,
                        "phi_v": 0.004723058147688551,
                        "phi_0": -0.004510002422847328
                    },
                    "value": -0.9999294585864965
                },
                "Qi": {
                    "name": "Qi",
                    "user_data": null,
                    "init_value": -133997.03957263078,
                    "min": -Infinity,
                    "max": Infinity,
                    "brute_step": null,
                    "stderr": 288.81197109862694,
                    "correl": null,
                    "value": 18468.89683501107
                },
                "Qc": {
                    "name": "Qc",
                    "user_data": null,
                    "init_value": 2653.4067242105184,