{
    "fit_success": true,
    "Qi": {
        "__dtype__": "UFloat",
        "nominal_value": 32168.05248309983,
        "std_dev": 2064.6011868323644
    },
    "Qe": {
        "__dtype__": "UFloat",
        "nominal_value": 2638.3354197577555,
        "std_dev": 14.778656566291295
    },
    "Ql": {
        "__dtype__": "UFloat",
        "nominal_value": 3290.4053082777577,
        "std_dev": 24.452673873662302
    },
    "Qc": {
        "__dtype__": "UFloat",
        "nominal_value": 3665.3239097551705,
        "std_dev": 28.52014277198723
    },
    "fr": {
        "__dtype__": "UFloat",
        "nominal_value": 5834323197.589951,
        "std_dev": 6587.672662575667
    },
    "fit_msg": "Summary\n$Q_I$: 32.2$\\pm$2.1 k\n$Q_C$: 3.665$\\pm$0.029 k\n$f_{res}$: 5.8343232$\\pm$6.6e-06 GHz",
    "fit_result": {
        "hanger_func_complex_SI": {
            "success": true,
            "message": "Fit succeeded.",
            "params": {
                "fr": {
                    "name": "fr",
                    "user_data": null,
                    "init_value": 5835136884.422111,
                    "min": 5819760000.0,
                    "max": 5849760000.0,
                    "brute_step": null,
                    "stderr": 6587.672662575667,
                    "correl": {
                        "Ql": 0.00018348843241869754,
                        "Qe": 0.057191382044547455,
                        "A": 0.20609005604970765,
                        "theta": -0.7601403312535098,
                        "phi_v": -0.21447235203939316,
                        "phi_0": 0.2141247316153379,
                        "alpha": 0.24714051334366083
                    },
                    "value": 5834323197.589951
                },
                "Ql": {
                    "name": "Ql",
                    "user_data": null,
                    "init_value": 876.350231516576,
                    "min": 19.450456281407035,
                    "max": 38706.408000146424,
                    "brute_step": null,
                    "stderr": 24.452673873662302,
                    "correl": {
                        "fr": 0.00018348843241869754,
                        "Qe": 0.7602243730081677,
                        "A": -0.24117696672613959,
                        "theta": 0.05691642895262849,
                        "phi_v": 0.24607987176529952,
                        "phi_0": -0.2463972711487604,
                        "alpha": 0.21336139011408845
                    },
                    "value": 3290.4053082777577
                },
                "Qe": {
                    "name": "Qe",
                    "user_data": null,
                    "init_value": 858.9967615855547,
                    "min": 0,
                    "max": Infinity,
                    "brute_step": null,
                    "stderr": 14.778656566291295,
                    "correl": {
                        "fr": 0.057191382044547455,
                        "Ql": 0.7602243730081677,
                        "A": -0.08606652722068554,
                        "theta": -5.3757923306058895e-05,
                        "phi_v": 0.3035594242599554,
                        "phi_0": -0.303998647704553,
                        "alpha": 0.30255179557503714
                    },
                    "value": 2638.3354197577555
                },
                "A": {
                    "name": "A",
                    "user_data": null,
                    "init_value": 0.24861513902166274,
                    "min": 0,
                    "max": Infinity,
                    "brute_step": null,
                    "stderr": 0.0003546341878265273,
                    "correl": {
                        "fr": 0.20609005604970765,
                        "Ql": -0.24117696672613959,
                        "Qe": -0.08606652722068554,
                        "theta": -0.28658033960265955,
                        "phi_v": -0.10570459153057828,
                        "phi_0": 0.10571401744251968,
                        "alpha": -0.031225934004697847
                    },
                    "value": 0.25775728873453674
                },
                "theta": {
                    "name": "theta",
                    "user_data": null,
                    "init_value": 0,
                    "min": -1.5707963267948966,
                    "max": 1.5707963267948966,
                    "brute_step": null,
                    "stderr": 0.005600536182389214,
                    "correl": {
                        "fr": -0.7601403312535098,
                        "Ql": 0.05691642895262849,
                        "Qe": -5.3757923306058895e-05,
                        "A": -0.28658033960265955,
                        "phi_v": 0.30427448994002965,
                        "phi_0": -0.30415917113163143,
                        "alpha": -0.3050244760868034
                    },
                    "value": 0.7672682982786925
                },
                "phi_v": {
                    "name": "phi_v",
                    "user_data": null,
                    "init_value": -1.2167089979770769e-07,
                    "min": -Infinity,
                    "max": Infinity,
                    "brute_step": null,
                    "stderr": 1.6004405028768168e-10,
                    "correl": {
                        "fr": -0.21447235203939316,
                        "Ql": 0.24607987176529952,
                        "Qe": 0.3035594242599554,
                        "A": -0.10570459153057828,
                        "theta": 0.30427448994002965,
                        "phi_0": -0.999998913888412,
                        "alpha": -0.0059844298525363925
                    },
                    "value": -1.054128514368907e-07
                },
                "phi_0": {
                    "name": "phi_0",
                    "user_data": null,
                    "init_value": 707.2496095667009,
                    "min": -Infinity,
                    "max": Infinity,
                    "brute_step": null,
                    "stderr": 0.9337085079310488,
                    "correl": {
                        "fr": 0.2141247316153379,
                        "Ql": -0.2463972711487604,
                        "Qe": -0.303998647704553,
                        "A": 0.10571401744251968,
                        "theta": -0.30415917113163143,
                        "phi_v": -0.999998913888412,
                        "alpha": 0.005816911201503844
                    },
                    "value": 612.6424877391854
                },
                "alpha": {
                    "name": "alpha",
                    "user_data": null,
                    "init_value": 0,
                    "min": -1,
                    "max": 1,
                    "brute_step": null,
                    "stderr": 0.9674685055631685,
                    "correl": {
                        "fr": 0.24714051334366083,
                        "Ql": 0.21336139011408845,
                        "Qe": 0.30255179557503714,
                        "A": -0.031225934004697847,
                        "theta": -0.3050244760868034,
                        "phi_v": -0.0059844298525363925,
                        "phi_0": 0.005816911201503844
                    },
                    "value": 0.9999835953190033
                },
                "Qi": {
                    "name": "Qi",
                    "user_data": null,
                    "init_value": -43379.33646007096,
                    "min": -Infinity,
                    "max": Infinity,
                    "brute_step": null,
                    "stderr": 2064.6011868323644,
                    "correl": null,
                    "value": 32168.05248309983
                },
                "Qc": {
                    "name": "Qc",
                    "user_data": null,
                    "init_value": 858.9967615855547,