{
    "a": {
        "__dtype__": "UFloat",
        "nominal_value": -2865443027.8124,
        "std_dev": 6479351157.950018
    },
    "b": {
        "__dtype__": "UFloat",
        "nominal_value": 1097722353.0023377,
        "std_dev": 1690916579.857429
    },
    "c": {
        "__dtype__": "UFloat",
        "nominal_value": 3912561854.512274,
        "std_dev": 104896769.10089019
    },
    "fit_success": true,
    "offset_0": {
        "__dtype__": "UFloat",
        "nominal_value": 0.1915449622183529,
        "std_dev": 0.5240718352297987
    },
    "freq_0": {
        "__dtype__": "UFloat",
        "nominal_value": 4017693447.828311,
        "std_dev": 415233091.14169365
    },
    "fit_msg": "Summary:\noffset_0: 1.9e+02$\\pm$5.2e+02 mV\nfreq_0: 4.02$\\pm$0.42 GHz\n",
    "fit_result": {
        "poly2": {
            "success": true,
            "message": "Fit succeeded.",
            "params": {
                "a": {
                    "name": "a",
                    "user_data": null,
                    "init_value": -2865443071.280797,
                    "min": -Infinity,
                    "max": Infinity,
                    "brute_step": null,
                    "stderr": 6479351157.950018,
                    "correl": {
                        "b": -0.9929949587161089,
                        "c": 0.9666606894663673
                    },
                    "value": -2865443027.8124
                },
                "b": {
                    "name": "b",
                    "user_data": null,
                    "init_value": 1097722364.273432,
                    "min": -Infinity,
                    "max": Infinity,
                    "brute_step": null,
                    "stderr": 1690916579.857429,
                    "correl": {
                        "a": -0.9929949587161089,
                        "c": -0.9891759308064879
                    },
                    "value": 1097722353.0023377
                },
                "c": {
                    "name": "c",
                    "user_data": null,
                    "init_value": 3912561853.831163,
                    "min": -Infinity,
                    "max": Infinity,
                    "brute_step": null,
                    "stderr": 104896769.10089019,
                    "correl": {
                        "a": 0.9666606894663673,
                        "b": -0.9891759308064879
                    },
                    "value": 3912561854.512274
                }
            }
        }
    }
}