{
    "fit_success": true,
    "Qi": {
        "__dtype__": "UFloat",
        "nominal_value": 17906.817777308654,
        "std_dev": 256.1688906250295
    },
    "Qe": {
        "__dtype__": "UFloat",
        "nominal_value": 3128.5733195983676,
        "std_dev": 11.568552630788167
    },
    "Ql": {
        "__dtype__": "UFloat",
        "nominal_value": 2693.4527885294915,
        "std_dev": 11.739838493682296
    },
    "Qc": {
        "__dtype__": "UFloat",
        "nominal_value": 3170.3155949755405,
        "std_dev": 11.879363505101347
    },
    "fr": {
        "__dtype__": "UFloat",
        "nominal_value": 6008037745.755902,
        "std_dev": 4861.4347102287675
    },
    "fit_msg": "Summary\n$Q_I$: 17.91$\\pm$0.26 k\n$Q_C$: 3.170$\\pm$0.012 k\n$f_{res}$: 6.0080377$\\pm$4.9e-06 GHz",
    "fit_result": {
        "hanger_func_complex_SI": {
            "success": true,
            "message": "Fit succeeded.",
            "params": {
                "fr": {
                    "name": "fr",
                    "user_data": null,
                    "init_value": 6008223618.090452,
                    "min": 6003500000.0,
                    "max": 6013500000.0,
                    "brute_step": null,
                    "stderr": 4861.4347102287675,
                    "correl": {
                        "Ql": 7.313376764827718e-06,
                        "Qe": 0.049086600417298405,
                        "A": 0.1267599812640235,
                        "theta": -0.8866696289016415,
                        "phi_v": 0.0032240367925413173,
                        "phi_0": -0.003555408344458857,
                        "alpha": 0.5895573463297067
                    },
                    "value": 6008037745.755902
                },
                "Ql": {
                    "name": "Ql",
                    "user_data": null,
                    "init_value": 2707.035805513089,
                    "min": 60.08223618090452,
                    "max": 119563.65000120866,
                    "brute_step": null,
                    "stderr": 11.739838493682296,
                    "correl": {
                        "fr": 7.313376764827718e-06,
                        "Qe": 0.8866584047834507,
                        "A": -0.6424484418509747,
                        "theta": 0.049095410674672664,
                        "phi_v": 0.5895789454150453,
                        "phi_0": -0.5895949321841839,
                        "alpha": -0.006167264860329642
                    },
                    "value": 2693.4527885294915
                },
                "Qe": {
                    "name": "Qe",
                    "user_data": null,
                    "init_value": 2653.4311360969887,
                    "min": 0,
                    "max": Infinity,
                    "brute_step": null,
                    "stderr": 11.568552630788167,
                    "correl": {
                        "fr": 0.049086600417298405,
                        "Ql": 0.8866584047834507,
                        "A": -0.5914268078052203,
                        "theta": 1.870257814261403e-05,
                        "phi_v": 0.7152363511004513,
                        "phi_0": -0.715273932285983,
                        "alpha": 0.051381741759020716
                    },
                    "value": 3128.5733195983676
                },
                "A": {
                    "name": "A",
                    "user_data": null,
                    "init_value": 0.004556330065710077,
                    "min": 0,
                    "max": Infinity,
                    "brute_step": null,
                    "stderr": 6.098670557458982e-06,
                    "correl": {
                        "fr": 0.1267599812640235,
                        "Ql": -0.6424484418509747,
                        "Qe": -0.5914268078052203,
                        "theta": -0.18894854103537706,
                        "phi_v": -0.39800025903804115,
                        "phi_0": 0.39796641802488053,
                        "alpha": 0.1650678844360748
                    },
                    "value": 0.005617408032588367
                },
                "theta": {
                    "name": "theta",
                    "user_data": null,
                    "init_value": 0,
                    "min": -1.5707963267948966,
                    "max": 1.5707963267948966,
                    "brute_step": null,
                    "stderr": 0.0036978812568448103,
                    "correl": {
                        "fr": -0.8866696289016415,
                        "Ql": 0.049095410674672664,
                        "Qe": 1.870257814261403e-05,
                        "A": -0.18894854103537706,
                        "phi_v": 0.05488338152267672,
                        "phi_0": -0.054571395839681944,
                        "alpha": -0.7154846337112994
                    },
                    "value": 0.1624536517955344
                },
                "phi_v": {
                    "name": "phi_v",
                    "user_data": null,
                    "init_value": -1.9244613681205707e-07,
                    "min": -Infinity,
                    "max": Infinity,
                    "brute_step": null,
                    "stderr": 3.5806314742643734e-10,
                    "correl": {
                        "fr": 0.0032240367925413173,
                        "Ql": 0.5895789454150453,
                        "Qe": 0.7152363511004513,
                        "A": -0.39800025903804115,
                        "theta": 0.05488338152267672,
                        "phi_0": -0.9999998734288796,
                        "alpha": -0.004653771401485592
                    },
                    "value": -7.3923669567781e-08
                },
                "phi_0": {
                    "name": "phi_0",
                    "user_data": null,
                    "init_value": 1152.9241807552116,
                    "min": -Infinity,
                    "max": Infinity,
                    "brute_step": null,
                    "stderr": 2.151434931605182,
                    "correl": {
                        "fr": -0.003555408344458857,
                        "Ql": -0.5895949321841839,
                        "Qe": -0.715273932285983,
                        "A": 0.39796641802488053,
                        "theta": -0.054571395839681944,
                        "phi_v": -0.9999998734288796,
                        "alpha": 0.004440246700791361
                    },
                    "value": 441.5596557089565
                },
                "alpha": {
                    "name": "alpha",
                    "user_data": null,
                    "init_value": 0,
                    "min": -1,
                    "max": 1,
                    "brute_step": null,
                    "stderr": 1.5237103904228382,
                    "correl": {
                        "fr": 0.5895573463297067,
                        "Ql": -0.006167264860329642,
                        "Qe": 0.051381741759020716,
                        "A": 0.1650678844360748,
                        "theta": -0.7154846337112994,
                        "phi_v": -0.004653771401485592,
                        "phi_0": 0.004440246700791361
                    },
                    "value": -0.9999991301766106
                },
                "Qi": {
                    "name": "Qi",
                    "user_data": null,
                    "init_value": -133998.27237289867,
                    "min": -Infinity,
                    "max": Infinity,
                    "brute_step": null,
                    "stderr": 256.1688906250295,
                    "correl": null,
                    "value": 17906.817777308654
                },
                "Qc": {
                    "name": "Qc",
                    "user_data": null,