{
    "fit_success": true,
    "Qi": {
        "__dtype__": "UFloat",
        "nominal_value": 13633.805622125292,
        "std_dev": 624.8974696698514
    },
    "Qe": {
        "__dtype__": "UFloat",
        "nominal_value": 9670.562100315768,
        "std_dev": 188.0610657449134
    },
    "Ql": {
        "__dtype__": "UFloat",
        "nominal_value": 6095.764847162732,
        "std_dev": 160.8778865985309
    },
    "Qc": {
        "__dtype__": "UFloat",
        "nominal_value": 11025.20874130105,
        "std_dev": 244.41786188881505
    },
    "fr": {
        "__dtype__": "UFloat",
        "nominal_value": 5719799985.239083,
        "std_dev": 12381.238848058965
    },
    "fit_msg": "Summary\n$Q_I$: 13.63$\\pm$0.62 k\n$Q_C$: 11.03$\\pm$0.24 k\n$f_{res}$: 5.719800$\\pm$1.2e-05 GHz",
    "fit_result": {
        "hanger_func_complex_SI": {
            "success": true,
            "message": "Fit succeeded.",
            "params": {
                "fr": {
                    "name": "fr",
                    "user_data": null,
                    "init_value": 5719924623.115578,
                    "min": 5705000000.0,
                    "max": 5735000000.0,
                    "brute_step": null,
                    "stderr": 12381.238848058965,
                    "correl": {
                        "Ql": 0.00013514566974999774,
                        "Qe": 0.011220219364715399,
                        "A": 0.11078115861312428,
                        "theta": -0.7460141728147541,
                        "phi_v": -0.11033521821676572,
                        "phi_0": 0.11002593647722356,
                        "alpha": 0.2139454266234259
                    },
                    "value": 5719799985.239083
                },
                "Ql": {
                    "name": "Ql",
                    "user_data": null,
                    "init_value": 859.0470741323721,
                    "min": 19.066415410385257,
                    "max": 37942.1666668102,
                    "brute_step": null,
                    "stderr": 160.8778865985309,
                    "correl": {
                        "fr": 0.00013514566974999774,
                        "Qe": 0.746051140985391,
                        "A": -0.2027635603024947,
                        "theta": 0.010938703420132461,
                        "phi_v": 0.2136029284297067,
                        "phi_0": -0.21376676948088327,
                        "alpha": 0.1097406954967801
                    },
                    "value": 6095.764847162732
                },
                "Qe": {
                    "name": "Qe",
                    "user_data": null,
                    "init_value": 842.0362409812361,
                    "min": 0,
                    "max": Infinity,
                    "brute_step": null,
                    "stderr": 188.0610657449134,
                    "correl": {
                        "fr": 0.011220219364715399,
                        "Ql": 0.746051140985391,
                        "A": -0.1874976030911809,
                        "theta": -0.0001360308263179228,
                        "phi_v": 0.2917354540905207,
                        "phi_0": -0.2919630330214922,
                        "alpha": 0.15730448413154915
                    },
                    "value": 9670.562100315768
                },
                "A": {
                    "name": "A",
                    "user_data": null,
                    "init_value": 0.0038144742071963313,
                    "min": 0,
                    "max": Infinity,
                    "brute_step": null,
                    "stderr": 7.072066219013934e-06,
                    "correl": {
                        "fr": 0.11078115861312428,
                        "Ql": -0.2027635603024947,
                        "Qe": -0.1874976030911809,
                        "theta": -0.15325890877240744,
                        "phi_v": -0.0736395001902566,
                        "phi_0": 0.07364122941449879,
                        "alpha": 0.009787393641287891
                    },
                    "value": 0.0038942247986866185
                },
                "theta": {
                    "name": "theta",
                    "user_data": null,
                    "init_value": 0,
                    "min": -1.5707963267948966,
                    "max": 1.5707963267948966,
                    "brute_step": null,
                    "stderr": 0.019444568268544647,
                    "correl": {
                        "fr": -0.7460141728147541,
                        "Ql": 0.010938703420132461,
                        "Qe": -0.0001360308263179228,
                        "A": -0.15325890877240744,
                        "phi_v": 0.15825236739647816,
                        "phi_0": -0.15796492477529284,
                        "alpha": -0.292230643846844
                    },
                    "value": 0.5009392327823092
                },
                "phi_v": {
                    "name": "phi_v",
                    "user_data": null,
                    "init_value": -9.111804412608798e-08,
                    "min": -Infinity,
                    "max": Infinity,
                    "brute_step": null,
                    "stderr": 2.1018402566413187e-10,
                    "correl": {
                        "fr": -0.11033521821676572,
                        "Ql": 0.2136029284297067,
                        "Qe": 0.2917354540905207,
                        "A": -0.0736395001902566,
                        "theta": 0.15825236739647816,
                        "phi_0": -0.9999988586115308,
                        "alpha": -0.004260309424957441
                    },
                    "value": -7.655118415405854e-08
                },
                "phi_0": {
                    "name": "phi_0",
                    "user_data": null,
                    "init_value": 519.4554230747008,
                    "min": -Infinity,
                    "max": Infinity,
                    "brute_step": null,
                    "stderr": 1.2022320444027965,
                    "correl": {
                        "fr": 0.11002593647722356,
                        "Ql": -0.21376676948088327,
                        "Qe": -0.2919630330214922,
                        "A": 0.07364122941449879,
                        "theta": -0.15796492477529284,
                        "phi_v": -0.9999988586115308,
                        "alpha": 0.004141607781057248
                    },
                    "value": 436.3228174640581
                },
                "alpha": {
                    "name": "alpha",
                    "user_data": null,
                    "init_value": 0,
                    "min": -1,
                    "max": 1,
                    "brute_step": null,
                    "stderr": 1.3437851496185096,
                    "correl": {
                        "fr": 0.2139454266234259,
                        "Ql": 0.1097406954967801,
                        "Qe": 0.15730448413154915,
                        "A": 0.009787393641287891,
                        "theta": -0.292230643846844,
                        "phi_v": -0.004260309424957441,
                        "phi_0": 0.004141607781057248
                    },
                    "value": 0.99998288698339
                },
                "Qi": {
                    "name": "Qi",
                    "user_data": null,
                    "init_value": -42522.83016955262,
                    "min": -Infinity,
                    "max": Infinity,
                    "brute_step": null,
                    "stderr": 624.8974696698514,
                    "correl": null,
                    "value": 13633.805622125292
                },
                "Qc": {
                    "name": "Qc",
                    "user_data": null,
                    "init_value": 842.0362409812361,