{
    "fit_success": true,
    "Qi": {
        "__dtype__": "UFloat",
        "nominal_value": 11998.058872006563,
        "std_dev": 1426.8082715920702
    },
    "Qe": {
        "__dtype__": "UFloat",
        "nominal_value": 9804.65813226712,
        "std_dev": 538.7698113399523
    },
    "Ql": {
        "__dtype__": "UFloat",
        "nominal_value": 5440.898221501427,
        "std_dev": 397.77656593533254
    },
    "Qc": {
        "__dtype__": "UFloat",
        "nominal_value": 9955.561661149937,
        "std_dev": 555.4830227717114
    },
    "fr": {
        "__dtype__": "UFloat",
        "nominal_value": 5258867402.964892,
        "std_dev": 35333.81801644542
    },
    "fit_msg": "Summary\n$Q_I$: 12.0$\\pm$1.4 k\n$Q_C$: 9.96$\\pm$0.56 k\n$f_{res}$: 5.258867$\\pm$3.5e-05 GHz",
    "fit_result": {
        "hanger_func_complex_SI": {
            "success": true,
            "message": "Fit succeeded.",
            "params": {
                "fr": {
                    "name": "fr",
                    "user_data": null,
                    "init_value": 5258954773.869347,
                    "min": 5248000000.0,
                    "max": 5268000000.0,
                    "brute_step": null,
                    "stderr": 35333.81801644542,
                    "correl": {
                        "Ql": 4.1899236666490604e-05,
                        "Qe": 0.0023896692457213396,
                        "A": 0.01831430009397904,
                        "theta": -0.7662894794973006,
                        "phi_v": -0.09281982102594709,
                        "phi_0": 0.09250693152017854,
                        "alpha": 0.28308211065218347
                    },
                    "value": 5258867402.964892
                },
                "Ql": {
                    "name": "Ql",
                    "user_data": null,
                    "init_value": 1184.7244524576588,
                    "min": 26.294773869346734,
                    "max": 52326.600000032435,
                    "brute_step": null,
                    "stderr": 397.77656593533254,
                    "correl": {
                        "fr": 4.1899236666490604e-05,
                        "Qe": 0.7662524789315225,
                        "A": -0.2921521409824896,
                        "theta": 0.0023384181014546195,
                        "phi_v": 0.2821982736055328,
                        "phi_0": -0.28227685919554385,
                        "alpha": 0.09021660025722818
                    },
                    "value": 5440.898221501427
                },
                "Qe": {
                    "name": "Qe",
                    "user_data": null,
                    "init_value": 1161.2645623099822,
                    "min": 0,
                    "max": Infinity,
                    "brute_step": null,
                    "stderr": 538.7698113399523,
                    "correl": {
                        "fr": 0.0023896692457213396,
                        "Ql": 0.7662524789315225,
                        "A": -0.3016027390323017,
                        "theta": -4.631759525226853e-06,
                        "phi_v": 0.3840486165694105,
                        "phi_0": -0.3841540625854694,
                        "alpha": 0.11120224009825803
                    },
                    "value": 9804.65813226712
                },
                "A": {
                    "name": "A",
                    "user_data": null,
                    "init_value": 0.0003690645819376662,
                    "min": 0,
                    "max": Infinity,
                    "brute_step": null,
                    "stderr": 2.1154657859584434e-06,
                    "correl": {
                        "fr": 0.01831430009397904,
                        "Ql": -0.2921521409824896,
                        "Qe": -0.3016027390323017,
                        "theta": -0.024922302441415956,
                        "phi_v": -0.09848114094984708,
                        "phi_0": 0.09850874395006277,
                        "alpha": -0.17120383032382172
                    },
                    "value": 0.00038111864653411764
                },
                "theta": {
                    "name": "theta",
                    "user_data": null,
                    "init_value": 0,
                    "min": -1.5707963267948966,
                    "max": 1.5707963267948966,
                    "brute_step": null,
                    "stderr": 0.05495568108756119,
                    "correl": {
                        "fr": -0.7662894794973006,
                        "Ql": 0.0023384181014546195,
                        "Qe": -4.631759525226853e-06,
                        "A": -0.024922302441415956,
                        "phi_v": 0.11465924066729175,
                        "phi_0": -0.11433764692793653,
                        "alpha": -0.3851408041671518
                    },
                    "value": 0.1743339294585604
                },
                "phi_v": {
                    "name": "phi_v",
                    "user_data": null,
                    "init_value": -1.6625282600090522e-07,
                    "min": -Infinity,
                    "max": Infinity,
                    "brute_step": null,
                    "stderr": 9.523838259695654e-10,
                    "correl": {
                        "fr": -0.09281982102594709,
                        "Ql": 0.2821982736055328,
                        "Qe": 0.3840486165694105,
                        "A": -0.09848114094984708,
                        "theta": 0.11465924066729175,
                        "phi_0": -0.9999994007619638,
                        "alpha": -0.008334540349452578
                    },
                    "value": -1.559695027632666e-07
                },
                "phi_0": {
                    "name": "phi_0",
                    "user_data": null,
                    "init_value": 869.4098386887748,
                    "min": -Infinity,
                    "max": Infinity,
                    "brute_step": null,
                    "stderr": 5.007505485289186,
                    "correl": {
                        "fr": 0.09250693152017854,
                        "Ql": -0.28227685919554385,
                        "Qe": -0.3841540625854694,
                        "A": 0.09850874395006277,
                        "theta": -0.11433764692793653,
                        "phi_v": -0.9999994007619638,
                        "alpha": 0.00820092434275917
                    },
                    "value": 815.5237935348255
                },
                "alpha": {
                    "name": "alpha",
                    "user_data": null,
                    "init_value": 0,
                    "min": -1,
                    "max": 1,
                    "brute_step": null,
                    "stderr": 6.07896138144503,
                    "correl": {
                        "fr": 0.28308211065218347,
                        "Ql": 0.09021660025722818,
                        "Qe": 0.11120224009825803,
                        "A": -0.17120383032382172,
                        "theta": -0.3851408041671518,
                        "phi_v": -0.008334540349452578,
                        "phi_0": 0.00820092434275917
                    },
                    "value": -0.9999086473936362
                },
                "Qi": {
                    "name": "Qi",
                    "user_data": null,
                    "init_value": -58643.860396653574,
                    "min": -Infinity,
                    "max": Infinity,
                    "brute_step": null,
                    "stderr": 1426.8082715920702,
                    "correl": null,
                    "value": 11998.058872006563
                },
                "Qc": {
                    "name": "Qc",
                    "user_data": null,
                    "init_value": 1161.2645623099822,