{
    "fit_success": true,
    "Qi": {
        "__dtype__": "UFloat",
        "nominal_value": 1184.2282416809935,
        "std_dev": 282.01619787440865
    },
    "Qe": {
        "__dtype__": "UFloat",
        "nominal_value": 26632.684430294663,
        "std_dev": 10085.654994840641
    },
    "Ql": {
        "__dtype__": "UFloat",
        "nominal_value": 1184.199345560741,
        "std_dev": 282.10605019572824
    },
    "Qc": {
        "__dtype__": "UFloat",
        "nominal_value": 48531162.541450486,
        "std_dev": 33363871029.832806
    },
    "fr": {
        "__dtype__": "UFloat",
        "nominal_value": 6000838251.569132,
        "std_dev": 601726.1273606324
    },
    "fit_msg": "Summary\n$Q_I$: 1.18$\\pm$0.28 k\n$Q_C$: 49.$\\pm$3.3e+04 M\n$f_{res}$: 6.00084$\\pm$0.00060 GHz",
    "fit_result": {
        "hanger_func_complex_SI": {
            "success": true,
            "message": "Fit succeeded.",
            "params": {
                "fr": {
                    "name": "fr",
                    "user_data": null,
                    "init_value": 6005000000.0,
                    "min": 5995000000.0,
                    "max": 6005000000.0,
                    "brute_step": null,
                    "stderr": 601726.1273606324,
                    "correl": {
                        "Ql": -0.036870193062701055,
                        "Qe": -0.09468911327307249,
                        "A": -0.9153430815255998,
                        "theta": -0.956746909755537,
                        "phi_v": 0.7400847235515036,
                        "phi_0": -0.740346063670598,
                        "alpha": 0.20480669440415028
                    },
                    "value": 6000838251.569132
                },
                "Ql": {
                    "name": "Ql",
                    "user_data": null,
                    "init_value": 2705.583387935308,
                    "min": 60.050000000000004,
                    "max": 119499.50000120801,
                    "brute_step": null,
                    "stderr": 282.10605019572824,
                    "correl": {
                        "fr": -0.036870193062701055,
                        "Qe": 0.9581736196409865,
                        "A": 0.005882864852321289,
                        "theta": -0.03989510820028843,
                        "phi_v": 0.2290978063956613,
                        "phi_0": -0.2282538618636774,
                        "alpha": -0.7654318386930581
                    },
                    "value": 1184.199345560741
                },
                "Qe": {
                    "name": "Qe",
                    "user_data": null,
                    "init_value": 2652.007479263322,
                    "min": 0,
                    "max": Infinity,
                    "brute_step": null,
                    "stderr": 10085.654994840641,
                    "correl": {
                        "fr": -0.09468911327307249,
                        "Ql": 0.9581736196409865,
                        "A": 0.0746891035084661,
                        "theta": 0.018702820481936156,
                        "phi_v": 0.20422344032571033,
                        "phi_0": -0.20331001428111464,
                        "alpha": -0.8781608670621923
                    },
                    "value": 26632.684430294663
                },
                "A": {
                    "name": "A",
                    "user_data": null,
                    "init_value": 0.106304773376566,
                    "min": 0,
                    "max": Infinity,
                    "brute_step": null,
                    "stderr": 0.0007930459472492888,
                    "correl": {
                        "fr": -0.9153430815255998,
                        "Ql": 0.005882864852321289,
                        "Qe": 0.0746891035084661,
                        "theta": 0.9742133931809968,
                        "phi_v": -0.8348605586780701,
                        "phi_0": 0.8351213366895519,
                        "alpha": -0.23368674488570654
                    },
                    "value": 0.10648422313616335
                },
                "theta": {
                    "name": "theta",
                    "user_data": null,
                    "init_value": 0,
                    "min": -1.5707963267948966,
                    "max": 1.5707963267948966,
                    "brute_step": null,
                    "stderr": 0.3772719006570521,
                    "correl": {
                        "fr": -0.956746909755537,
                        "Ql": -0.03989510820028843,
                        "Qe": 0.018702820481936156,
                        "A": 0.9742133931809968,
                        "phi_v": -0.8608507650631722,
                        "phi_0": 0.8610602160361519,
                        "alpha": -0.1573269558054275
                    },
                    "value": -1.570247551855819
                },
                "phi_v": {
                    "name": "phi_v",
                    "user_data": null,
                    "init_value": -1.3138799699184104e-06,
                    "min": -Infinity,
                    "max": Infinity,
                    "brute_step": null,
                    "stderr": 1.2946542162946685e-09,
                    "correl": {
                        "fr": 0.7400847235515036,
                        "Ql": 0.2290978063956613,
                        "Qe": 0.20422344032571033,
                        "A": -0.8348605586780701,
                        "theta": -0.8608507650631722,
                        "phi_0": -0.9999995427634835,
                        "alpha": -0.07361869490275533
                    },
                    "value": -1.3211143482445326e-06
                },
                "phi_0": {
                    "name": "phi_0",
                    "user_data": null,
                    "init_value": 7876.277052630582,
                    "min": -Infinity,
                    "max": Infinity,
                    "brute_step": null,
                    "stderr": 7.76716972332492,
                    "correl": {
                        "fr": -0.740346063670598,
                        "Ql": -0.2282538618636774,
                        "Qe": -0.20331001428111464,
                        "A": 0.8351213366895519,
                        "theta": 0.8610602160361519,
                        "phi_v": -0.9999995427634835,
                        "alpha": 0.07277207453010785
                    },
                    "value": 7919.669899252708
                },
                "alpha": {
                    "name": "alpha",
                    "user_data": null,
                    "init_value": 0,
                    "min": -1,
                    "max": 1,
                    "brute_step": null,
                    "stderr": 7.840574636365003,
                    "correl": {
                        "fr": 0.20480669440415028,
                        "Ql": -0.7654318386930581,
                        "Qe": -0.8781608670621923,
                        "A": -0.23368674488570654,
                        "theta": -0.1573269558054275,
                        "phi_v": -0.07361869490275533,
                        "phi_0": 0.07277207453010785
                    },
                    "value": -0.992866295723457
                },
                "Qi": {
                    "name": "Qi",
                    "user_data": null,
                    "init_value": -133926.37770279782,
                    "min": -Infinity,
                    "max": Infinity,
                    "brute_step": null,
                    "stderr": 282.01619787440865,
                    "correl": null,
                    "value": 1184.2282416809935
                },
                "Qc": {
                    "name": "Qc",
                    "user_data": null,
                    "init_value": 2652.007479263322,
                    "min": -Infinity,