{
    "fit_success": true,
    "frequency_01": {
        "__dtype__": "UFloat",
        "nominal_value": 4230768870.6048536,
        "std_dev": 600760.1326907013
    },
    "fit_msg": "Summary\nFrequency 0-1: 4.23077$\\pm$0.00060 GHz\nPeak width: 7.8$\\pm$1.6 MHz\n",
    "fit_result": {
        "Lorentzian_peak": {
            "success": true,
            "message": "Fit succeeded.",
            "params": {
                "x0": {
                    "name": "x0",
                    "user_data": null,
                    "init_value": 4231806237.6928067,
                    "min": -Infinity,
                    "max": Infinity,
                    "brute_step": null,
                    "stderr": 600760.1326907013,
                    "correl": {
                        "width": -0.006904366183593806,
                        "a": -0.0027923093319289043,
                        "c": 0.0012682856464283152
                    },
                    "value": 4230768870.6048536
                },
                "width": {
                    "name": "width",
                    "user_data": null,
                    "init_value": 20100756.30518254,
                    "min": -Infinity,
                    "max": Infinity,
                    "brute_step": null,
                    "stderr": 1621241.2414507,
                    "correl": {
                        "x0": -0.006904366183593806,
                        "a": 0.7529039564654281,
                        "c": -0.36437572492830345
                    },
                    "value": 7814444.282799384
                },
                "a": {
                    "name": "a",
                    "user_data": null,
                    "init_value": 45145.18238903718,
                    "min": -Infinity,
                    "max": Infinity,
                    "brute_step": null,
                    "stderr": 1059.6712580437961,
                    "correl": {
                        "x0": -0.0027923093319289043,
                        "width": 0.7529039564654281,
                        "c": -0.4949952288339099
                    },
                    "value": 6746.362719236936
                },
                "c": {
                    "name": "c",
                    "user_data": null,
                    "init_value": 0.0010167082922194347,
                    "min": -Infinity,
                    "max": Infinity,
                    "brute_step": null,
                    "stderr": 1.7742902534343563e-05,
                    "correl": {
                        "x0": 0.0012682856464283152,
                        "width": -0.36437572492830345,
                        "a": -0.4949952288339099
                    },
                    "value": 0.0009591625022578612
                }
            }
        }
    }
}