{
    "a": {
        "__dtype__": "UFloat",
        "nominal_value": -88470896354.82144,
        "std_dev": 0.005198450889474199
    },
    "b": {
        "__dtype__": "UFloat",
        "nominal_value": 2166474921.212436,
        "std_dev": 0.0006221476193083098
    },
    "c": {
        "__dtype__": "UFloat",
        "nominal_value": 3070539859.093802,
        "std_dev": 1.8018930761074373e-05
    },
    "fit_success": true,
    "offset_0": {
        "__dtype__": "UFloat",
        "nominal_value": 0.01224399780309431,
        "std_dev": 3.5889637692035084e-15
    },
    "freq_0": {
        "__dtype__": "UFloat",
        "nominal_value": 3083803016.181694,
        "std_dev": 1.957847423199825e-05
    },
    "fit_msg": "Summary:\noffset_0: 12.2439978030943$\\pm$3.6e-12 mV\nfreq_0: 3.083803016181694$\\pm$2.0e-14 GHz\n",
    "fit_result": {
        "poly2": {
            "success": true,
            "message": "Fit succeeded.",
            "params": {
                "a": {
                    "name": "a",
                    "user_data": null,
                    "init_value": -88470896354.81839,
                    "min": -Infinity,
                    "max": Infinity,
                    "brute_step": null,
                    "stderr": 0.005198450889474199,
                    "correl": {
                        "b": -0.9991301215653939,
                        "c": 0.9965110053430968
                    },
                    "value": -88470896354.82144
                },
                "b": {
                    "name": "b",
                    "user_data": null,
                    "init_value": 2166474921.2120557,
                    "min": -Infinity,
                    "max": Infinity,
                    "brute_step": null,
                    "stderr": 0.0006221476193083098,
                    "correl": {
                        "a": -0.9991301215653939,
                        "c": -0.999065801417635
                    },
                    "value": 2166474921.212436
                },
                "c": {
                    "name": "c",
                    "user_data": null,
                    "init_value": 3070539859.093814,
                    "min": -Infinity,
                    "max": Infinity,
                    "brute_step": null,
                    "stderr": 1.8018930761074373e-05,
                    "correl": {
                        "a": 0.9965110053430968,
                        "b": -0.999065801417635
                    },
                    "value": 3070539859.093802
                }
            }
        }
    }
}