{
    "fit_success": true,
    "Qi": {
        "__dtype__": "UFloat",
        "nominal_value": 60.226032500213634,
        "std_dev": 364515.7716542546
    },
    "Qe": {
        "__dtype__": "UFloat",
        "nominal_value": 22637.157087503423,
        "std_dev": 412575937.8069176
    },
    "Ql": {
        "__dtype__": "UFloat",
        "nominal_value": 60.09452544691018,
        "std_dev": 365227.56001144083
    },
    "Qc": {
        "__dtype__": "UFloat",
        "nominal_value": 27521.374342553383,
        "std_dev": 605630748.4725342
    },
    "fr": {
        "__dtype__": "UFloat",
        "nominal_value": 6001999476.124811,
        "std_dev": 303663261243.8033
    },
    "fit_msg": "Summary\n$Q_I$: 60.$\\pm$3.6e+05 \n$Q_C$: 28.$\\pm$6.1e+05 k\n$f_{res}$: 6.0$\\pm$3.0e+02 GHz",
    "fit_result": {
        "hanger_func_complex_SI": {
            "success": true,
            "message": "Fit succeeded.",
            "params": {
                "fr": {
                    "name": "fr",
                    "user_data": null,
                    "init_value": 6005000000.0,
                    "min": 5995000000.0,
                    "max": 6005000000.0,
                    "brute_step": null,
                    "stderr": 303663261243.8033,
                    "correl": {
                        "Ql": 0.013441167066379538,
                        "Qe": -0.029607166195894038,
                        "A": 0.934853493911893,
                        "theta": -0.9991623437628474,
                        "phi_v": -0.6512087887330309,
                        "phi_0": 0.6385025919695206,
                        "alpha": -0.7959689398963989
                    },
                    "value": 6001999476.124811
                },
                "Ql": {
                    "name": "Ql",
                    "user_data": null,
                    "init_value": 2705.583387935308,
                    "min": 60.050000000000004,
                    "max": 119499.50000120801,
                    "brute_step": null,
                    "stderr": 365227.56001144083,
                    "correl": {
                        "fr": 0.013441167066379538,
                        "Qe": 0.9989299092499643,
                        "A": -0.3422645912148915,
                        "theta": -0.05066221354803163,
                        "phi_v": 0.748367019835779,
                        "phi_0": -0.7592816903658883,
                        "alpha": -0.6138397753633368
                    },
                    "value": 60.09452544691018
                },
                "Qe": {
                    "name": "Qe",
                    "user_data": null,
                    "init_value": 2652.007479263322,
                    "min": 0,
                    "max": Infinity,
                    "brute_step": null,
                    "stderr": 412575937.8069176,
                    "correl": {
                        "fr": -0.029607166195894038,
                        "Ql": 0.9989299092499643,
                        "A": -0.3824920416325749,
                        "theta": -0.007632298561360902,
                        "phi_v": 0.776695359166721,
                        "phi_0": -0.7870622885990591,
                        "alpha": -0.5797741868373061
                    },
                    "value": 22637.157087503423
                },
                "A": {
                    "name": "A",
                    "user_data": null,
                    "init_value": 0.10511541777905084,
                    "min": 0,
                    "max": Infinity,
                    "brute_step": null,
                    "stderr": 7.752675976064753,
                    "correl": {
                        "fr": 0.934853493911893,
                        "Ql": -0.3422645912148915,
                        "Qe": -0.3824920416325749,
                        "theta": -0.9209565735468838,
                        "phi_v": -0.8780393822978935,
                        "phi_0": 0.8699744492025018,
                        "alpha": -0.5300344958704866
                    },
                    "value": 0.105250028887524
                },
                "theta": {
                    "name": "theta",
                    "user_data": null,
                    "init_value": 0,
                    "min": -1.5707963267948966,
                    "max": 1.5707963267948966,
                    "brute_step": null,
                    "stderr": 18038.158153121454,
                    "correl": {
                        "fr": -0.9991623437628474,
                        "Ql": -0.05066221354803163,
                        "Qe": -0.007632298561360902,
                        "A": -0.9209565735468838,
                        "phi_v": 0.6230132155193295,
                        "phi_0": -0.6099119919589241,
                        "alpha": 0.818468433990901
                    },
                    "value": 0.6049508731398192
                },
                "phi_v": {
                    "name": "phi_v",
                    "user_data": null,
                    "init_value": -1.31564660760167e-06,
                    "min": -Infinity,
                    "max": Infinity,
                    "brute_step": null,
                    "stderr": 3.211678868820928e-07,
                    "correl": {
                        "fr": -0.6512087887330309,
                        "Ql": 0.748367019835779,
                        "Qe": 0.776695359166721,
                        "A": -0.8780393822978935,
                        "theta": 0.6230132155193295,
                        "phi_0": -0.9998614608919681,
                        "alpha": 0.06179125631009279
                    },
                    "value": -1.3099452577866834e-06
                },
                "phi_0": {
                    "name": "phi_0",
                    "user_data": null,
                    "init_value": 7886.772820788663,
                    "min": -Infinity,
                    "max": Infinity,
                    "brute_step": null,
                    "stderr": 1926.499437831475,
                    "correl": {
                        "fr": 0.6385025919695206,
                        "Ql": -0.7592816903658883,
                        "Qe": -0.7870622885990591,
                        "A": 0.8699744492025018,
                        "theta": -0.6099119919589241,
                        "phi_v": -0.9998614608919681,
                        "alpha": -0.045174831955605135
                    },
                    "value": 7852.576258233912
                },
                "alpha": {
                    "name": "alpha",
                    "user_data": null,
                    "init_value": 0,
                    "min": -1,
                    "max": 1,
                    "brute_step": null,
                    "stderr": 1404.3967214967,
                    "correl": {
                        "fr": -0.7959689398963989,
                        "Ql": -0.6138397753633368,
                        "Qe": -0.5797741868373061,
                        "A": -0.5300344958704866,
                        "theta": 0.818468433990901,
                        "phi_v": 0.06179125631009279,
                        "phi_0": -0.045174831955605135
                    },
                    "value": 0.9989925087162996
                },
                "Qi": {
                    "name": "Qi",
                    "user_data": null,
                    "init_value": -133926.37770279782,
                    "min": -Infinity,
                    "max": Infinity,
                    "brute_step": null,
                    "stderr": 364515.7716542546,
                    "correl": null,
                    "value": 60.226032500213634
                },
                "Qc": {
                    "name": "Qc",
                    "user_data": null,
                    "init_value": 2652.007479263322,
                    "min": -Infinity,