{
    "fit_success": true,
    "Qi": {
        "__dtype__": "UFloat",
        "nominal_value": 20912.602140568197,
        "std_dev": 9549.268631259605
    },
    "Qe": {
        "__dtype__": "UFloat",
        "nominal_value": 2754.4518922414363,
        "std_dev": 177.8932838630249
    },
    "Ql": {
        "__dtype__": "UFloat",
        "nominal_value": 3425.251303810529,
        "std_dev": 286.34762719165127
    },
    "Qc": {
        "__dtype__": "UFloat",
        "nominal_value": 4096.156039683662,
        "std_dev": 393.37700672567905
    },
    "fr": {
        "__dtype__": "UFloat",
        "nominal_value": 5635772486.904995,
        "std_dev": 68785.38052989145
    },
    "fit_msg": "Summary\n$Q_I$: 20.9$\\pm$9.5 k\n$Q_C$: 4.10$\\pm$0.39 k\n$f_{res}$: 5.635772$\\pm$6.9e-05 GHz",
    "fit_result": {
        "hanger_func_complex_SI": {
            "success": true,
            "message": "Fit succeeded.",
            "params": {
                "fr": {
                    "name": "fr",
                    "user_data": null,
                    "init_value": 5636351758.79397,
                    "min": 5626000000.0,
                    "max": 5646000000.0,
                    "brute_step": null,
                    "stderr": 68785.38052989145,
                    "correl": {
                        "Ql": 0.00014861376226535175,
                        "Qe": 0.08362976051748798,
                        "A": 0.2508190448135233,
                        "theta": -0.7772203066682833,
                        "phi_v": -0.2726262561881238,
                        "phi_0": 0.27235712788408956,
                        "alpha": 0.26858182832400107
                    },
                    "value": 5635772486.904995
                },
                "Ql": {
                    "name": "Ql",
                    "user_data": null,
                    "init_value": 1269.743520989223,
                    "min": 28.181758793969852,
                    "max": 56081.70000003477,
                    "brute_step": null,
                    "stderr": 286.34762719165127,
                    "correl": {
                        "fr": 0.00014861376226535175,
                        "Qe": 0.7771292201037511,
                        "A": -0.2841556876128022,
                        "theta": 0.08320246778985753,
                        "phi_v": 0.26628886231775345,
                        "phi_0": -0.26657419075859046,
                        "alpha": 0.2704401578296198
                    },
                    "value": 3425.251303810529
                },
                "Qe": {
                    "name": "Qe",
                    "user_data": null,
                    "init_value": 1244.6000849300306,
                    "min": 0,
                    "max": Infinity,
                    "brute_step": null,
                    "stderr": 177.8932838630249,
                    "correl": {
                        "fr": 0.08362976051748798,
                        "Ql": 0.7771292201037511,
                        "A": -0.10613537961405746,
                        "theta": -0.00029494726392662604,
                        "phi_v": 0.3024996005317697,
                        "phi_0": -0.3028898808108219,
                        "alpha": 0.37259464408869847
                    },
                    "value": 2754.4518922414363
                },
                "A": {
                    "name": "A",
                    "user_data": null,
                    "init_value": 8.737803526216256e-05,
                    "min": 0,
                    "max": Infinity,
                    "brute_step": null,
                    "stderr": 1.6078788561536478e-06,
                    "correl": {
                        "fr": 0.2508190448135233,
                        "Ql": -0.2841556876128022,
                        "Qe": -0.10613537961405746,
                        "theta": -0.3497415045183715,
                        "phi_v": -0.1502144082067678,
                        "phi_0": 0.15023292887471096,
                        "alpha": -0.08646818159950363
                    },
                    "value": 8.857036431098031e-05
                },
                "theta": {
                    "name": "theta",
                    "user_data": null,
                    "init_value": 0,
                    "min": -1.5707963267948966,
                    "max": 1.5707963267948966,
                    "brute_step": null,
                    "stderr": 0.06459221549516665,
                    "correl": {
                        "fr": -0.7772203066682833,
                        "Ql": 0.08320246778985753,
                        "Qe": -0.00029494726392662604,
                        "A": -0.3497415045183715,
                        "phi_v": 0.3748056682458847,
                        "phi_0": -0.37472678093579,
                        "alpha": -0.3057108898302499
                    },
                    "value": 0.8332850396341205
                },
                "phi_v": {
                    "name": "phi_v",
                    "user_data": null,
                    "init_value": -2.087965529659797e-07,
                    "min": -Infinity,
                    "max": Infinity,
                    "brute_step": null,
                    "stderr": 3.160324306214091e-09,
                    "correl": {
                        "fr": -0.2726262561881238,
                        "Ql": 0.26628886231775345,
                        "Qe": 0.3024996005317697,
                        "A": -0.1502144082067678,
                        "theta": 0.3748056682458847,
                        "phi_0": -0.9999994815811141,
                        "alpha": -0.007428542912988517
                    },
                    "value": -1.2873568987286648e-07
                },
                "phi_0": {
                    "name": "phi_0",
                    "user_data": null,
                    "init_value": 1172.9011411579052,
                    "min": -Infinity,
                    "max": Infinity,
                    "brute_step": null,
                    "stderr": 17.80927697243404,
                    "correl": {
                        "fr": 0.27235712788408956,
                        "Ql": -0.26657419075859046,
                        "Qe": -0.3028898808108219,
                        "A": 0.15023292887471096,
                        "theta": -0.37472678093579,
                        "phi_v": -0.9999994815811141,
                        "alpha": 0.007258656623455704
                    },
                    "value": 722.2759115727812
                },
                "alpha": {
                    "name": "alpha",
                    "user_data": null,
                    "init_value": 0,
                    "min": -1,
                    "max": 1,
                    "brute_step": null,
                    "stderr": 21.152743497400312,
                    "correl": {
                        "fr": 0.26858182832400107,
                        "Ql": 0.2704401578296198,
                        "Qe": 0.37259464408869847,
                        "A": -0.08646818159950363,
                        "theta": -0.3057108898302499,
                        "phi_v": -0.007428542912988517,
                        "phi_0": 0.007258656623455704
                    },
                    "value": -0.9999502620467908
                },
                "Qi": {
                    "name": "Qi",
                    "user_data": null,
                    "init_value": -62852.30428896677,
                    "min": -Infinity,
                    "max": Infinity,
                    "brute_step": null,
                    "stderr": 9549.268631259605,
                    "correl": null,
                    "value": 20912.602140568197
                },
                "Qc": {
                    "name": "Qc",
                    "user_data": null,
                    "init_value": 1244.6000849300306,