{
    "fit_success": true,
    "Qi": {
        "__dtype__": "UFloat",
        "nominal_value": 20371.76600062903,
        "std_dev": 941.2544359130575
    },
    "Qe": {
        "__dtype__": "UFloat",
        "nominal_value": 3210.4742573390163,
        "std_dev": 25.387221095480502
    },
    "Ql": {
        "__dtype__": "UFloat",
        "nominal_value": 2844.641921421432,
        "std_dev": 29.578974554116677
    },
    "Qc": {
        "__dtype__": "UFloat",
        "nominal_value": 3306.325630884511,
        "std_dev": 26.92440919238262
    },
    "fr": {
        "__dtype__": "UFloat",
        "nominal_value": 6007923886.794612,
        "std_dev": 10981.900177306718
    },
    "fit_msg": "Summary\n$Q_I$: 20.37$\\pm$0.94 k\n$Q_C$: 3.306$\\pm$0.027 k\n$f_{res}$: 6.007924$\\pm$1.1e-05 GHz",
    "fit_result": {
        "hanger_func_complex_SI": {
            "success": true,
            "message": "Fit succeeded.",
            "params": {
                "fr": {
                    "name": "fr",
                    "user_data": null,
                    "init_value": 6008165829.145729,
                    "min": 5995000000.0,
                    "max": 6015000000.0,
                    "brute_step": null,
                    "stderr": 10981.900177306718,
                    "correl": {
                        "Ql": 0.00023220581021823807,
                        "Qe": 0.005274985219232557,
                        "A": 0.011230564116559065,
                        "theta": -0.815794644014996,
                        "phi_v": -0.2966689437669283,
                        "phi_0": 0.29630126558204384,
                        "alpha": -0.32027111135937114
                    },
                    "value": 6007923886.794612
                },
                "Ql": {
                    "name": "Ql",
                    "user_data": null,
                    "init_value": 1353.5048841981788,
                    "min": 30.040829145728647,
                    "max": 59781.250000037064,
                    "brute_step": null,
                    "stderr": 29.578974554116677,
                    "correl": {
                        "fr": 0.00023220581021823807,
                        "Qe": 0.8157445386411761,
                        "A": -0.4842525756934325,
                        "theta": 0.004782958510505136,
                        "phi_v": 0.31852960019509635,
                        "phi_0": -0.31874336824766464,
                        "alpha": -0.2950335715661707
                    },
                    "value": 2844.641921421432
                },
                "Qe": {
                    "name": "Qe",
                    "user_data": null,
                    "init_value": 1326.7028072833632,
                    "min": 0,
                    "max": Infinity,
                    "brute_step": null,
                    "stderr": 25.387221095480502,
                    "correl": {
                        "fr": 0.005274985219232557,
                        "Ql": 0.8157445386411761,
                        "A": -0.4333018409001279,
                        "theta": -0.0002568350341542101,
                        "phi_v": 0.41191601067038225,
                        "phi_0": -0.41218739031968515,
                        "alpha": -0.2985921937398916
                    },
                    "value": 3210.4742573390163
                },
                "A": {
                    "name": "A",
                    "user_data": null,
                    "init_value": 0.007637951963886372,
                    "min": 0,
                    "max": Infinity,
                    "brute_step": null,
                    "stderr": 1.799329462120599e-05,
                    "correl": {
                        "fr": 0.011230564116559065,
                        "Ql": -0.4842525756934325,
                        "Qe": -0.4333018409001279,
                        "theta": -0.010748881142004892,
                        "phi_v": -0.17461127142350488,
                        "phi_0": 0.1747230517641886,
                        "alpha": 0.5469380244218691
                    },
                    "value": 0.00834722260012466
                },
                "theta": {
                    "name": "theta",
                    "user_data": null,
                    "init_value": 0,
                    "min": -1.5707963267948966,
                    "max": 1.5707963267948966,
                    "brute_step": null,
                    "stderr": 0.007908913736505725,
                    "correl": {
                        "fr": -0.815794644014996,
                        "Ql": 0.004782958510505136,
                        "Qe": -0.0002568350341542101,
                        "A": -0.010748881142004892,
                        "phi_v": 0.30063089641765317,
                        "phi_0": -0.30032397822018136,
                        "alpha": 0.413742195498284
                    },
                    "value": 0.24137715911333468
                },
                "phi_v": {
                    "name": "phi_v",
                    "user_data": null,
                    "init_value": -1.2121953472857933e-07,
                    "min": -Infinity,
                    "max": Infinity,
                    "brute_step": null,
                    "stderr": 3.1430099881103473e-10,
                    "correl": {
                        "fr": -0.2966689437669283,
                        "Ql": 0.31852960019509635,
                        "Qe": 0.41191601067038225,
                        "A": -0.17461127142350488,
                        "theta": 0.30063089641765317,
                        "phi_0": -0.9999995430867785,
                        "alpha": 0.005014380665752533
                    },
                    "value": -8.14011271427656e-08
                },
                "phi_0": {
                    "name": "phi_0",
                    "user_data": null,
                    "init_value": 727.8265985210326,
                    "min": -Infinity,
                    "max": Infinity,
                    "brute_step": null,
                    "stderr": 1.8871167188569518,
                    "correl": {
                        "fr": 0.29630126558204384,
                        "Ql": -0.31874336824766464,
                        "Qe": -0.41218739031968515,
                        "A": 0.1747230517641886,
                        "theta": -0.30032397822018136,
                        "phi_v": -0.9999995430867785,
                        "alpha": -0.0048138853969611995
                    },
                    "value": 489.21390207100893
                },
                "alpha": {
                    "name": "alpha",
                    "user_data": null,
                    "init_value": 0,
                    "min": -1,
                    "max": 1,
                    "brute_step": null,
                    "stderr": 1.8889986120928322,
                    "correl": {
                        "fr": -0.32027111135937114,
                        "Ql": -0.2950335715661707,
                        "Qe": -0.2985921937398916,
                        "A": 0.5469380244218691,
                        "theta": 0.413742195498284,
                        "phi_v": 0.005014380665752533,
                        "phi_0": -0.0048138853969611995
                    },
                    "value": -0.6046859742615089
                },
                "Qi": {
                    "name": "Qi",
                    "user_data": null,
                    "init_value": -66998.49176780936,
                    "min": -Infinity,
                    "max": Infinity,
                    "brute_step": null,
                    "stderr": 941.2544359130575,
                    "correl": null,
                    "value": 20371.76600062903
                },
                "Qc": {
                    "name": "Qc",
                    "user_data": null,
                    "init_value": 1326.7028072833632,