{
    "fit_success": true,
    "Qi": {
        "__dtype__": "UFloat",
        "nominal_value": 1610.076967011204,
        "std_dev": 3280.6448460681613
    },
    "Qe": {
        "__dtype__": "UFloat",
        "nominal_value": 113003.27566677732,
        "std_dev": 347122.48079955706
    },
    "Ql": {
        "__dtype__": "UFloat",
        "nominal_value": 1590.1228650831938,
        "std_dev": 3266.446111459819
    },
    "Qc": {
        "__dtype__": "UFloat",
        "nominal_value": 128305.45864830192,
        "std_dev": 447484.25486067723
    },
    "fr": {
        "__dtype__": "UFloat",
        "nominal_value": 5795004734.916939,
        "std_dev": 3740993.4955699686
    },
    "fit_msg": "Summary\n$Q_I$: 1.6$\\pm$3.3 k\n$Q_C$: 1.3e+02$\\pm$4.5e+02 k\n$f_{res}$: 5.7950$\\pm$0.0037 GHz",
    "fit_result": {
        "hanger_func_complex_SI": {
            "success": true,
            "message": "Fit succeeded.",
            "params": {
                "fr": {
                    "name": "fr",
                    "user_data": null,
                    "init_value": 5795100502.512563,
                    "min": 5795000000.0,
                    "max": 5805000000.0,
                    "brute_step": null,
                    "stderr": 3740993.4955699686,
                    "correl": {
                        "Ql": 0.0006811404812457033,
                        "Qe": 0.5570889214890203,
                        "A": -0.6799283481991271,
                        "theta": -0.8013663258978257,
                        "phi_v": 0.7508388199349797,
                        "phi_0": -0.7507097451274196,
                        "alpha": 0.42415494270987697
                    },
                    "value": 5795004734.916939
                },
                "Ql": {
                    "name": "Ql",
                    "user_data": null,
                    "init_value": 2611.012098420241,
                    "min": 57.95100502512563,
                    "max": 115322.50000116578,
                    "brute_step": null,
                    "stderr": 3266.446111459819,
                    "correl": {
                        "fr": 0.0006811404812457033,
                        "Qe": 0.8019427722664751,
                        "A": -0.6077945376292873,
                        "theta": 0.5567927551866839,
                        "phi_v": -0.3686775305907339,
                        "phi_0": 0.3693203592541093,
                        "alpha": 0.7217065129932285
                    },
                    "value": 1590.1228650831938
                },
                "Qe": {
                    "name": "Qe",
                    "user_data": null,
                    "init_value": 2559.3088885505326,
                    "min": 0,
                    "max": Infinity,
                    "brute_step": null,
                    "stderr": 347122.48079955706,
                    "correl": {
                        "fr": 0.5570889214890203,
                        "Ql": 0.8019427722664751,
                        "A": -0.9470667018598699,
                        "theta": 0.0003305800329059558,
                        "phi_v": 0.14306389511122883,
                        "phi_0": -0.14242784957883425,
                        "alpha": 0.9121430642914988
                    },
                    "value": 113003.27566677732
                },
                "A": {
                    "name": "A",
                    "user_data": null,
                    "init_value": 0.005540857968656806,
                    "min": 0,
                    "max": Infinity,
                    "brute_step": null,
                    "stderr": 0.00011173181231323864,
                    "correl": {
                        "fr": -0.6799283481991271,
                        "Ql": -0.6077945376292873,
                        "Qe": -0.9470667018598699,
                        "theta": 0.21637857978018354,
                        "phi_v": -0.3447795623346432,
                        "phi_0": 0.34421185174859387,
                        "alpha": -0.9350219291806697
                    },
                    "value": 0.005560535522808774
                },
                "theta": {
                    "name": "theta",
                    "user_data": null,
                    "init_value": 0,
                    "min": -1.5707963267948966,
                    "max": 1.5707963267948966,
                    "brute_step": null,
                    "stderr": 3.069487789483329,
                    "correl": {
                        "fr": -0.8013663258978257,
                        "Ql": 0.5567927551866839,
                        "Qe": 0.0003305800329059558,
                        "A": 0.21637857978018354,
                        "phi_v": -0.9038278022756777,
                        "phi_0": 0.9040663214547768,
                        "alpha": 0.07567111169715557
                    },
                    "value": 0.4933816897104659
                },
                "phi_v": {
                    "name": "phi_v",
                    "user_data": null,
                    "init_value": -1.3005110821974758e-06,
                    "min": -Infinity,
                    "max": Infinity,
                    "brute_step": null,
                    "stderr": 1.823493517956685e-09,
                    "correl": {
                        "fr": 0.7508388199349797,
                        "Ql": -0.3686775305907339,
                        "Qe": 0.14306389511122883,
                        "A": -0.3447795623346432,
                        "theta": -0.9038278022756777,
                        "phi_0": -0.9999997059799655,
                        "alpha": 0.07455991766089043
                    },
                    "value": -1.296073514484645e-06
                },
                "phi_0": {
                    "name": "phi_0",
                    "user_data": null,
                    "init_value": 7538.905379727503,
                    "min": -Infinity,
                    "max": Infinity,
                    "brute_step": null,
                    "stderr": 10.585968395518213,
                    "correl": {
                        "fr": -0.7507097451274196,
                        "Ql": 0.3693203592541093,
                        "Qe": -0.14242784957883425,
                        "A": 0.34421185174859387,
                        "theta": 0.9040663214547768,
                        "phi_v": -0.9999997059799655,
                        "alpha": -0.07393838428015556
                    },
                    "value": 7513.187887881852
                },
                "alpha": {
                    "name": "alpha",
                    "user_data": null,
                    "init_value": 0,
                    "min": -1,
                    "max": 1,
                    "brute_step": null,
                    "stderr": 9.663500542025437,
                    "correl": {
                        "fr": 0.42415494270987697,
                        "Ql": 0.7217065129932285,
                        "Qe": 0.9121430642914988,
                        "A": -0.9350219291806697,
                        "theta": 0.07567111169715557,
                        "phi_v": 0.07455991766089043,
                        "phi_0": -0.07393838428015556
                    },
                    "value": 0.9990167519436717
                },
                "Qi": {
                    "name": "Qi",
                    "user_data": null,
                    "init_value": -129245.09887180055,
                    "min": -Infinity,
                    "max": Infinity,
                    "brute_step": null,
                    "stderr": 3280.6448460681613,
                    "correl": null,
                    "value": 1610.076967011204
                },
                "Qc": {
                    "name": "Qc",
                    "user_data": null,
                    "init_value": 2559.3088885505326,