{
    "fit_success": true,
    "Qi": {
        "__dtype__": "UFloat",
        "nominal_value": 19543.280377503703,
        "std_dev": 330.04906550433833
    },
    "Qe": {
        "__dtype__": "UFloat",
        "nominal_value": 3109.6071095947077,
        "std_dev": 12.508104724511657
    },
    "Ql": {
        "__dtype__": "UFloat",
        "nominal_value": 2716.693011323208,
        "std_dev": 13.102417089647199
    },
    "Qc": {
        "__dtype__": "UFloat",
        "nominal_value": 3155.3096337647944,
        "std_dev": 12.878289613009892
    },
    "fr": {
        "__dtype__": "UFloat",
        "nominal_value": 6008013210.426429,
        "std_dev": 5332.4683514265025
    },
    "fit_msg": "Summary\n$Q_I$: 19.54$\\pm$0.33 k\n$Q_C$: 3.155$\\pm$0.013 k\n$f_{res}$: 6.0080132$\\pm$5.3e-06 GHz",
    "fit_result": {
        "hanger_func_complex_SI": {
            "success": true,
            "message": "Fit succeeded.",
            "params": {
                "fr": {
                    "name": "fr",
                    "user_data": null,
                    "init_value": 6008168341.708543,
                    "min": 6004500000.0,
                    "max": 6014500000.0,
                    "brute_step": null,
                    "stderr": 5332.4683514265025,
                    "correl": {
                        "Ql": 0.00011275992915922184,
                        "Qe": 0.08568837080465105,
                        "A": 0.19275715772957805,
                        "theta": -0.8862471443516966,
                        "phi_v": 0.22308262692662834,
                        "phi_0": -0.2234043668965355,
                        "alpha": 0.5521773670540959
                    },
                    "value": 6008013210.426429
                },
                "Ql": {
                    "name": "Ql",
                    "user_data": null,
                    "init_value": 2707.010900457196,
                    "min": 60.08168341708543,
                    "max": 119562.55000120866,
                    "brute_step": null,
                    "stderr": 13.102417089647199,
                    "correl": {
                        "fr": 0.00011275992915922184,
                        "Qe": 0.8862720594735655,
                        "A": -0.6544869228146462,
                        "theta": 0.08551295259223057,
                        "phi_v": 0.5533243986282578,
                        "phi_0": -0.5532569487583174,
                        "alpha": -0.22565749351853825
                    },
                    "value": 2716.693011323208
                },
                "Qe": {
                    "name": "Qe",
                    "user_data": null,
                    "init_value": 2653.4067242105184,
                    "min": 0,
                    "max": Infinity,
                    "brute_step": null,
                    "stderr": 12.508104724511657,
                    "correl": {
                        "fr": 0.08568837080465105,
                        "Ql": 0.8862720594735655,
                        "A": -0.5841646361057513,
                        "theta": -5.819352546174773e-05,
                        "phi_v": 0.6937895262068119,
                        "phi_0": -0.6937437511793167,
                        "alpha": -0.13695267882151724
                    },
                    "value": 3109.6071095947077
                },
                "A": {
                    "name": "A",
                    "user_data": null,
                    "init_value": 0.004500787444526587,
                    "min": 0,
                    "max": Infinity,
                    "brute_step": null,
                    "stderr": 7.905701984221499e-06,
                    "correl": {
                        "fr": 0.19275715772957805,
                        "Ql": -0.6544869228146462,
                        "Qe": -0.5841646361057513,
                        "theta": -0.30495356155682796,
                        "phi_v": -0.3345472617025656,
                        "phi_0": 0.3344331914668056,
                        "alpha": 0.5499395171718976
                    },
                    "value": 0.005580760676267227
                },
                "theta": {
                    "name": "theta",
                    "user_data": null,
                    "init_value": 0,
                    "min": -1.5707963267948966,
                    "max": 1.5707963267948966,
                    "brute_step": null,
                    "stderr": 0.004021754438600546,
                    "correl": {
                        "fr": -0.8862471443516966,
                        "Ql": 0.08551295259223057,
                        "Qe": -5.819352546174773e-05,
                        "A": -0.30495356155682796,
                        "phi_v": -0.13373554474095276,
                        "phi_0": 0.13404620249249577,
                        "alpha": -0.6930579688926041
                    },
                    "value": 0.17040789130083733
                },
                "phi_v": {
                    "name": "phi_v",
                    "user_data": null,
                    "init_value": -1.7934492999887168e-07,
                    "min": -Infinity,
                    "max": Infinity,
                    "brute_step": null,
                    "stderr": 3.974282884467065e-10,
                    "correl": {
                        "fr": 0.22308262692662834,
                        "Ql": 0.5533243986282578,
                        "Qe": 0.6937895262068119,
                        "A": -0.3345472617025656,
                        "theta": -0.13373554474095276,
                        "phi_0": -0.9999998747668274,
                        "alpha": -0.004497743945062433
                    },
                    "value": -7.160802617527834e-08
                },
                "phi_0": {
                    "name": "phi_0",
                    "user_data": null,
                    "init_value": 1074.4691085853513,
                    "min": -Infinity,
                    "max": Infinity,
                    "brute_step": null,
                    "stderr": 2.3885324157465933,
                    "correl": {
                        "fr": -0.2234043668965355,
                        "Ql": -0.5532569487583174,
                        "Qe": -0.6937437511793167,
                        "A": 0.3344331914668056,
                        "theta": 0.13404620249249577,
                        "phi_v": -0.9999998747668274,
                        "alpha": 0.004288233654290166
                    },
                    "value": 427.8258473032297
                },
                "alpha": {
                    "name": "alpha",
                    "user_data": null,
                    "init_value": 0,
                    "min": -1,
                    "max": 1,
                    "brute_step": null,
                    "stderr": 2.8556262075404386,
                    "correl": {
                        "fr": 0.5521773670540959,
                        "Ql": -0.22565749351853825,
                        "Qe": -0.13695267882151724,
                        "A": 0.5499395171718976,
                        "theta": -0.6930579688926041,
                        "phi_v": -0.004497743945062433,
                        "phi_0": 0.004288233654290166
                    },
                    "value": -0.9999319283755735
                },
                "Qi": {
                    "name": "Qi",
                    "user_data": null,
                    "init_value": -133997.03957263078,
                    "min": -Infinity,
                    "max": Infinity,
                    "brute_step": null,
                    "stderr": 330.04906550433833,
                    "correl": null,
                    "value": 19543.280377503703
                },
                "Qc": {
                    "name": "Qc",
                    "user_data": null,
                    "init_value": 2653.4067242105184,