{
    "fit_success": true,
    "Qi": {
        "__dtype__": "UFloat",
        "nominal_value": 19983.660624458305,
        "std_dev": 6036.093481634016
    },
    "Qe": {
        "__dtype__": "UFloat",
        "nominal_value": 7265.085810229279,
        "std_dev": 642.8619621241356
    },
    "Ql": {
        "__dtype__": "UFloat",
        "nominal_value": 5637.914065755898,
        "std_dev": 670.8214646758189
    },
    "Qc": {
        "__dtype__": "UFloat",
        "nominal_value": 7853.628311283689,
        "std_dev": 751.2269103630695
    },
    "fr": {
        "__dtype__": "UFloat",
        "nominal_value": 5450002534.749641,
        "std_dev": 57514.125261404326
    },
    "fit_msg": "Summary\n$Q_I$: 20.0$\\pm$6.0 k\n$Q_C$: 7.85$\\pm$0.75 k\n$f_{res}$: 5.450003$\\pm$5.8e-05 GHz",
    "fit_result": {
        "hanger_func_complex_SI": {
            "success": true,
            "message": "Fit succeeded.",
            "params": {
                "fr": {
                    "name": "fr",
                    "user_data": null,
                    "init_value": 5450055276.381909,
                    "min": 5439000000.0,
                    "max": 5459000000.0,
                    "brute_step": null,
                    "stderr": 57514.125261404326,
                    "correl": {
                        "Ql": 7.934372599248252e-05,
                        "Qe": 0.012049901484711665,
                        "A": 0.07528704132947484,
                        "theta": -0.7632488312831505,
                        "phi_v": -0.15665769438144198,
                        "phi_0": 0.1563841863052676,
                        "alpha": 0.2539381606589478
                    },
                    "value": 5450002534.749641
                },
                "Ql": {
                    "name": "Ql",
                    "user_data": null,
                    "init_value": 1227.7751056651214,
                    "min": 27.25027638190955,
                    "max": 54228.05000003361,
                    "brute_step": null,
                    "stderr": 670.8214646758189,
                    "correl": {
                        "fr": 7.934372599248252e-05,
                        "Qe": 0.7631995426553226,
                        "A": -0.2886408669919324,
                        "theta": 0.011887305878156893,
                        "phi_v": 0.25261970735410866,
                        "phi_0": -0.2527590052043854,
                        "alpha": 0.15461541020705158
                    },
                    "value": 5637.914065755898
                },
                "Qe": {
                    "name": "Qe",
                    "user_data": null,
                    "init_value": 1203.4627273351189,
                    "min": 0,
                    "max": Infinity,
                    "brute_step": null,
                    "stderr": 642.8619621241356,
                    "correl": {
                        "fr": 0.012049901484711665,
                        "Ql": 0.7631995426553226,
                        "A": -0.259044146541352,
                        "theta": -8.635968054162985e-05,
                        "phi_v": 0.33939489635104225,
                        "phi_0": -0.33958491047077644,
                        "alpha": 0.19273348257256726
                    },
                    "value": 7265.085810229279
                },
                "A": {
                    "name": "A",
                    "user_data": null,
                    "init_value": 0.00011917966275400861,
                    "min": 0,
                    "max": Infinity,
                    "brute_step": null,
                    "stderr": 1.5712339742838135e-06,
                    "correl": {
                        "fr": 0.07528704132947484,
                        "Ql": -0.2886408669919324,
                        "Qe": -0.259044146541352,
                        "theta": -0.10459972558388363,
                        "phi_v": -0.11312636836326316,
                        "phi_0": 0.11315422832053655,
                        "alpha": -0.2106848931704424
                    },
                    "value": 0.00012319323817777672
                },
                "theta": {
                    "name": "theta",
                    "user_data": null,
                    "init_value": 0,
                    "min": -1.5707963267948966,
                    "max": 1.5707963267948966,
                    "brute_step": null,
                    "stderr": 0.08849694017202453,
                    "correl": {
                        "fr": -0.7632488312831505,
                        "Ql": 0.011887305878156893,
                        "Qe": -8.635968054162985e-05,
                        "A": -0.10459972558388363,
                        "phi_v": 0.19534557520583426,
                        "phi_0": -0.19511376426758048,
                        "alpha": -0.34105365196968107
                    },
                    "value": 0.3895999764950837
                },
                "phi_v": {
                    "name": "phi_v",
                    "user_data": null,
                    "init_value": -1.4846441293517632e-07,
                    "min": -Infinity,
                    "max": Infinity,
                    "brute_step": null,
                    "stderr": 2.167594181814874e-09,
                    "correl": {
                        "fr": -0.15665769438144198,
                        "Ql": 0.25261970735410866,
                        "Qe": 0.33939489635104225,
                        "A": -0.11312636836326316,
                        "theta": 0.19534557520583426,
                        "phi_0": -0.9999994438832557,
                        "alpha": -0.007286616646676774
                    },
                    "value": -1.3162392735115955e-07
                },
                "phi_0": {
                    "name": "phi_0",
                    "user_data": null,
                    "init_value": 810.632747534959,
                    "min": -Infinity,
                    "max": Infinity,
                    "brute_step": null,
                    "stderr": 11.810695791127188,
                    "correl": {
                        "fr": 0.1563841863052676,
                        "Ql": -0.2527590052043854,
                        "Qe": -0.33958491047077644,
                        "A": 0.11315422832053655,
                        "theta": -0.19511376426758048,
                        "phi_v": -0.9999994438832557,
                        "alpha": 0.007172864236975746
                    },
                    "value": 719.2350974189685
                },
                "alpha": {
                    "name": "alpha",
                    "user_data": null,
                    "init_value": 0,
                    "min": -1,
                    "max": 1,
                    "brute_step": null,
                    "stderr": 12.694335551991113,
                    "correl": {
                        "fr": 0.2539381606589478,
                        "Ql": 0.15461541020705158,
                        "Qe": 0.19273348257256726,
                        "A": -0.2106848931704424,
                        "theta": -0.34105365196968107,
                        "phi_v": -0.007286616646676774,
                        "phi_0": 0.007172864236975746
                    },
                    "value": -0.999922614469893
                },
                "Qi": {
                    "name": "Qi",
                    "user_data": null,
                    "init_value": -60774.867730423175,
                    "min": -Infinity,
                    "max": Infinity,
                    "brute_step": null,
                    "stderr": 6036.093481634016,
                    "correl": null,
                    "value": 19983.660624458305
                },
                "Qc": {
                    "name": "Qc",
                    "user_data": null,
                    "init_value": 1203.4627273351189,