{
    "fit_success": true,
    "Qi": {
        "__dtype__": "UFloat",
        "nominal_value": 10643.330615121862,
        "std_dev": 3424.3211918578845
    },
    "Qe": {
        "__dtype__": "UFloat",
        "nominal_value": 29470.52714449633,
        "std_dev": 7287.49992383153
    },
    "Ql": {
        "__dtype__": "UFloat",
        "nominal_value": 10642.732559850996,
        "std_dev": 3313.468303304672
    },
    "Qc": {
        "__dtype__": "UFloat",
        "nominal_value": 189404101.59564835,
        "std_dev": 301127006316.2774
    },
    "fr": {
        "__dtype__": "UFloat",
        "nominal_value": 5719608272.278732,
        "std_dev": 83662.83668103047
    },
    "fit_msg": "Summary\n$Q_I$: 10.6$\\pm$3.4 k\n$Q_C$: 1.9e+02$\\pm$3.0e+05 M\n$f_{res}$: 5.719608$\\pm$8.4e-05 GHz",
    "fit_result": {
        "hanger_func_complex_SI": {
            "success": true,
            "message": "Fit succeeded.",
            "params": {
                "fr": {
                    "name": "fr",
                    "user_data": null,
                    "init_value": 5720023366.834171,
                    "min": 5715350000.0,
                    "max": 5725350000.0,
                    "brute_step": null,
                    "stderr": 83662.83668103047,
                    "correl": {
                        "Ql": 0.00011560584883375786,
                        "Qe": 0.02547407328976637,
                        "A": 0.3294894060189732,
                        "theta": -0.7730444486800121,
                        "phi_v": -0.3043318833907449,
                        "phi_0": 0.3043106907144702,
                        "alpha": 0.08015891034380755
                    },
                    "value": 5719608272.278732
                },
                "Ql": {
                    "name": "Ql",
                    "user_data": null,
                    "init_value": 2577.185711891478,
                    "min": 57.200233668341724,
                    "max": 113828.46500115069,
                    "brute_step": null,
                    "stderr": 3313.468303304672,
                    "correl": {
                        "fr": 0.00011560584883375786,
                        "Qe": 0.7730236943823705,
                        "A": 0.031058467987143866,
                        "theta": 0.025226540177857134,
                        "phi_v": 0.07538970050271622,
                        "phi_0": -0.07555395956345144,
                        "alpha": 0.30310758974694635
                    },
                    "value": 10642.732559850996
                },
                "Qe": {
                    "name": "Qe",
                    "user_data": null,
                    "init_value": 2526.152331457983,
                    "min": 0,
                    "max": Infinity,
                    "brute_step": null,
                    "stderr": 7287.49992383153,
                    "correl": {
                        "fr": 0.02547407328976637,
                        "Ql": 0.7730236943823705,
                        "A": 0.11416009615693348,
                        "theta": -0.00014159930598496733,
                        "phi_v": 0.08326367438768663,
                        "phi_0": -0.08348129807065223,
                        "alpha": 0.43141538354161657
                    },
                    "value": 29470.52714449633
                },
                "A": {
                    "name": "A",
                    "user_data": null,
                    "init_value": 0.003609911321436864,
                    "min": 0,
                    "max": Infinity,
                    "brute_step": null,
                    "stderr": 5.827895108999932e-05,
                    "correl": {
                        "fr": 0.3294894060189732,
                        "Ql": 0.031058467987143866,
                        "Qe": 0.11416009615693348,
                        "theta": -0.43325390589505214,
                        "phi_v": -0.17149152208089913,
                        "phi_0": 0.1714725992628802,
                        "alpha": 0.2420757368300669
                    },
                    "value": 0.0035133804694391646
                },
                "theta": {
                    "name": "theta",
                    "user_data": null,
                    "init_value": 0,
                    "min": -1.5707963267948966,
                    "max": 1.5707963267948966,
                    "brute_step": null,
                    "stderr": 0.24737673448488331,
                    "correl": {
                        "fr": -0.7730444486800121,
                        "Ql": 0.025226540177857134,
                        "Qe": -0.00014159930598496733,
                        "A": -0.43325390589505214,
                        "phi_v": 0.4327526786906686,
                        "phi_0": -0.4327590403222088,
                        "alpha": -0.09003968334992997
                    },
                    "value": 1.5706407307596728
                },
                "phi_v": {
                    "name": "phi_v",
                    "user_data": null,
                    "init_value": -1.1881510271912551e-07,
                    "min": -Infinity,
                    "max": Infinity,
                    "brute_step": null,
                    "stderr": 5.561016965588814e-09,
                    "correl": {
                        "fr": -0.3043318833907449,
                        "Ql": 0.07538970050271622,
                        "Qe": 0.08326367438768663,
                        "A": -0.17149152208089913,
                        "theta": 0.4327526786906686,
                        "phi_0": -0.9999998713692916,
                        "alpha": -0.015151125578567057
                    },
                    "value": -2.63194095003632e-07
                },
                "phi_0": {
                    "name": "phi_0",
                    "user_data": null,
                    "init_value": 678.8624829724596,
                    "min": -Infinity,
                    "max": Infinity,
                    "brute_step": null,
                    "stderr": 31.81082829842572,
                    "correl": {
                        "fr": 0.3043106907144702,
                        "Ql": -0.07555395956345144,
                        "Qe": -0.08348129807065223,
                        "A": 0.1714725992628802,
                        "theta": -0.4327590403222088,
                        "phi_v": -0.9999998713692916,
                        "alpha": 0.015057207375594406
                    },
                    "value": 1504.3010534122204
                },
                "alpha": {
                    "name": "alpha",
                    "user_data": null,
                    "init_value": 0,
                    "min": -1,
                    "max": 1,
                    "brute_step": null,
                    "stderr": 32.89571148072455,
                    "correl": {
                        "fr": 0.08015891034380755,
                        "Ql": 0.30310758974694635,
                        "Qe": 0.43141538354161657,
                        "A": 0.2420757368300669,
                        "theta": -0.09003968334992997,
                        "phi_v": -0.015151125578567057,
                        "phi_0": 0.015057207375594406
                    },
                    "value": -0.9987720704693998
                },
                "Qi": {
                    "name": "Qi",
                    "user_data": null,
                    "init_value": -127570.6927386277,
                    "min": -Infinity,
                    "max": Infinity,
                    "brute_step": null,
                    "stderr": 3424.3211918578845,
                    "correl": null,
                    "value": 10643.330615121862
                },
                "Qc": {
                    "name": "Qc",
                    "user_data": null,
                    "init_value": 2526.152331457983,