{
    "basic_information": {
        "chip_name": "20240430_8+AS1606",
        "chip_type": "5Q4C",
        "create_time": "20240624",
        "chip_file": "C:\\PersonalWorks\\Quela\\Quela_Qblox\\chip_information\\20240430_8+AS1606.json"
    },
    "1Q_information": {
        "ro_att": 30,
        "q0": {
            "char": {
                "bare": {
                    "bare_freq": 5973267407.855228,
                    "Qi": 19524.35260952401,
                    "Qc": 3431.435033512978,
                    "Ql": 2918.5035422342735
                },
                "zeroflux": {
                    "res": {
                        "dress_freq": 5977284576.587332,
                        "Qi": 15771.12732904057,
                        "Qc": 3490.32197145704,
                        "Ql": 2857.8489277945864
                    },
                    "qubit": {
                        "freq": 0,
                        "T1": 0,
                        "T2": 0
                    },
                    "flux": 0,
                    "g": 0
                },
                "Sweet": {
                    "res": {
                        "dress_freq": 5979040329.252964,
                        "Qi": 0,
                        "Qc": 0,
                        "Ql": 0
                    },
                    "qubit": {
                        "freq": 4475715155.956918,
                        "T1": 0,
                        "T2": 0
                    },
                    "flux": -0.37247757983557395,
                    "g": 0
                },
                "min": {
                    "res": {
                        "dress_freq": 0,
                        "Qi": 0,
                        "Qc": 0,
                        "Ql": 0
                    },
                    "qubit": {
                        "freq": 0,
                        "T1": 0,
                        "T2": 0
                    },
                    "flux": 0,
                    "g": 0
                },
                "idle1": {
                    "res": {
                        "dress_freq": 0,
                        "Qi": 0,
                        "Qc": 0,
                        "Ql": 0
                    },
                    "qubit": {
                        "freq": 0,
                        "T1": 0,
                        "T2": 0
                    },
                    "flux": 0,
                    "g": 0
                }
            },
            "oper": {
                "xy_att": -1,
                "readout": {
                    "amp": 0.02,
                    "dura_time": 2e-06,
                    "acq_delay": 1e-07,
                    "integ_time": 1.496e-06,
                    "flux": -0.37247757983557395,
                    "freq": 5979040329.252964
                },
                "x_gate": {
                    "waveform": {
                        "gauss": {},
                        "cos": {}
                    },
                    "amp": 0.10324380470618463,
                    "dura_time": 4e-08,
                    "AC_stark": 0,
                    "freq": 4475715155.956918
                },
                "tune_away": {
                    "q0_flux": 0,
                    "q1_flux": 0,
                    "q2_flux": 0,
                    "q3_flux": 0,
                    "q4_flux": 0
                }
            },
            "init": {
                "wait": {
                    "time": 0.00015
                }
            }
        },
        "q1": {
            "char": {
                "bare": {
                    "bare_freq": 6083389773.657835,
                    "Qi": 19699.238378847112,
                    "Qc": 3661.1759332936213,
                    "Ql": 3087.375784228539
                },
                "zeroflux": {
                    "res": {
                        "dress_freq": 6086824850.079404,
                        "Qi": 16356.441153189051,
                        "Qc": 3626.921293287954,
                        "Ql": 2968.645785202744
                    },
                    "qubit": {
                        "freq": 0,
                        "T1": 0,
                        "T2": 0
                    },
                    "flux": 0,
                    "g": 0
                },
                "Sweet": {
                    "res": {
                        "dress_freq": 6086574978.17473,
                        "Qi": 0,
                        "Qc": 0,
                        "Ql": 0
                    },
                    "qubit": {
                        "freq": 4051556844.0731845,
                        "T1": 0,
                        "T2": 0
                    },
                    "flux": -0.37054161582891626,
                    "g": 0
                },
                "min": {
                    "res": {
                        "dress_freq": 0,
                        "Qi": 0,
                        "Qc": 0,
                        "Ql": 0
                    },
                    "qubit": {
                        "freq": 0,
                        "T1": 0,
                        "T2": 0
                    },
                    "flux": 0,
                    "g": 0
                },
                "idle1": {
                    "res": {
                        "dress_freq": 0,
                        "Qi": 0,
                        "Qc": 0,
                        "Ql": 0
                    },
                    "qubit": {
                        "freq": 0,
                        "T1": 0,
                        "T2": 0
                    },
                    "flux": 0,
                    "g": 0
                }
            },
            "oper": {
                "xy_att": -1,
                "readout": {
                    "amp": 0.02,
                    "dura_time": 2e-06,
                    "acq_delay": 1e-07,
                    "integ_time": 1.496e-06,
                    "flux": -0.37054161582891626,
                    "freq": 6086574978.17473
                },
                "x_gate": {
                    "waveform": {
                        "gauss": {},
                        "cos": {}
                    },
                    "amp": 0.08238903725470924,
                    "dura_time": 4e-08,
                    "AC_stark": 0,
                    "freq": 4051556844.0731845
                },
                "tune_away": {
                    "q0_flux": 0,
                    "q1_flux": 0,
                    "q2_flux": 0,
                    "q3_flux": 0,
                    "q4_flux": 0
                }
            },
            "init": {
                "wait": {
                    "time": 0.00015
                }
            }
        },
        "q2": {
            "char": {
                "bare": {
                    "bare_freq": 5919935791.150312,
                    "Qi": 19390.1453048601,
                    "Qc": 3259.146492307234,
                    "Ql": 2790.1677730853366
                },
                "zeroflux": {
                    "res": {
                        "dress_freq": 5922555722.5840225,
                        "Qi": 16872.6725278346,
                        "Qc": 3153.9407512097027,
                        "Ql": 2657.2345870900785
                    },
                    "qubit": {
                        "freq": 0,
                        "T1": 0,
                        "T2": 0
                    },
                    "flux": 0,
                    "g": 0
                },
                "Sweet": {
                    "res": {
                        "dress_freq": 5923866798.303575,
                        "Qi": 0,
                        "Qc": 0,
                        "Ql": 0
                    },
                    "qubit": {
                        "freq": 3987946894.987746,
                        "T1": 0,
                        "T2": 0
                    },