{
    "basic_information": {
        "chip_name": "20240430_8_5Q4C",
        "chip_type": "5Q4C",
        "create_time": "20240527",
        "chip_file": "C:\\PersonalWorks\\Quela\\Quela_Qblox\\chip_information\\20240430_8_5Q4C.json"
    },
    "1Q_information": {
        "ro_att": 30,
        "q0": {
            "char": {
                "bare": {
                    "bare_freq": 5974042745.491753,
                    "Qi": 8016.756758973974,
                    "Qc": 7726.307755195612,
                    "Ql": 3934.426481110349
                },
                "zeroflux": {
                    "res": {
                        "dress_freq": 5979326009.709601,
                        "Qi": 15770.988236346488,
                        "Qc": 3700.0674881360474,
                        "Ql": 2996.946937792841
                    },
                    "qubit": {
                        "freq": 0,
                        "T1": 0,
                        "T2": 0
                    },
                    "flux": 0,
                    "g": 0
                },
                "Sweet": {
                    "res": {
                        "dress_freq": 5978735588.1207485,
                        "Qi": 0,
                        "Qc": 0,
                        "Ql": 0
                    },
                    "qubit": {
                        "freq": 0,
                        "T1": 0,
                        "T2": 0
                    },
                    "flux": 0.11405401562771518,
                    "g": 0
                },
                "min": {
                    "res": {
                        "dress_freq": 0,
                        "Qi": 0,
                        "Qc": 0,
                        "Ql": 0
                    },
                    "qubit": {
                        "freq": 0,
                        "T1": 0,
                        "T2": 0
                    },
                    "flux": 0,
                    "g": 0
                },
                "idle1": {
                    "res": {
                        "dress_freq": 0,
                        "Qi": 0,
                        "Qc": 0,
                        "Ql": 0
                    },
                    "qubit": {
                        "freq": 0,
                        "T1": 0,
                        "T2": 0
                    },
                    "flux": 0,
                    "g": 0
                }
            },
            "oper": {
                "xy_att": -1,
                "readout": {
                    "amp": 0.01,
                    "dura_time": 2e-06,
                    "acq_delay": 1e-07,
                    "integ_time": 1.496e-06,
                    "flux": 0.11405401562771518,
                    "freq": 5978735588.1207485
                },
                "x_gate": {
                    "waveform": {
                        "gauss": {},
                        "cos": {}
                    },
                    "amp": 0,
                    "dura_time": 0,
                    "AC_stark": 0,
                    "freq": 0
                },
                "tune_away": {
                    "q0_flux": 0,
                    "q1_flux": 0,
                    "q2_flux": 0,
                    "q3_flux": 0,
                    "q4_flux": 0
                }
            },
            "init": {
                "wait": {
                    "time": 0.00015
                }
            }
        },
        "q1": {
            "char": {
                "bare": {
                    "bare_freq": 6083745220.2441025,
                    "Qi": 12074.213657515204,
                    "Qc": 6484.202850497292,
                    "Ql": 4218.660066270817
                },
                "zeroflux": {
                    "res": {
                        "dress_freq": 6092282375.162393,
                        "Qi": 13292.295204703443,
                        "Qc": 4116.407045164128,
                        "Ql": 3143.054366815817
                    },
                    "qubit": {
                        "freq": 0,
                        "T1": 0,
                        "T2": 0
                    },
                    "flux": 0,
                    "g": 0
                },
                "Sweet": {
                    "res": {
                        "dress_freq": 6085190756.138285,
                        "Qi": 0,
                        "Qc": 0,
                        "Ql": 0
                    },
                    "qubit": {
                        "freq": 0,
                        "T1": 0,
                        "T2": 0
                    },
                    "flux": 0.08072016637570079,
                    "g": 0
                },
                "min": {
                    "res": {
                        "dress_freq": 0,
                        "Qi": 0,
                        "Qc": 0,
                        "Ql": 0
                    },
                    "qubit": {
                        "freq": 0,
                        "T1": 0,
                        "T2": 0
                    },
                    "flux": 0,
                    "g": 0
                },
                "idle1": {
                    "res": {
                        "dress_freq": 0,
                        "Qi": 0,
                        "Qc": 0,
                        "Ql": 0
                    },
                    "qubit": {
                        "freq": 0,
                        "T1": 0,
                        "T2": 0
                    },
                    "flux": 0,
                    "g": 0
                }
            },
            "oper": {
                "xy_att": -1,
                "readout": {
                    "amp": 0.01,
                    "dura_time": 2e-06,
                    "acq_delay": 1e-07,
                    "integ_time": 1.496e-06,
                    "flux": 0.08072016637570079,
                    "freq": 6085190756.138285
                },
                "x_gate": {
                    "waveform": {
                        "gauss": {},
                        "cos": {}
                    },
                    "amp": 0,
                    "dura_time": 0,
                    "AC_stark": 0,
                    "freq": 0
                },
                "tune_away": {
                    "q0_flux": 0,
                    "q1_flux": 0,
                    "q2_flux": 0,
                    "q3_flux": 0,
                    "q4_flux": 0
                }
            },
            "init": {
                "wait": {
                    "time": 0.00015
                }
            }
        },
        "q2": {
            "char": {
                "bare": {
                    "bare_freq": 5919980597.659678,
                    "Qi": 17127.28147029301,
                    "Qc": 3340.752485794295,
                    "Ql": 2795.481396480828
                },
                "zeroflux": {
                    "res": {
                        "dress_freq": 5921075416.364415,
                        "Qi": 17233.287098829434,
                        "Qc": 3103.8505326248837,
                        "Ql": 2630.141385179494
                    },
                    "qubit": {
                        "freq": 0,
                        "T1": 0,
                        "T2": 0
                    },
                    "flux": 0,
                    "g": 0
                },
                "Sweet": {
                    "res": {
                        "dress_freq": 5923503486.257582,
                        "Qi": 0,
                        "Qc": 0,
                        "Ql": 0
                    },
                    "qubit": {
                        "freq": 0,
                        "T1": 0,
                        "T2": 0
                    },
                    "flux": 0.1324130572130696,
                    "g": 0
                },