{
    "basic_information": {
        "chip_name": "20240430_8+AS1606",
        "chip_type": "5Q4C",
        "create_time": "20240624",
        "chip_file": "C:\\PersonalWorks\\Quela\\Quela_Qblox\\chip_information\\20240430_8+AS1606.json"
    },
    "1Q_information": {
        "ro_att": 30,
        "q0": {
            "char": {
                "bare": {
                    "bare_freq": 5973306404.867798,
                    "Qi": 8819.419475237602,
                    "Qc": 2820.6166806898696,
                    "Ql": 2137.124090734764
                },
                "zeroflux": {
                    "res": {
                        "dress_freq": 5977239245.371783,
                        "Qi": 8010.616620535192,
                        "Qc": 2822.619095891152,
                        "Ql": 2087.1806018861876
                    },
                    "qubit": {
                        "freq": 0,
                        "T1": 0,
                        "T2": 0
                    },
                    "flux": 0,
                    "g": 0
                },
                "Sweet": {
                    "res": {
                        "dress_freq": 5979236549.442081,
                        "Qi": 0,
                        "Qc": 0,
                        "Ql": 0
                    },
                    "qubit": {
                        "freq": 4449621218.325681,
                        "T1": 0,
                        "T2": 0
                    },
                    "flux": -0.34811360446520095,
                    "g": 0
                },
                "min": {
                    "res": {
                        "dress_freq": 0,
                        "Qi": 0,
                        "Qc": 0,
                        "Ql": 0
                    },
                    "qubit": {
                        "freq": 0,
                        "T1": 0,
                        "T2": 0
                    },
                    "flux": 0,
                    "g": 0
                },
                "idle1": {
                    "res": {
                        "dress_freq": 0,
                        "Qi": 0,
                        "Qc": 0,
                        "Ql": 0
                    },
                    "qubit": {
                        "freq": 0,
                        "T1": 0,
                        "T2": 0
                    },
                    "flux": 0,
                    "g": 0
                }
            },
            "oper": {
                "xy_att": -1,
                "readout": {
                    "amp": 0.02,
                    "dura_time": 1e-06,
                    "acq_delay": 2.8e-07,
                    "integ_time": 4.96e-07,
                    "flux": -0.34811360446520095,
                    "freq": 5979236549.442081
                },
                "x_gate": {
                    "waveform": {
                        "gauss": {},
                        "cos": {}
                    },
                    "amp": 0.09032726074884391,
                    "dura_time": 4e-08,
                    "AC_stark": 0,
                    "freq": 4449621218.325681
                },
                "tune_away": {
                    "q0_flux": 0,
                    "q1_flux": 0,
                    "q2_flux": 0,
                    "q3_flux": 0,
                    "q4_flux": 0
                }
            },
            "init": {
                "wait": {
                    "time": 0.00015
                }
            }
        },
        "q1": {
            "char": {
                "bare": {
                    "bare_freq": 6083525235.109191,
                    "Qi": 9073.105455124452,
                    "Qc": 2983.1855296818785,
                    "Ql": 2245.031820907048
                },
                "zeroflux": {
                    "res": {
                        "dress_freq": 6086839262.513705,
                        "Qi": 8352.648346942513,
                        "Qc": 2886.669024226574,
                        "Ql": 2145.2665190526823
                    },
                    "qubit": {
                        "freq": 0,
                        "T1": 0,
                        "T2": 0
                    },
                    "flux": 0,
                    "g": 0
                },
                "Sweet": {
                    "res": {
                        "dress_freq": 6086830105.46696,
                        "Qi": 8463.54302207139,
                        "Qc": 2962.9033994972524,
                        "Ql": 0
                    },
                    "qubit": {
                        "freq": 4016352777.996499,
                        "T1": 0,
                        "T2": 0
                    },
                    "flux": 0.17163980316346777,
                    "g": 0
                },
                "min": {
                    "res": {
                        "dress_freq": 0,
                        "Qi": 0,
                        "Qc": 0,
                        "Ql": 0
                    },
                    "qubit": {
                        "freq": 0,
                        "T1": 0,
                        "T2": 0
                    },
                    "flux": 0,
                    "g": 0
                },
                "idle1": {
                    "res": {
                        "dress_freq": 0,
                        "Qi": 0,
                        "Qc": 0,
                        "Ql": 0
                    },
                    "qubit": {
                        "freq": 0,
                        "T1": 0,
                        "T2": 0
                    },
                    "flux": 0,
                    "g": 0
                }
            },
            "oper": {
                "xy_att": -1,
                "readout": {
                    "amp": 0.02,
                    "dura_time": 1e-06,
                    "acq_delay": 2.8e-07,
                    "integ_time": 4.96e-07,
                    "flux": 0.17163980316346777,
                    "freq": 6086830105.46696
                },
                "x_gate": {
                    "waveform": {
                        "gauss": {},
                        "cos": {}
                    },
                    "amp": 0.0783832221349379,
                    "dura_time": 4e-08,
                    "AC_stark": 0,
                    "freq": 4016352777.996499
                },
                "tune_away": {
                    "q0_flux": 0,
                    "q1_flux": 0,
                    "q2_flux": 0,
                    "q3_flux": 0,
                    "q4_flux": 0
                }
            },
            "init": {
                "wait": {
                    "time": 0.00015
                }
            }
        },
        "q2": {
            "char": {
                "bare": {
                    "bare_freq": 5920038579.926489,
                    "Qi": 9206.392913925514,
                    "Qc": 2665.974015182536,
                    "Ql": 2067.321910503822
                },
                "zeroflux": {
                    "res": {
                        "dress_freq": 5922490591.30612,
                        "Qi": 8890.028720410486,
                        "Qc": 2635.6352897912607,
                        "Ql": 2032.930458673121
                    },
                    "qubit": {
                        "freq": 0,
                        "T1": 0,
                        "T2": 0
                    },
                    "flux": 0,
                    "g": 0
                },
                "Sweet": {
                    "res": {
                        "dress_freq": 5923866798.303575,
                        "Qi": 0,
                        "Qc": 0,
                        "Ql": 0
                    },
                    "qubit": {
                        "freq": 3987946894.987746,
                        "T1": 0,