{
    "basic_information": {
        "chip_name": "20240606_5Qtest",
        "chip_type": "5Q4C",
        "create_time": "20240606",
        "chip_file": "C:\\PersonalWorks\\Quela\\Quela_Qblox\\chip_information\\20240606_5Qtest.json"
    },
    "1Q_information": {
        "ro_att": 30,
        "q0": {
            "char": {
                "bare": {
                    "bare_freq": 5973136607.123855,
                    "Qi": 629.0645816656324,
                    "Qc": 3567644.9246438816,
                    "Ql": 628.9536814799682
                },
                "zeroflux": {
                    "res": {
                        "dress_freq": 5979023930.03732,
                        "Qi": 14982.678653806555,
                        "Qc": 3678.5458251823643,
                        "Ql": 2953.421951172798
                    },
                    "qubit": {
                        "freq": 0,
                        "T1": 0,
                        "T2": 0
                    },
                    "flux": 0,
                    "g": 0
                },
                "Sweet": {
                    "res": {
                        "dress_freq": 5978408021.289954,
                        "Qi": 0,
                        "Qc": 0,
                        "Ql": 0
                    },
                    "qubit": {
                        "freq": 4464351571.3248415,
                        "T1": "5.2 +- 0.8",
                        "T2": "14.1+-13.1"
                    },
                    "flux": 0.11633665060616344,
                    "g": 0
                },
                "min": {
                    "res": {
                        "dress_freq": 0,
                        "Qi": 0,
                        "Qc": 0,
                        "Ql": 0
                    },
                    "qubit": {
                        "freq": 0,
                        "T1": 0,
                        "T2": 0
                    },
                    "flux": 0,
                    "g": 0
                },
                "idle1": {
                    "res": {
                        "dress_freq": 0,
                        "Qi": 0,
                        "Qc": 0,
                        "Ql": 0
                    },
                    "qubit": {
                        "freq": 0,
                        "T1": 0,
                        "T2": 0
                    },
                    "flux": 0,
                    "g": 0
                }
            },
            "oper": {
                "xy_att": -1,
                "readout": {
                    "amp": 0.01,
                    "dura_time": 2e-06,
                    "acq_delay": 1e-07,
                    "integ_time": 1.496e-06,
                    "flux": 0.11633665060616344,
                    "freq": 5978408021.289954
                },
                "x_gate": {
                    "waveform": {
                        "gauss": {},
                        "cos": {}
                    },
                    "amp": 0.09935926082064002,
                    "dura_time": 4e-08,
                    "AC_stark": 0,
                    "freq": 4464351571.3248415
                },
                "tune_away": {
                    "q0_flux": 0,
                    "q1_flux": 0,
                    "q2_flux": 0,
                    "q3_flux": 0,
                    "q4_flux": 0
                }
            },
            "init": {
                "wait": {
                    "time": 0.00015
                }
            }
        },
        "q1": {
            "char": {
                "bare": {
                    "bare_freq": 6092412200.2621155,
                    "Qi": 463.0744357962186,
                    "Qc": 72389.56307359211,
                    "Ql": 460.1309880307159
                },
                "zeroflux": {
                    "res": {
                        "dress_freq": 6084783794.935191,
                        "Qi": 102.19525816540755,
                        "Qc": 224468.3119269977,
                        "Ql": 102.14875218863259
                    },
                    "qubit": {
                        "freq": 0,
                        "T1": 0,
                        "T2": 0
                    },
                    "flux": 0,
                    "g": 0
                },
                "Sweet": {
                    "res": {
                        "dress_freq": 6085330158.595414,
                        "Qi": 0,
                        "Qc": 0,
                        "Ql": 0
                    },
                    "qubit": {
                        "freq": 4029774279.1872563,
                        "T1": 0,
                        "T2": 0
                    },
                    "flux": 0.08738327259205267,
                    "g": 0
                },
                "min": {
                    "res": {
                        "dress_freq": 0,
                        "Qi": 0,
                        "Qc": 0,
                        "Ql": 0
                    },
                    "qubit": {
                        "freq": 0,
                        "T1": 0,
                        "T2": 0
                    },
                    "flux": 0,
                    "g": 0
                },
                "idle1": {
                    "res": {
                        "dress_freq": 0,
                        "Qi": 0,
                        "Qc": 0,
                        "Ql": 0
                    },
                    "qubit": {
                        "freq": 0,
                        "T1": 0,
                        "T2": 0
                    },
                    "flux": 0,
                    "g": 0
                }
            },
            "oper": {
                "xy_att": -1,
                "readout": {
                    "amp": 0.01,
                    "dura_time": 2e-06,
                    "acq_delay": 1e-07,
                    "integ_time": 1.496e-06,
                    "flux": 0.08738327259205267,
                    "freq": 6085330158.595414
                },
                "x_gate": {
                    "waveform": {
                        "gauss": {},
                        "cos": {}
                    },
                    "amp": 0.07842832376907097,
                    "dura_time": 4e-08,
                    "AC_stark": 0,
                    "freq": 4029774279.1872563
                },
                "tune_away": {
                    "q0_flux": 0,
                    "q1_flux": 0,
                    "q2_flux": 0,
                    "q3_flux": 0,
                    "q4_flux": 0
                }
            },
            "init": {
                "wait": {
                    "time": 0.00015
                }
            }
        },
        "q2": {
            "char": {
                "bare": {
                    "bare_freq": 5929963673.038911,
                    "Qi": 995.1810696222507,
                    "Qc": 381882.8063642141,
                    "Ql": 992.5943830175377
                },
                "zeroflux": {
                    "res": {
                        "dress_freq": 5921573311.654366,
                        "Qi": 3326.8528516403962,
                        "Qc": 20920.272428763285,
                        "Ql": 2870.3884349941536
                    },
                    "qubit": {
                        "freq": 0,
                        "T1": 0,
                        "T2": 0
                    },
                    "flux": 0,
                    "g": 0
                },
                "Sweet": {
                    "res": {
                        "dress_freq": 5923473504.662104,
                        "Qi": 0,
                        "Qc": 0,
                        "Ql": 0
                    },
                    "qubit": {
                        "freq": 0,
                        "T1": 0,
                        "T2": 0
                    },