{
    "amplitude": {
        "__dtype__": "UFloat",
        "nominal_value": 879834.4934672468,
        "std_dev": 30312.889432830947
    },
    "frequency": {
        "__dtype__": "UFloat",
        "nominal_value": 10.235364904527787,
        "std_dev": 0.17253230772417988
    },
    "shift": {
        "__dtype__": "UFloat",
        "nominal_value": 0.6381552701332049,
        "std_dev": 0.03426032206058947
    },
    "offset": {
        "__dtype__": "UFloat",
        "nominal_value": 5719515719.063545,
        "std_dev": 195189.86056083057
    },
    "offset_0": {
        "__dtype__": "UFloat",
        "nominal_value": 0.09111947305846635,
        "std_dev": 0.0036828299179547984
    },
    "freq_0": 5720395553.557013,
    "fit_success": true,
    "fit_msg": "Summary:\nf_0: 5.7204 GHz\noffset_0: 91.1$\\pm$3.7 mV\n",
    "fit_result": {
        "sin": {
            "success": true,
            "message": "Fit succeeded.",
            "params": {
                "amplitude": {
                    "name": "amplitude",
                    "user_data": null,
                    "init_value": 859750.3490741497,
                    "min": 0,
                    "max": Infinity,
                    "brute_step": null,
                    "stderr": 30312.889432830947,
                    "correl": {
                        "frequency": 0.07869827950163641,
                        "shift": -0.09224034070278082
                    },
                    "value": 879834.4934672468
                },
                "frequency": {
                    "name": "frequency",
                    "user_data": null,
                    "init_value": 9.42477796076938,
                    "min": 0,
                    "max": Infinity,
                    "brute_step": null,
                    "stderr": 0.17253230772417988,
                    "correl": {
                        "amplitude": 0.07869827950163641,
                        "shift": -0.20365947419723185
                    },
                    "value": 10.235364904527787
                },
                "shift": {
                    "name": "shift",
                    "user_data": null,
                    "init_value": 0.5711986642890533,
                    "min": -6.283195307179586,
                    "max": 6.283195307179586,
                    "brute_step": null,
                    "stderr": 0.03426032206058947,
                    "correl": {
                        "amplitude": -0.09224034070278082,
                        "frequency": -0.20365947419723185
                    },
                    "value": 0.6381552701332049
                },
                "offset": {
                    "name": "offset",
                    "user_data": null,
                    "init_value": 5719515719.063545,
                    "min": -Infinity,
                    "max": Infinity,
                    "brute_step": null,
                    "stderr": 195189.86056083057,
                    "correl": null,
                    "value": 5719515719.063545
                }
            }
        }
    }
}