{
    "fit_success": true,
    "frequency_01": {
        "__dtype__": "UFloat",
        "nominal_value": 4124494956.4828644,
        "std_dev": 701341.9679856119
    },
    "fit_msg": "Summary\nFrequency 0-1: 4.12449$\\pm$0.00070 GHz\nPeak width: 12.6$\\pm$1.9 MHz\n",
    "fit_result": {
        "Lorentzian_peak": {
            "success": true,
            "message": "Fit succeeded.",
            "params": {
                "x0": {
                    "name": "x0",
                    "user_data": null,
                    "init_value": 4125628140.7035174,
                    "min": -Infinity,
                    "max": Infinity,
                    "brute_step": null,
                    "stderr": 701341.9679856119,
                    "correl": {
                        "width": -0.004401389415985273,
                        "a": -0.002069143435052703,
                        "c": 0.0019387106249205723
                    },
                    "value": 4124494956.4828644
                },
                "width": {
                    "name": "width",
                    "user_data": null,
                    "init_value": 28355248.200331375,
                    "min": -Infinity,
                    "max": Infinity,
                    "brute_step": null,
                    "stderr": 1853352.7115204756,
                    "correl": {
                        "x0": -0.004401389415985273,
                        "a": 0.7415122153468767,
                        "c": -0.31443493571266684
                    },
                    "value": 12636613.945562217
                },
                "a": {
                    "name": "a",
                    "user_data": null,
                    "init_value": 21127.986227882622,
                    "min": -Infinity,
                    "max": Infinity,
                    "brute_step": null,
                    "stderr": 340.8938415403738,
                    "correl": {
                        "x0": -0.002069143435052703,
                        "width": 0.7415122153468767,
                        "c": -0.43801077694162016
                    },
                    "value": 3113.1530195345235
                },
                "c": {
                    "name": "c",
                    "user_data": null,
                    "init_value": 0.0006775482092739419,
                    "min": -Infinity,
                    "max": Infinity,
                    "brute_step": null,
                    "stderr": 3.182066200201251e-06,
                    "correl": {
                        "x0": 0.0019387106249205723,
                        "width": -0.31443493571266684,
                        "a": -0.43801077694162016
                    },
                    "value": 0.0006643239912574748
                }
            }
        }
    }
}