{
    "fit_success": true,
    "frequency_01": {
        "__dtype__": "UFloat",
        "nominal_value": 4112589660.204005,
        "std_dev": 468915.8887571534
    },
    "fit_msg": "Summary\nFrequency 0-1: 4.11259$\\pm$0.00047 GHz\nPeak width: 10.0$\\pm$1.3 MHz\n",
    "fit_result": {
        "Lorentzian_peak": {
            "success": true,
            "message": "Fit succeeded.",
            "params": {
                "x0": {
                    "name": "x0",
                    "user_data": null,
                    "init_value": 4110822747.0623074,
                    "min": -Infinity,
                    "max": Infinity,
                    "brute_step": null,
                    "stderr": 468915.8887571534,
                    "correl": {
                        "width": -0.03700782276913957,
                        "a": -0.02119887691139624,
                        "c": 0.00884477265721109
                    },
                    "value": 4112589660.204005
                },
                "width": {
                    "name": "width",
                    "user_data": null,
                    "init_value": 40201512.61036511,
                    "min": -Infinity,
                    "max": Infinity,
                    "brute_step": null,
                    "stderr": 1332420.7666003527,
                    "correl": {
                        "x0": -0.03700782276913957,
                        "a": 0.7455095465406207,
                        "c": -0.301137479814283
                    },
                    "value": 9960134.506309532
                },
                "a": {
                    "name": "a",
                    "user_data": null,
                    "init_value": 32908.40518600773,
                    "min": -Infinity,
                    "max": Infinity,
                    "brute_step": null,
                    "stderr": 295.08207848252283,
                    "correl": {
                        "x0": -0.02119887691139624,
                        "width": 0.7455095465406207,
                        "c": -0.4092691379090457
                    },
                    "value": 3089.8746759664587
                },
                "c": {
                    "name": "c",
                    "user_data": null,
                    "init_value": 0.0009587390484853361,
                    "min": -Infinity,
                    "max": Infinity,
                    "brute_step": null,
                    "stderr": 3.0560628632479337e-06,
                    "correl": {
                        "x0": 0.00884477265721109,
                        "width": -0.301137479814283,
                        "a": -0.4092691379090457
                    },
                    "value": 0.0009454283949058671
                }
            }
        }
    }
}