{
    "fit_success": true,
    "Pi-pulse amplitude": {
        "__dtype__": "UFloat",
        "nominal_value": 0.11883488288325322,
        "std_dev": 0.0013275891782439703
    },
    "fit_msg": "Summary\nPi-pulse amplitude: 118.8$\\pm$1.3 mV\nOscillation amplitude: 175$\\pm$11 \u03bcV\nOffset: 907.6$\\pm$8.1 \u03bcV\n",
    "fit_result": {
        "Rabi_oscillation": {
            "success": true,
            "message": "Fit succeeded.",
            "params": {
                "frequency": {
                    "name": "frequency",
                    "user_data": null,
                    "init_value": 4.95,
                    "min": 0,
                    "max": Infinity,
                    "brute_step": null,
                    "stderr": 0.04700519128263223,
                    "correl": {
                        "amplitude": 0.07279190053781937,
                        "offset": -0.07331070957786198
                    },
                    "value": 4.207518767794927
                },
                "amplitude": {
                    "name": "amplitude",
                    "user_data": null,
                    "init_value": 0.0003120275818414152,
                    "min": 0,
                    "max": Infinity,
                    "brute_step": null,
                    "stderr": 1.128132392330806e-05,
                    "correl": {
                        "frequency": 0.07279190053781937,
                        "offset": -0.1192030566761526
                    },
                    "value": 0.00017476965092022567
                },
                "offset": {
                    "name": "offset",
                    "user_data": null,
                    "init_value": 0.0009219809444147603,
                    "min": -Infinity,
                    "max": Infinity,
                    "brute_step": null,
                    "stderr": 8.121536972460473e-06,
                    "correl": {
                        "frequency": -0.07331070957786198,
                        "amplitude": -0.1192030566761526
                    },
                    "value": 0.0009075781969931053
                },
                "phase": {
                    "name": "phase",
                    "user_data": null,
                    "init_value": 3.141592653589793,
                    "min": -Infinity,
                    "max": Infinity,
                    "brute_step": null,
                    "stderr": 0.0,
                    "correl": null,
                    "value": 3.141592653589793
                },
                "amp180": {
                    "name": "amp180",
                    "user_data": null,
                    "init_value": 0.10101010101010101,
                    "min": -Infinity,
                    "max": Infinity,
                    "brute_step": null,
                    "stderr": 0.0013275891782439703,
                    "correl": null,
                    "value": 0.11883488288325322
                }
            }
        }
    }
}