{
    "fit_success": true,
    "Qi": {
        "__dtype__": "UFloat",
        "nominal_value": 33723.49477526814,
        "std_dev": 2206.1576156936017
    },
    "Qe": {
        "__dtype__": "UFloat",
        "nominal_value": 7335.1341432197,
        "std_dev": 95.24769004735604
    },
    "Ql": {
        "__dtype__": "UFloat",
        "nominal_value": 6718.230667952065,
        "std_dev": 117.92513846852441
    },
    "Qc": {
        "__dtype__": "UFloat",
        "nominal_value": 8389.557529576206,
        "std_dev": 124.59156545295245
    },
    "fr": {
        "__dtype__": "UFloat",
        "nominal_value": 5720933679.665322,
        "std_dev": 7473.291075401916
    },
    "fit_msg": "Summary\n$Q_I$: 33.7$\\pm$2.2 k\n$Q_C$: 8.39$\\pm$0.12 k\n$f_{res}$: 5.7209337$\\pm$7.5e-06 GHz",
    "fit_result": {
        "hanger_func_complex_SI": {
            "success": true,
            "message": "Fit succeeded.",
            "params": {
                "fr": {
                    "name": "fr",
                    "user_data": null,
                    "init_value": 5721150753.768845,
                    "min": 5711000000.0,
                    "max": 5731000000.0,
                    "brute_step": null,
                    "stderr": 7473.291075401916,
                    "correl": {
                        "Ql": 0.00011793924481070423,
                        "Qe": 0.021354421507777385,
                        "A": 0.12233674532147891,
                        "theta": -0.7544267818732028,
                        "phi_v": -0.1323813109826399,
                        "phi_0": 0.13214354002513717,
                        "alpha": 0.246440227183296
                    },
                    "value": 5720933679.665322
                },
                "Ql": {
                    "name": "Ql",
                    "user_data": null,
                    "init_value": 1288.8468309073364,
                    "min": 28.605753768844224,
                    "max": 56925.45000003529,
                    "brute_step": null,
                    "stderr": 117.92513846852441,
                    "correl": {
                        "fr": 0.00011793924481070423,
                        "Qe": 0.7544586862120358,
                        "A": -0.2362057721485946,
                        "theta": 0.02112228016630142,
                        "phi_v": 0.24568608074747547,
                        "phi_0": -0.24581571664176385,
                        "alpha": 0.1310391326075825
                    },
                    "value": 6718.230667952065
                },
                "Qe": {
                    "name": "Qe",
                    "user_data": null,
                    "init_value": 1263.3251114834288,
                    "min": 0,
                    "max": Infinity,
                    "brute_step": null,
                    "stderr": 95.24769004735604,
                    "correl": {
                        "fr": 0.021354421507777385,
                        "Ql": 0.7544586862120358,
                        "A": -0.1713762817503219,
                        "theta": -0.00010030831785457781,
                        "phi_v": 0.328859228874342,
                        "phi_0": -0.32903974481128695,
                        "alpha": 0.18623016598482947
                    },
                    "value": 7335.1341432197
                },
                "A": {
                    "name": "A",
                    "user_data": null,
                    "init_value": 0.259179046272841,
                    "min": 0,
                    "max": Infinity,
                    "brute_step": null,
                    "stderr": 0.0005461916667063633,
                    "correl": {
                        "fr": 0.12233674532147891,
                        "Ql": -0.2362057721485946,
                        "Qe": -0.1713762817503219,
                        "theta": -0.17067269146917385,
                        "phi_v": -0.07404481059966701,
                        "phi_0": 0.07404964751246441,
                        "alpha": -0.019310894238282098
                    },
                    "value": 0.26821776264464847
                },
                "theta": {
                    "name": "theta",
                    "user_data": null,
                    "init_value": 0,
                    "min": -1.5707963267948966,
                    "max": 1.5707963267948966,
                    "brute_step": null,
                    "stderr": 0.012983950368989984,
                    "correl": {
                        "fr": -0.7544267818732028,
                        "Ql": 0.02112228016630142,
                        "Qe": -0.00010030831785457781,
                        "A": -0.17067269146917385,
                        "phi_v": 0.18817857536485771,
                        "phi_0": -0.1880058337660065,
                        "alpha": -0.3299279582649578
                    },
                    "value": 0.5067691782828443
                },
                "phi_v": {
                    "name": "phi_v",
                    "user_data": null,
                    "init_value": -1.2816789729336437e-07,
                    "min": -Infinity,
                    "max": Infinity,
                    "brute_step": null,
                    "stderr": 3.5471905309483293e-10,
                    "correl": {
                        "fr": -0.1323813109826399,
                        "Ql": 0.24568608074747547,
                        "Qe": 0.328859228874342,
                        "A": -0.07404481059966701,
                        "theta": 0.18817857536485771,
                        "phi_0": -0.9999994955466082,
                        "alpha": -0.006452215509272064
                    },
                    "value": -1.1433041877554212e-07
                },
                "phi_0": {
                    "name": "phi_0",
                    "user_data": null,
                    "init_value": 730.0677138179574,
                    "min": -Infinity,
                    "max": Infinity,
                    "brute_step": null,
                    "stderr": 2.029287402648383,
                    "correl": {
                        "fr": 0.13214354002513717,
                        "Ql": -0.24581571664176385,
                        "Qe": -0.32903974481128695,
                        "A": 0.07404964751246441,
                        "theta": -0.1880058337660065,
                        "phi_v": -0.9999994955466082,
                        "alpha": 0.006362962494907708
                    },
                    "value": 651.0846195244948
                },
                "alpha": {
                    "name": "alpha",
                    "user_data": null,
                    "init_value": 0,
                    "min": -1,
                    "max": 1,
                    "brute_step": null,
                    "stderr": 2.29640205326796,
                    "correl": {
                        "fr": 0.246440227183296,
                        "Ql": 0.1310391326075825,
                        "Qe": 0.18623016598482947,
                        "A": -0.019310894238282098,
                        "theta": -0.3299279582649578,
                        "phi_v": -0.006452215509272064,
                        "phi_0": 0.006362962494907708
                    },
                    "value": 0.9999041863443296
                },
                "Qi": {
                    "name": "Qi",
                    "user_data": null,
                    "init_value": -63797.91812991335,
                    "min": -Infinity,
                    "max": Infinity,
                    "brute_step": null,
                    "stderr": 2206.1576156936017,
                    "correl": null,
                    "value": 33723.49477526814
                },
                "Qc": {
                    "name": "Qc",
                    "user_data": null,
                    "init_value": 1263.3251114834288,