{
    "fit_success": true,
    "Qi": {
        "__dtype__": "UFloat",
        "nominal_value": 1727.9936456023852,
        "std_dev": 307.5929382818616
    },
    "Qe": {
        "__dtype__": "UFloat",
        "nominal_value": 573114.4040618333,
        "std_dev": 153090.28235174637
    },
    "Ql": {
        "__dtype__": "UFloat",
        "nominal_value": 1727.9805357828027,
        "std_dev": 307.03193910202594
    },
    "Qc": {
        "__dtype__": "UFloat",
        "nominal_value": 227763575.7542667,
        "std_dev": 24192373756.917027
    },
    "fr": {
        "__dtype__": "UFloat",
        "nominal_value": 5904382939.94853,
        "std_dev": 303737.06012681295
    },
    "fit_msg": "Summary\n$Q_I$: 1.73$\\pm$0.31 k\n$Q_C$: 2.3e+02$\\pm$2.4e+04 M\n$f_{res}$: 5.90438$\\pm$0.00030 GHz",
    "fit_result": {
        "hanger_func_complex_SI": {
            "success": true,
            "message": "Fit succeeded.",
            "params": {
                "fr": {
                    "name": "fr",
                    "user_data": null,
                    "init_value": 5904698492.462312,
                    "min": 5895000000.0,
                    "max": 5905000000.0,
                    "brute_step": null,
                    "stderr": 303737.06012681295,
                    "correl": {
                        "Ql": 0.00038674727729949435,
                        "Qe": -0.3997451714891103,
                        "A": 0.4590191606479902,
                        "theta": -0.8795047246383122,
                        "phi_v": 0.40765090588708536,
                        "phi_0": -0.4070583093148161,
                        "alpha": 0.7110401080340486
                    },
                    "value": 5904382939.94853
                },
                "Ql": {
                    "name": "Ql",
                    "user_data": null,
                    "init_value": 2660.3920319688073,
                    "min": 59.046984924623125,
                    "max": 117503.50000118784,
                    "brute_step": null,
                    "stderr": 307.03193910202594,
                    "correl": {
                        "fr": 0.00038674727729949435,
                        "Qe": 0.8792075561383212,
                        "A": 0.739952521333229,
                        "theta": -0.39983269630364615,
                        "phi_v": -0.6813190958169454,
                        "phi_0": 0.6814859719894623,
                        "alpha": 0.35392570340769447
                    },
                    "value": 1727.9805357828027
                },
                "Qe": {
                    "name": "Qe",
                    "user_data": null,
                    "init_value": 2607.711001632791,
                    "min": 0,
                    "max": Infinity,
                    "brute_step": null,
                    "stderr": 153090.28235174637,
                    "correl": {
                        "fr": -0.3997451714891103,
                        "Ql": 0.8792075561383212,
                        "A": 0.50027070960298,
                        "theta": 0.00029729122474530953,
                        "phi_v": -0.8861361628848924,
                        "phi_0": 0.8860660272067026,
                        "alpha": 0.022354730275646856
                    },
                    "value": 573114.4040618333
                },
                "A": {
                    "name": "A",
                    "user_data": null,
                    "init_value": 0.09797754557150448,
                    "min": 0,
                    "max": Infinity,
                    "brute_step": null,
                    "stderr": 3.6160033668187866e-05,
                    "correl": {
                        "fr": 0.4590191606479902,
                        "Ql": 0.739952521333229,
                        "Qe": 0.50027070960298,
                        "theta": -0.8070540524197602,
                        "phi_v": -0.36038278555364256,
                        "phi_0": 0.36087400562550837,
                        "alpha": 0.8564938242368282
                    },
                    "value": 0.09781326582269867
                },
                "theta": {
                    "name": "theta",
                    "user_data": null,
                    "init_value": 0,
                    "min": -1.5707963267948966,
                    "max": 1.5707963267948966,
                    "brute_step": null,
                    "stderr": 0.2672704463830461,
                    "correl": {
                        "fr": -0.8795047246383122,
                        "Ql": -0.39983269630364615,
                        "Qe": 0.00029729122474530953,
                        "A": -0.8070540524197602,
                        "phi_v": -0.09152207655774723,
                        "phi_0": 0.09087746838588039,
                        "alpha": -0.8905627397873056
                    },
                    "value": 1.5682800552314782
                },
                "phi_v": {
                    "name": "phi_v",
                    "user_data": null,
                    "init_value": -1.3060535812909005e-06,
                    "min": -Infinity,
                    "max": Infinity,
                    "brute_step": null,
                    "stderr": 4.261584243961278e-11,
                    "correl": {
                        "fr": 0.40765090588708536,
                        "Ql": -0.6813190958169454,
                        "Qe": -0.8861361628848924,
                        "A": -0.36038278555364256,
                        "theta": -0.09152207655774723,
                        "phi_0": -0.9999997343378806,
                        "alpha": 0.07736445084397284
                    },
                    "value": -1.3050049921965888e-06
                },
                "phi_0": {
                    "name": "phi_0",
                    "user_data": null,
                    "init_value": 7696.5521505259185,
                    "min": -Infinity,
                    "max": Infinity,
                    "brute_step": null,
                    "stderr": 0.25126220650762193,
                    "correl": {
                        "fr": -0.4070583093148161,
                        "Ql": 0.6814859719894623,
                        "Qe": 0.8860660272067026,
                        "A": 0.36087400562550837,
                        "theta": 0.09087746838588039,
                        "phi_v": -0.9999997343378806,
                        "alpha": -0.0767874342442872
                    },
                    "value": 7690.371106620926
                },
                "alpha": {
                    "name": "alpha",
                    "user_data": null,
                    "init_value": 0,
                    "min": -1,
                    "max": 1,
                    "brute_step": null,
                    "stderr": 0.25216492580955113,
                    "correl": {
                        "fr": 0.7110401080340486,
                        "Ql": 0.35392570340769447,
                        "Qe": 0.022354730275646856,
                        "A": 0.8564938242368282,
                        "theta": -0.8905627397873056,
                        "phi_v": 0.07736445084397284,
                        "phi_0": -0.0767874342442872
                    },
                    "value": -0.9890160709460829
                },
                "Qi": {
                    "name": "Qi",
                    "user_data": null,
                    "init_value": -131689.40558245583,
                    "min": -Infinity,
                    "max": Infinity,
                    "brute_step": null,
                    "stderr": 307.5929382818616,
                    "correl": null,
                    "value": 1727.9936456023852
                },
                "Qc": {
                    "name": "Qc",
                    "user_data": null,
                    "init_value": 2607.711001632791,