{
    "amplitude": {
        "__dtype__": "UFloat",
        "nominal_value": 384122.25117244746,
        "std_dev": 24223.51615965208
    },
    "frequency": {
        "__dtype__": "UFloat",
        "nominal_value": 8.888092953052972,
        "std_dev": 0.4112043488229981
    },
    "shift": {
        "__dtype__": "UFloat",
        "nominal_value": 0.3305384582490154,
        "std_dev": 0.06924350131247091
    },
    "offset": {
        "__dtype__": "UFloat",
        "nominal_value": 6106783321.228805,
        "std_dev": 54593.91255613848
    },
    "offset_0": {
        "__dtype__": "UFloat",
        "nominal_value": 0.13954150514592276,
        "std_dev": 0.01011786237299908
    },
    "freq_0": 6107167443.479977,
    "fit_success": true,
    "fit_msg": "Summary:\nf_0: 6.1072 GHz\noffset_0: 140$\\pm$10 mV\n",
    "fit_result": {
        "sin": {
            "success": true,
            "message": "Fit succeeded.",
            "params": {
                "amplitude": {
                    "name": "amplitude",
                    "user_data": null,
                    "init_value": 393762.3509976376,
                    "min": 0,
                    "max": Infinity,
                    "brute_step": null,
                    "stderr": 24223.51615965208,
                    "correl": {
                        "frequency": 0.20993937012624134,
                        "shift": 0.037892184551033214
                    },
                    "value": 384122.25117244746
                },
                "frequency": {
                    "name": "frequency",
                    "user_data": null,
                    "init_value": 10.122909661567112,
                    "min": 0,
                    "max": Infinity,
                    "brute_step": null,
                    "stderr": 0.4112043488229981,
                    "correl": {
                        "amplitude": 0.20993937012624134,
                        "shift": -0.17706369242065328
                    },
                    "value": 8.888092953052972
                },
                "shift": {
                    "name": "shift",
                    "user_data": null,
                    "init_value": 0.5711986642890533,
                    "min": -6.283195307179586,
                    "max": 6.283195307179586,
                    "brute_step": null,
                    "stderr": 0.06924350131247091,
                    "correl": {
                        "amplitude": 0.037892184551033214,
                        "frequency": -0.17706369242065328
                    },
                    "value": 0.3305384582490154
                },
                "offset": {
                    "name": "offset",
                    "user_data": null,
                    "init_value": 6106783321.228805,
                    "min": -Infinity,
                    "max": Infinity,
                    "brute_step": null,
                    "stderr": 54593.91255613848,
                    "correl": null,
                    "value": 6106783321.228805
                }
            }
        }
    }
}