{
    "fit_success": true,
    "Qi": {
        "__dtype__": "UFloat",
        "nominal_value": 17064.75725290536,
        "std_dev": 328.70579604308665
    },
    "Qe": {
        "__dtype__": "UFloat",
        "nominal_value": 3051.004305202309,
        "std_dev": 14.283595290560497
    },
    "Ql": {
        "__dtype__": "UFloat",
        "nominal_value": 2618.5046019313495,
        "std_dev": 14.996085156829508
    },
    "Qc": {
        "__dtype__": "UFloat",
        "nominal_value": 3093.130549295863,
        "std_dev": 14.68015932527586
    },
    "fr": {
        "__dtype__": "UFloat",
        "nominal_value": 6008025218.472113,
        "std_dev": 6568.5191853064935
    },
    "fit_msg": "Summary\n$Q_I$: 17.06$\\pm$0.33 k\n$Q_C$: 3.093$\\pm$0.015 k\n$f_{res}$: 6.0080252$\\pm$6.6e-06 GHz",
    "fit_result": {
        "hanger_func_complex_SI": {
            "success": true,
            "message": "Fit succeeded.",
            "params": {
                "fr": {
                    "name": "fr",
                    "user_data": null,
                    "init_value": 6008190954.7738695,
                    "min": 5990000000.0,
                    "max": 6010000000.0,
                    "brute_step": null,
                    "stderr": 6568.5191853064935,
                    "correl": {
                        "Ql": 0.00025570942608542694,
                        "Qe": 0.04866563386416672,
                        "A": 0.37640191043690546,
                        "theta": -0.8775699688635443,
                        "phi_v": -0.5116368990681495,
                        "phi_0": 0.511476448189447,
                        "alpha": -0.17733732203525143
                    },
                    "value": 6008025218.472113
                },
                "Ql": {
                    "name": "Ql",
                    "user_data": null,
                    "init_value": 1353.5105444381543,
                    "min": 30.040954773869345,
                    "max": 59781.50000003706,
                    "brute_step": null,
                    "stderr": 14.996085156829508,
                    "correl": {
                        "fr": 0.00025570942608542694,
                        "Qe": 0.877633690774679,
                        "A": -0.5340611589156693,
                        "theta": 0.04820471954422107,
                        "phi_v": -0.17997443838521363,
                        "phi_0": 0.17952713998527112,
                        "alpha": 0.5127738096942005
                    },
                    "value": 2618.5046019313495
                },
                "Qe": {
                    "name": "Qe",
                    "user_data": null,
                    "init_value": 1326.708355439379,
                    "min": 0,
                    "max": Infinity,
                    "brute_step": null,
                    "stderr": 14.283595290560497,
                    "correl": {
                        "fr": 0.04866563386416672,
                        "Ql": 0.877633690774679,
                        "A": -0.4741445132763586,
                        "theta": -0.00020330312936108646,
                        "phi_v": -0.2488888810860676,
                        "phi_0": 0.24836039988587866,
                        "alpha": 0.47347166895504245
                    },
                    "value": 3051.004305202309
                },
                "A": {
                    "name": "A",
                    "user_data": null,
                    "init_value": 0.008084089404345482,
                    "min": 0,
                    "max": Infinity,
                    "brute_step": null,
                    "stderr": 1.7296209543001543e-05,
                    "correl": {
                        "fr": 0.37640191043690546,
                        "Ql": -0.5340611589156693,
                        "Qe": -0.4741445132763586,
                        "theta": -0.47750553674204416,
                        "phi_v": -0.10558971259930554,
                        "phi_0": 0.10578708211173868,
                        "alpha": -0.888514938634343
                    },
                    "value": 0.008724324203430056
                },
                "theta": {
                    "name": "theta",
                    "user_data": null,
                    "init_value": 0,
                    "min": -1.5707963267948966,
                    "max": 1.5707963267948966,
                    "brute_step": null,
                    "stderr": 0.004680285993960748,
                    "correl": {
                        "fr": -0.8775699688635443,
                        "Ql": 0.04820471954422107,
                        "Qe": -0.00020330312936108646,
                        "A": -0.47750553674204416,
                        "phi_v": 0.472005414103731,
                        "phi_0": -0.4718960704384378,
                        "alpha": 0.2464264582534082
                    },
                    "value": 0.16522903884211804
                },
                "phi_v": {
                    "name": "phi_v",
                    "user_data": null,
                    "init_value": -1.00658482767235e-07,
                    "min": -Infinity,
                    "max": Infinity,
                    "brute_step": null,
                    "stderr": 1.6146905715634983e-10,
                    "correl": {
                        "fr": -0.5116368990681495,
                        "Ql": -0.17997443838521363,
                        "Qe": -0.2488888810860676,
                        "A": -0.10558971259930554,
                        "theta": 0.472005414103731,
                        "phi_0": -0.9999995591891885,
                        "alpha": -0.00462505731075525
                    },
                    "value": -7.344345488470468e-08
                },
                "phi_0": {
                    "name": "phi_0",
                    "user_data": null,
                    "init_value": 604.3084992676007,
                    "min": -Infinity,
                    "max": Infinity,
                    "brute_step": null,
                    "stderr": 0.9683500340853696,
                    "correl": {
                        "fr": 0.511476448189447,
                        "Ql": 0.17952713998527112,
                        "Qe": 0.24836039988587866,
                        "A": 0.10578708211173868,
                        "theta": -0.4718960704384378,
                        "phi_v": -0.9999995591891885,
                        "alpha": 0.00440412398942992
                    },
                    "value": 441.35330095661806
                },
                "alpha": {
                    "name": "alpha",
                    "user_data": null,
                    "init_value": 0,
                    "min": -1,
                    "max": 1,
                    "brute_step": null,
                    "stderr": 1.0822761956693672,
                    "correl": {
                        "fr": -0.17733732203525143,
                        "Ql": 0.5127738096942005,
                        "Qe": 0.47347166895504245,
                        "A": -0.888514938634343,
                        "theta": 0.2464264582534082,
                        "phi_v": -0.00462505731075525,
                        "phi_0": 0.00440412398942992
                    },
                    "value": -0.9999879914446911
                },
                "Qi": {
                    "name": "Qi",
                    "user_data": null,
                    "init_value": -66998.7719496885,
                    "min": -Infinity,
                    "max": Infinity,
                    "brute_step": null,
                    "stderr": 328.70579604308665,
                    "correl": null,
                    "value": 17064.75725290536
                },
                "Qc": {
                    "name": "Qc",
                    "user_data": null,
                    "init_value": 1326.708355439379,