{
    "amplitude": {
        "__dtype__": "UFloat",
        "nominal_value": 297658.8792855963,
        "std_dev": 12917.12939700015
    },
    "frequency": {
        "__dtype__": "UFloat",
        "nominal_value": 8.95422585290214,
        "std_dev": 0.22267839898154237
    },
    "shift": {
        "__dtype__": "UFloat",
        "nominal_value": 1.9865725914536831,
        "std_dev": 0.04709021545897333
    },
    "offset": {
        "__dtype__": "UFloat",
        "nominal_value": 5835562758.620689,
        "std_dev": 35766.45077707243
    },
    "offset_0": {
        "__dtype__": "UFloat",
        "nominal_value": -0.04643352440390255,
        "std_dev": 0.005384275395823065
    },
    "freq_0": 5835860417.499975,
    "fit_success": true,
    "fit_msg": "Summary:\nf_0: 5.8359 GHz\noffset_0: -46.4$\\pm$5.4 mV\n",
    "fit_result": {
        "sin": {
            "success": true,
            "message": "Fit succeeded.",
            "params": {
                "amplitude": {
                    "name": "amplitude",
                    "user_data": null,
                    "init_value": 302642.41065976064,
                    "min": 0,
                    "max": Infinity,
                    "brute_step": null,
                    "stderr": 12917.12939700015,
                    "correl": {
                        "frequency": -0.059580974598065495,
                        "shift": 0.08396346475516477
                    },
                    "value": 297658.8792855963
                },
                "frequency": {
                    "name": "frequency",
                    "user_data": null,
                    "init_value": 7.6576320931251205,
                    "min": 0,
                    "max": Infinity,
                    "brute_step": null,
                    "stderr": 0.22267839898154237,
                    "correl": {
                        "amplitude": -0.059580974598065495,
                        "shift": 0.07324633811050743
                    },
                    "value": 8.95422585290214
                },
                "shift": {
                    "name": "shift",
                    "user_data": null,
                    "init_value": 1.7135959928671598,
                    "min": -6.283195307179586,
                    "max": 6.283195307179586,
                    "brute_step": null,
                    "stderr": 0.04709021545897333,
                    "correl": {
                        "amplitude": 0.08396346475516477,
                        "frequency": 0.07324633811050743
                    },
                    "value": 1.9865725914536831
                },
                "offset": {
                    "name": "offset",
                    "user_data": null,
                    "init_value": 5835562758.620689,
                    "min": -Infinity,
                    "max": Infinity,
                    "brute_step": null,
                    "stderr": 35766.45077707243,
                    "correl": null,
                    "value": 5835562758.620689
                }
            }
        }
    }
}