{
    "fit_success": true,
    "Qi": {
        "__dtype__": "UFloat",
        "nominal_value": 18693.54424694831,
        "std_dev": 454.96594293555
    },
    "Qe": {
        "__dtype__": "UFloat",
        "nominal_value": 2400.732954432729,
        "std_dev": 13.510194396298877
    },
    "Ql": {
        "__dtype__": "UFloat",
        "nominal_value": 2133.4437174138084,
        "std_dev": 13.789743563199037
    },
    "Qc": {
        "__dtype__": "UFloat",
        "nominal_value": 2408.2960401551363,
        "std_dev": 13.595460842090013
    },
    "fr": {
        "__dtype__": "UFloat",
        "nominal_value": 6106770578.373317,
        "std_dev": 9250.782595278328
    },
    "fit_msg": "Summary\n$Q_I$: 18.69$\\pm$0.45 k\n$Q_C$: 2.408$\\pm$0.014 k\n$f_{res}$: 6.1067706$\\pm$9.3e-06 GHz",
    "fit_result": {
        "hanger_func_complex_SI": {
            "success": true,
            "message": "Fit succeeded.",
            "params": {
                "fr": {
                    "name": "fr",
                    "user_data": null,
                    "init_value": 6106872864.321608,
                    "min": 6102300000.0,
                    "max": 6112300000.0,
                    "brute_step": null,
                    "stderr": 9250.782595278328,
                    "correl": {
                        "Ql": 2.036619896890444e-05,
                        "Qe": 0.04230855477109426,
                        "A": 0.09035540460237576,
                        "theta": -0.9132701514091844,
                        "phi_v": 0.07687988154188237,
                        "phi_0": -0.0772579399278279,
                        "alpha": -0.6442979989134724
                    },
                    "value": 6106770578.373317
                },
                "Ql": {
                    "name": "Ql",
                    "user_data": null,
                    "init_value": 2751.482726717977,
                    "min": 61.068728643216076,
                    "max": 121526.7700012285,
                    "brute_step": null,
                    "stderr": 13.789743563199037,
                    "correl": {
                        "fr": 2.036619896890444e-05,
                        "Qe": 0.9132680593504481,
                        "A": -0.7410519566027272,
                        "theta": 0.04229553294184769,
                        "phi_v": 0.6446763202278581,
                        "phi_0": -0.6446519475701857,
                        "alpha": 0.0799773134907159
                    },
                    "value": 2133.4437174138084
                },
                "Qe": {
                    "name": "Qe",
                    "user_data": null,
                    "init_value": 2696.9979202483146,
                    "min": 0,
                    "max": Infinity,
                    "brute_step": null,
                    "stderr": 13.510194396298877,
                    "correl": {
                        "fr": 0.04230855477109426,
                        "Ql": 0.9132680593504481,
                        "A": -0.7031884760120843,
                        "theta": 9.687089973443195e-06,
                        "phi_v": 0.7640994808443975,
                        "phi_0": -0.7640898688390214,
                        "alpha": 0.03657829489477882
                    },
                    "value": 2400.732954432729
                },
                "A": {
                    "name": "A",
                    "user_data": null,
                    "init_value": 0.003129549975724465,
                    "min": 0,
                    "max": Infinity,
                    "brute_step": null,
                    "stderr": 8.088851639051099e-06,
                    "correl": {
                        "fr": 0.09035540460237576,
                        "Ql": -0.7410519566027272,
                        "Qe": -0.7031884760120843,
                        "theta": -0.14521384339498533,
                        "phi_v": -0.5145450243653564,
                        "phi_0": 0.5144895758094715,
                        "alpha": -0.21809995563775175
                    },
                    "value": 0.004111917214909777
                },
                "theta": {
                    "name": "theta",
                    "user_data": null,
                    "init_value": 0,
                    "min": -1.5707963267948966,
                    "max": 1.5707963267948966,
                    "brute_step": null,
                    "stderr": 0.005627463935108431,
                    "correl": {
                        "fr": -0.9132701514091844,
                        "Ql": 0.04229553294184769,
                        "Qe": 9.687089973443195e-06,
                        "A": -0.14521384339498533,
                        "phi_v": -0.032964733023765715,
                        "phi_0": 0.03332598475905249,
                        "alpha": 0.7639188300890253
                    },
                    "value": 0.07927263512107685
                },
                "phi_v": {
                    "name": "phi_v",
                    "user_data": null,
                    "init_value": -1.9372809117607905e-07,
                    "min": -Infinity,
                    "max": Infinity,
                    "brute_step": null,
                    "stderr": 6.030672914081225e-10,
                    "correl": {
                        "fr": 0.07687988154188237,
                        "Ql": 0.6446763202278581,
                        "Qe": 0.7640994808443975,
                        "A": -0.5145450243653564,
                        "theta": -0.032964733023765715,
                        "phi_0": -0.999999867695277,
                        "alpha": 0.004515184280693289
                    },
                    "value": -6.978411667911194e-08
                },
                "phi_0": {
                    "name": "phi_0",
                    "user_data": null,
                    "init_value": 1184.9116138414315,
                    "min": -Infinity,
                    "max": Infinity,
                    "brute_step": null,
                    "stderr": 3.6832201751037412,
                    "correl": {
                        "fr": -0.0772579399278279,
                        "Ql": -0.6446519475701857,
                        "Qe": -0.7640898688390214,
                        "A": 0.5144895758094715,
                        "theta": 0.03332598475905249,
                        "phi_v": -0.999999867695277,
                        "alpha": -0.004254124347250326
                    },
                    "value": 428.84592995958127
                },
                "alpha": {
                    "name": "alpha",
                    "user_data": null,
                    "init_value": 0,
                    "min": -1,
                    "max": 1,
                    "brute_step": null,
                    "stderr": 1.5169466110648993,
                    "correl": {
                        "fr": -0.6442979989134724,
                        "Ql": 0.0799773134907159,
                        "Qe": 0.03657829489477882,
                        "A": -0.21809995563775175,
                        "theta": 0.7639188300890253,
                        "phi_v": 0.004515184280693289,
                        "phi_0": -0.004254124347250326
                    },
                    "value": -0.9999948192928089
                },
                "Qi": {
                    "name": "Qi",
                    "user_data": null,
                    "init_value": -136198.39497254003,
                    "min": -Infinity,
                    "max": Infinity,
                    "brute_step": null,
                    "stderr": 454.96594293555,
                    "correl": null,
                    "value": 18693.54424694831
                },
                "Qc": {
                    "name": "Qc",
                    "user_data": null,
                    "init_value": 2696.9979202483146,