{
    "fit_success": true,
    "Qi": {
        "__dtype__": "UFloat",
        "nominal_value": 31473.221436522705,
        "std_dev": 984.4872837157552
    },
    "Qe": {
        "__dtype__": "UFloat",
        "nominal_value": 4406.3376868615815,
        "std_dev": 18.964041031432377
    },
    "Ql": {
        "__dtype__": "UFloat",
        "nominal_value": 4439.814481882601,
        "std_dev": 25.80882536745839
    },
    "Qc": {
        "__dtype__": "UFloat",
        "nominal_value": 5168.984603377445,
        "std_dev": 26.094108890090038
    },
    "fr": {
        "__dtype__": "UFloat",
        "nominal_value": 5905539363.035323,
        "std_dev": 3865.7462591397566
    },
    "fit_msg": "Summary\n$Q_I$: 31.47$\\pm$0.98 k\n$Q_C$: 5.169$\\pm$0.026 k\n$f_{res}$: 5.9055394$\\pm$3.9e-06 GHz",
    "fit_result": {
        "hanger_func_complex_SI": {
            "success": true,
            "message": "Fit succeeded.",
            "params": {
                "fr": {
                    "name": "fr",
                    "user_data": null,
                    "init_value": 5905824623.115578,
                    "min": 5890900000.0,
                    "max": 5920900000.0,
                    "brute_step": null,
                    "stderr": 3865.7462591397566,
                    "correl": {
                        "Ql": 0.00018063123678276134,
                        "Qe": 0.027013401707828517,
                        "A": 0.13840913953949485,
                        "theta": -0.7542698263724786,
                        "phi_v": -0.1385568058403976,
                        "phi_0": 0.13821100940951955,
                        "alpha": 0.24929224326900476
                    },
                    "value": 5905539363.035323
                },
                "Ql": {
                    "name": "Ql",
                    "user_data": null,
                    "init_value": 886.9664719572727,
                    "min": 19.68608207705193,
                    "max": 39175.303333481526,
                    "brute_step": null,
                    "stderr": 25.80882536745839,
                    "correl": {
                        "fr": 0.00018063123678276134,
                        "Qe": 0.7543220720118335,
                        "A": -0.23374996530297107,
                        "theta": 0.026671311977096077,
                        "phi_v": 0.2485845146527131,
                        "phi_0": -0.24878616447450533,
                        "alpha": 0.13739369798712842
                    },
                    "value": 4439.814481882601
                },
                "Qe": {
                    "name": "Qe",
                    "user_data": null,
                    "init_value": 869.4027794432673,
                    "min": 0,
                    "max": Infinity,
                    "brute_step": null,
                    "stderr": 18.964041031432377,
                    "correl": {
                        "fr": 0.027013401707828517,
                        "Ql": 0.7543220720118335,
                        "A": -0.14881889740599286,
                        "theta": -0.00013824354481307136,
                        "phi_v": 0.3301173585528285,
                        "phi_0": -0.33039899587567745,
                        "alpha": 0.2000519181944707
                    },
                    "value": 4406.3376868615815
                },
                "A": {
                    "name": "A",
                    "user_data": null,
                    "init_value": 0.28719104208571244,
                    "min": 0,
                    "max": Infinity,
                    "brute_step": null,
                    "stderr": 0.00022522938772385725,
                    "correl": {
                        "fr": 0.13840913953949485,
                        "Ql": -0.23374996530297107,
                        "Qe": -0.14881889740599286,
                        "theta": -0.19312976059404777,
                        "phi_v": -0.07618918710180886,
                        "phi_0": 0.07619260273550375,
                        "alpha": 0.00628668839281062
                    },
                    "value": 0.29777925988930143
                },
                "theta": {
                    "name": "theta",
                    "user_data": null,
                    "init_value": 0,
                    "min": -1.5707963267948966,
                    "max": 1.5707963267948966,
                    "brute_step": null,
                    "stderr": 0.004303208984921883,
                    "correl": {
                        "fr": -0.7542698263724786,
                        "Ql": 0.026671311977096077,
                        "Qe": -0.00013824354481307136,
                        "A": -0.19312976059404777,
                        "phi_v": 0.20184721912161052,
                        "phi_0": -0.20162337367901711,
                        "alpha": -0.33114380297629176
                    },
                    "value": 0.5501289547324286
                },
                "phi_v": {
                    "name": "phi_v",
                    "user_data": null,
                    "init_value": -1.1862764577353724e-07,
                    "min": -Infinity,
                    "max": Infinity,
                    "brute_step": null,
                    "stderr": 8.788097363735954e-11,
                    "correl": {
                        "fr": -0.1385568058403976,
                        "Ql": 0.2485845146527131,
                        "Qe": 0.3301173585528285,
                        "A": -0.07618918710180886,
                        "theta": 0.20184721912161052,
                        "phi_0": -0.9999989361944339,
                        "alpha": -0.006144168402458816
                    },
                    "value": -1.0620083353520735e-07
                },
                "phi_0": {
                    "name": "phi_0",
                    "user_data": null,
                    "init_value": 696.8418005538948,
                    "min": -Infinity,
                    "max": Infinity,
                    "brute_step": null,
                    "stderr": 0.5189907924278439,
                    "correl": {
                        "fr": 0.13821100940951955,
                        "Ql": -0.24878616447450533,
                        "Qe": -0.33039899587567745,
                        "A": 0.07619260273550375,
                        "theta": -0.20162337367901711,
                        "phi_v": -0.9999989361944339,
                        "alpha": 0.0060156568179218365
                    },
                    "value": 623.6438790159176
                },
                "alpha": {
                    "name": "alpha",
                    "user_data": null,
                    "init_value": 0,
                    "min": -1,
                    "max": 1,
                    "brute_step": null,
                    "stderr": 0.5280164504636833,
                    "correl": {
                        "fr": 0.24929224326900476,
                        "Ql": 0.13739369798712842,
                        "Qe": 0.2000519181944707,
                        "A": 0.00628668839281062,
                        "theta": -0.33114380297629176,
                        "phi_v": -0.006144168402458816,
                        "phi_0": 0.0060156568179218365
                    },
                    "value": 0.9999771074693382
                },
                "Qi": {
                    "name": "Qi",
                    "user_data": null,
                    "init_value": -43904.84036188498,
                    "min": -Infinity,
                    "max": Infinity,
                    "brute_step": null,
                    "stderr": 984.4872837157552,
                    "correl": null,
                    "value": 31473.221436522705
                },
                "Qc": {
                    "name": "Qc",
                    "user_data": null,