{
    "fit_success": true,
    "Qi": {
        "__dtype__": "UFloat",
        "nominal_value": 35974.819525901774,
        "std_dev": 3770.332055914171
    },
    "Qe": {
        "__dtype__": "UFloat",
        "nominal_value": 7672.230499022365,
        "std_dev": 151.40281798765977
    },
    "Ql": {
        "__dtype__": "UFloat",
        "nominal_value": 7096.129307156943,
        "std_dev": 192.34316821380926
    },
    "Qc": {
        "__dtype__": "UFloat",
        "nominal_value": 8839.804340978482,
        "std_dev": 200.97832377286647
    },
    "fr": {
        "__dtype__": "UFloat",
        "nominal_value": 5720930544.814124,
        "std_dev": 10925.643091797334
    },
    "fit_msg": "Summary\n$Q_I$: 36.0$\\pm$3.8 k\n$Q_C$: 8.84$\\pm$0.20 k\n$f_{res}$: 5.720931$\\pm$1.1e-05 GHz",
    "fit_result": {
        "hanger_func_complex_SI": {
            "success": true,
            "message": "Fit succeeded.",
            "params": {
                "fr": {
                    "name": "fr",
                    "user_data": null,
                    "init_value": 5721075376.884422,
                    "min": 5706000000.0,
                    "max": 5736000000.0,
                    "brute_step": null,
                    "stderr": 10925.643091797334,
                    "correl": {
                        "Ql": 0.00010986605168235923,
                        "Qe": 0.013950069869405786,
                        "A": 0.10043060964092834,
                        "theta": -0.7378522705415809,
                        "phi_v": -0.10893882789701313,
                        "phi_0": 0.10866111146380171,
                        "alpha": 0.19545608533650263
                    },
                    "value": 5720930544.814124
                },
                "Ql": {
                    "name": "Ql",
                    "user_data": null,
                    "init_value": 859.2199001262984,
                    "min": 19.070251256281406,
                    "max": 37949.800000143565,
                    "brute_step": null,
                    "stderr": 192.34316821380926,
                    "correl": {
                        "fr": 0.00010986605168235923,
                        "Qe": 0.7378873411558934,
                        "A": -0.18347131364792413,
                        "theta": 0.013734210174261354,
                        "phi_v": 0.19490320707383055,
                        "phi_0": -0.1950594867022204,
                        "alpha": 0.10799271120775455
                    },
                    "value": 7096.129307156943
                },
                "Qe": {
                    "name": "Qe",
                    "user_data": null,
                    "init_value": 842.2056446782528,
                    "min": 0,
                    "max": Infinity,
                    "brute_step": null,
                    "stderr": 151.40281798765977,
                    "correl": {
                        "fr": 0.013950069869405786,
                        "Ql": 0.7378873411558934,
                        "A": -0.12776190660879508,
                        "theta": -9.111435773676306e-05,
                        "phi_v": 0.2658347858515969,
                        "phi_0": -0.26605340064016175,
                        "alpha": 0.15324187017717722
                    },
                    "value": 7672.230499022365
                },
                "A": {
                    "name": "A",
                    "user_data": null,
                    "init_value": 0.25638557498358755,
                    "min": 0,
                    "max": Infinity,
                    "brute_step": null,
                    "stderr": 0.0006647810502851313,
                    "correl": {
                        "fr": 0.10043060964092834,
                        "Ql": -0.18347131364792413,
                        "Qe": -0.12776190660879508,
                        "theta": -0.14046769332885264,
                        "phi_v": -0.045841862561763785,
                        "phi_0": 0.04584738435451076,
                        "alpha": -0.011382061531485898
                    },
                    "value": 0.26191487024813864
                },
                "theta": {
                    "name": "theta",
                    "user_data": null,
                    "init_value": 0,
                    "min": -1.5707963267948966,
                    "max": 1.5707963267948966,
                    "brute_step": null,
                    "stderr": 0.019732085545289973,
                    "correl": {
                        "fr": -0.7378522705415809,
                        "Ql": 0.013734210174261354,
                        "Qe": -9.111435773676306e-05,
                        "A": -0.14046769332885264,
                        "phi_v": 0.15472266322585485,
                        "phi_0": -0.1545289111091267,
                        "alpha": -0.26661749907300525
                    },
                    "value": 0.5197999006746752
                },
                "phi_v": {
                    "name": "phi_v",
                    "user_data": null,
                    "init_value": -1.1977802133675836e-07,
                    "min": -Infinity,
                    "max": Infinity,
                    "brute_step": null,
                    "stderr": 2.938501521456954e-10,
                    "correl": {
                        "fr": -0.10893882789701313,
                        "Ql": 0.19490320707383055,
                        "Qe": 0.2658347858515969,
                        "A": -0.045841862561763785,
                        "theta": 0.15472266322585485,
                        "phi_0": -0.9999988593330364,
                        "alpha": -0.006301588077597682
                    },
                    "value": -1.1162044052398883e-07
                },
                "phi_0": {
                    "name": "phi_0",
                    "user_data": null,
                    "init_value": 682.0561144548773,
                    "min": -Infinity,
                    "max": Infinity,
                    "brute_step": null,
                    "stderr": 1.6810727908617706,
                    "correl": {
                        "fr": 0.10866111146380171,
                        "Ql": -0.1950594867022204,
                        "Qe": -0.26605340064016175,
                        "A": 0.04584738435451076,
                        "theta": -0.1545289111091267,
                        "phi_v": -0.9999988593330364,
                        "alpha": 0.006217222391965434
                    },
                    "value": 635.5332903423495
                },
                "alpha": {
                    "name": "alpha",
                    "user_data": null,
                    "init_value": 0,
                    "min": -1,
                    "max": 1,
                    "brute_step": null,
                    "stderr": 1.8247465632574096,
                    "correl": {
                        "fr": 0.19545608533650263,
                        "Ql": 0.10799271120775455,
                        "Qe": 0.15324187017717722,
                        "A": -0.011382061531485898,
                        "theta": -0.26661749907300525,
                        "phi_v": -0.006301588077597682,
                        "phi_0": 0.006217222391965434
                    },
                    "value": 0.9999685559230458
                },
                "Qi": {
                    "name": "Qi",
                    "user_data": null,
                    "init_value": -42531.38505625164,
                    "min": -Infinity,
                    "max": Infinity,
                    "brute_step": null,
                    "stderr": 3770.332055914171,
                    "correl": null,
                    "value": 35974.819525901774
                },
                "Qc": {
                    "name": "Qc",
                    "user_data": null,
                    "init_value": 842.2056446782528,