{
    "fit_success": true,
    "Qi": {
        "__dtype__": "UFloat",
        "nominal_value": 15766.070569116664,
        "std_dev": 180.09381894275433
    },
    "Qe": {
        "__dtype__": "UFloat",
        "nominal_value": 8220.241475467683,
        "std_dev": 39.436527031522054
    },
    "Ql": {
        "__dtype__": "UFloat",
        "nominal_value": 6382.87556920385,
        "std_dev": 38.7140003655437
    },
    "Qc": {
        "__dtype__": "UFloat",
        "nominal_value": 10724.797540591842,
        "std_dev": 67.12889931618788
    },
    "fr": {
        "__dtype__": "UFloat",
        "nominal_value": 5719785280.348704,
        "std_dev": 2717.8407852162236
    },
    "fit_msg": "Summary\n$Q_I$: 15.77$\\pm$0.18 k\n$Q_C$: 10.725$\\pm$0.067 k\n$f_{res}$: 5.7197853$\\pm$2.7e-06 GHz",
    "fit_result": {
        "hanger_func_complex_SI": {
            "success": true,
            "message": "Fit succeeded.",
            "params": {
                "fr": {
                    "name": "fr",
                    "user_data": null,
                    "init_value": 5720075376.884422,
                    "min": 5715000000.0,
                    "max": 5725000000.0,
                    "brute_step": null,
                    "stderr": 2717.8407852162236,
                    "correl": {
                        "Ql": 5.433053341289758e-05,
                        "Qe": 0.0536558469580913,
                        "A": 0.23170875052946938,
                        "theta": -0.8005188462012967,
                        "phi_v": -0.23241619888419243,
                        "phi_0": 0.23225018611784431,
                        "alpha": -0.3379411197231389
                    },
                    "value": 5719785280.348704
                },
                "Ql": {
                    "name": "Ql",
                    "user_data": null,
                    "init_value": 2577.2091452849777,
                    "min": 57.20075376884422,
                    "max": 113829.5000011507,
                    "brute_step": null,
                    "stderr": 38.7140003655437,
                    "correl": {
                        "fr": 5.433053341289758e-05,
                        "Qe": 0.8004755755741425,
                        "A": -0.31869432266171005,
                        "theta": 0.05351710676769507,
                        "phi_v": 0.3213166508043533,
                        "phi_0": -0.32144496452872123,
                        "alpha": -0.20754794233710686
                    },
                    "value": 6382.87556920385
                },
                "Qe": {
                    "name": "Qe",
                    "user_data": null,
                    "init_value": 2526.175300823889,
                    "min": 0,
                    "max": Infinity,
                    "brute_step": null,
                    "stderr": 39.436527031522054,
                    "correl": {
                        "fr": 0.0536558469580913,
                        "Ql": 0.8004755755741425,
                        "A": -0.24803452933671416,
                        "theta": -8.857114498656959e-05,
                        "phi_v": 0.3967803544161712,
                        "phi_0": -0.3969555588246751,
                        "alpha": -0.3076293915431856
                    },
                    "value": 8220.241475467683
                },
                "A": {
                    "name": "A",
                    "user_data": null,
                    "init_value": 0.0037476897139759623,
                    "min": 0,
                    "max": Infinity,
                    "brute_step": null,
                    "stderr": 3.391324958883692e-06,
                    "correl": {
                        "fr": 0.23170875052946938,
                        "Ql": -0.31869432266171005,
                        "Qe": -0.24803452933671416,
                        "theta": -0.3219562706136611,
                        "phi_v": -0.15308731569338982,
                        "phi_0": 0.15310549633707315,
                        "alpha": -0.012288665875988477
                    },
                    "value": 0.003977744979284159
                },
                "theta": {
                    "name": "theta",
                    "user_data": null,
                    "init_value": 0,
                    "min": -1.5707963267948966,
                    "max": 1.5707963267948966,
                    "brute_step": null,
                    "stderr": 0.004798045647980016,
                    "correl": {
                        "fr": -0.8005188462012967,
                        "Ql": 0.05351710676769507,
                        "Qe": -8.857114498656959e-05,
                        "A": -0.3219562706136611,
                        "phi_v": 0.33839498411383795,
                        "phi_0": -0.338262957243262,
                        "alpha": 0.4211850921692199
                    },
                    "value": 0.6974685332055048
                },
                "phi_v": {
                    "name": "phi_v",
                    "user_data": null,
                    "init_value": -1.370505426028235e-06,
                    "min": -Infinity,
                    "max": Infinity,
                    "brute_step": null,
                    "stderr": 2.991013556427129e-10,
                    "correl": {
                        "fr": -0.23241619888419243,
                        "Ql": 0.3213166508043533,
                        "Qe": 0.3967803544161712,
                        "A": -0.15308731569338982,
                        "theta": 0.33839498411383795,
                        "phi_0": -0.9999998726177978,
                        "alpha": 0.07496852337180199
                    },
                    "value": -1.3099525188730797e-06
                },
                "phi_0": {
                    "name": "phi_0",
                    "user_data": null,
                    "init_value": 7831.936393046633,
                    "min": -Infinity,
                    "max": Infinity,
                    "brute_step": null,
                    "stderr": 1.710800201996546,
                    "correl": {
                        "fr": 0.23225018611784431,
                        "Ql": -0.32144496452872123,
                        "Qe": -0.3969555588246751,
                        "A": 0.15310549633707315,
                        "theta": -0.338262957243262,
                        "phi_v": -0.9999998726177978,
                        "alpha": -0.07485898530623461
                    },
                    "value": 7485.939332894847
                },
                "alpha": {
                    "name": "alpha",
                    "user_data": null,
                    "init_value": 0,
                    "min": -1,
                    "max": 1,
                    "brute_step": null,
                    "stderr": 1.7146673874737504,
                    "correl": {
                        "fr": -0.3379411197231389,
                        "Ql": -0.20754794233710686,
                        "Qe": -0.3076293915431856,
                        "A": -0.012288665875988477,
                        "theta": 0.4211850921692199,
                        "phi_v": 0.07496852337180199,
                        "phi_0": -0.07485898530623461
                    },
                    "value": -0.9760101106492858
                },
                "Qi": {
                    "name": "Qi",
                    "user_data": null,
                    "init_value": -127571.85269160561,
                    "min": -Infinity,
                    "max": Infinity,
                    "brute_step": null,
                    "stderr": 180.09381894275433,
                    "correl": null,
                    "value": 15766.070569116664
                },
                "Qc": {
                    "name": "Qc",
                    "user_data": null,
                    "init_value": 2526.175300823889,