{
    "fit_success": true,
    "Qi": {
        "__dtype__": "UFloat",
        "nominal_value": 13284.350801286608,
        "std_dev": 326.85487565425314
    },
    "Qe": {
        "__dtype__": "UFloat",
        "nominal_value": 8023.588639172825,
        "std_dev": 96.0357294471585
    },
    "Ql": {
        "__dtype__": "UFloat",
        "nominal_value": 5923.883671503238,
        "std_dev": 88.21806213917753
    },
    "Qc": {
        "__dtype__": "UFloat",
        "nominal_value": 10691.569897762562,
        "std_dev": 170.51537596084654
    },
    "fr": {
        "__dtype__": "UFloat",
        "nominal_value": 5718652626.781096,
        "std_dev": 7187.519008523647
    },
    "fit_msg": "Summary\n$Q_I$: 13.28$\\pm$0.33 k\n$Q_C$: 10.69$\\pm$0.17 k\n$f_{res}$: 5.7186526$\\pm$7.2e-06 GHz",
    "fit_result": {
        "hanger_func_complex_SI": {
            "success": true,
            "message": "Fit succeeded.",
            "params": {
                "fr": {
                    "name": "fr",
                    "user_data": null,
                    "init_value": 5718912814.070352,
                    "min": 5716350000.0,
                    "max": 5726350000.0,
                    "brute_step": null,
                    "stderr": 7187.519008523647,
                    "correl": {
                        "Ql": 0.00010075528936341626,
                        "Qe": 0.1087008882516334,
                        "A": 0.355448236243922,
                        "theta": -0.8129573181552807,
                        "phi_v": 0.1145071205447152,
                        "phi_0": -0.11473170943368048,
                        "alpha": 0.425116082742097
                    },
                    "value": 5718652626.781096
                },
                "Ql": {
                    "name": "Ql",
                    "user_data": null,
                    "init_value": 2576.68534667762,
                    "min": 57.189128140703524,
                    "max": 113806.36500115047,
                    "brute_step": null,
                    "stderr": 88.21806213917753,
                    "correl": {
                        "fr": 0.00010075528936341626,
                        "Qe": 0.8129959058806765,
                        "A": -0.3890225581564919,
                        "theta": 0.1086103413175965,
                        "phi_v": 0.4257918708747065,
                        "phi_0": -0.4258265022434322,
                        "alpha": -0.11655874690949708
                    },
                    "value": 5923.883671503238
                },
                "Qe": {
                    "name": "Qe",
                    "user_data": null,
                    "init_value": 2525.661874466182,
                    "min": 0,
                    "max": Infinity,
                    "brute_step": null,
                    "stderr": 96.0357294471585,
                    "correl": {
                        "fr": 0.1087008882516334,
                        "Ql": 0.8129959058806765,
                        "A": -0.2679792669787134,
                        "theta": 1.829078512910764e-05,
                        "phi_v": 0.5638338173486015,
                        "phi_0": -0.5639116981804841,
                        "alpha": 0.034412068287732134
                    },
                    "value": 8023.588639172825
                },
                "A": {
                    "name": "A",
                    "user_data": null,
                    "init_value": 0.002172299777392169,
                    "min": 0,
                    "max": Infinity,
                    "brute_step": null,
                    "stderr": 7.050854916732879e-06,
                    "correl": {
                        "fr": 0.355448236243922,
                        "Ql": -0.3890225581564919,
                        "Qe": -0.2679792669787134,
                        "theta": -0.514304481761148,
                        "phi_v": -0.16296137726699855,
                        "phi_0": 0.16287384036813446,
                        "alpha": 0.7252587776836718
                    },
                    "value": 0.002367820718018221
                },
                "theta": {
                    "name": "theta",
                    "user_data": null,
                    "init_value": 0,
                    "min": -1.5707963267948966,
                    "max": 1.5707963267948966,
                    "brute_step": null,
                    "stderr": 0.011967982693725777,
                    "correl": {
                        "fr": -0.8129573181552807,
                        "Ql": 0.1086103413175965,
                        "Qe": 1.829078512910764e-05,
                        "A": -0.514304481761148,
                        "phi_v": 0.03720068669881589,
                        "phi_0": -0.03698391546245322,
                        "alpha": -0.5638674260952405
                    },
                    "value": 0.7220394960696397
                },
                "phi_v": {
                    "name": "phi_v",
                    "user_data": null,
                    "init_value": -7.725403822920283e-08,
                    "min": -Infinity,
                    "max": Infinity,
                    "brute_step": null,
                    "stderr": 7.127059708477203e-10,
                    "correl": {
                        "fr": 0.1145071205447152,
                        "Ql": 0.4257918708747065,
                        "Qe": 0.5638338173486015,
                        "A": -0.16296137726699855,
                        "theta": 0.03720068669881589,
                        "phi_0": -0.9999998729635725,
                        "alpha": -0.004659797276623682
                    },
                    "value": -7.943914403279776e-08
                },
                "phi_0": {
                    "name": "phi_0",
                    "user_data": null,
                    "init_value": 440.8015959305415,
                    "min": -Infinity,
                    "max": Infinity,
                    "brute_step": null,
                    "stderr": 4.0778771838854055,
                    "correl": {
                        "fr": -0.11473170943368048,
                        "Ql": -0.4258265022434322,
                        "Qe": -0.5639116981804841,
                        "A": 0.16287384036813446,
                        "theta": -0.03698391546245322,
                        "phi_v": -0.9999998729635725,
                        "alpha": 0.004537877215471249
                    },
                    "value": 453.4306058921344
                },
                "alpha": {
                    "name": "alpha",
                    "user_data": null,
                    "init_value": 0,
                    "min": -1,
                    "max": 1,
                    "brute_step": null,
                    "stderr": 0.2403546747500109,
                    "correl": {
                        "fr": 0.425116082742097,
                        "Ql": -0.11655874690949708,
                        "Qe": 0.034412068287732134,
                        "A": 0.7252587776836718,
                        "theta": -0.5638674260952405,
                        "phi_v": -0.004659797276623682,
                        "phi_0": 0.004537877215471249
                    },
                    "value": -0.9999998613214283
                },
                "Qi": {
                    "name": "Qi",
                    "user_data": null,
                    "init_value": -127545.92466054164,
                    "min": -Infinity,
                    "max": Infinity,
                    "brute_step": null,
                    "stderr": 326.85487565425314,
                    "correl": null,
                    "value": 13284.350801286608
                },
                "Qc": {
                    "name": "Qc",
                    "user_data": null,
                    "init_value": 2525.661874466182,