{
    "fit_success": true,
    "Qi": {
        "__dtype__": "UFloat",
        "nominal_value": 799.4488264017946,
        "std_dev": 168.12447723150018
    },
    "Qe": {
        "__dtype__": "UFloat",
        "nominal_value": 11292.502953879937,
        "std_dev": 4871.306426342678
    },
    "Ql": {
        "__dtype__": "UFloat",
        "nominal_value": 753.0904434049016,
        "std_dev": 170.4263626568722
    },
    "Qc": {
        "__dtype__": "UFloat",
        "nominal_value": 12987.020517838322,
        "std_dev": 6438.203118629055
    },
    "fr": {
        "__dtype__": "UFloat",
        "nominal_value": 5995917474.819165,
        "std_dev": 900279.9129786147
    },
    "fit_msg": "Summary\n$Q_I$: 8.0e+02$\\pm$1.7e+02 \n$Q_C$: 13.0$\\pm$6.4 k\n$f_{res}$: 5.99592$\\pm$0.00090 GHz",
    "fit_result": {
        "hanger_func_complex_SI": {
            "success": true,
            "message": "Fit succeeded.",
            "params": {
                "fr": {
                    "name": "fr",
                    "user_data": null,
                    "init_value": 5996557788.944724,
                    "min": 5995000000.0,
                    "max": 6005000000.0,
                    "brute_step": null,
                    "stderr": 900279.9129786147,
                    "correl": {
                        "Ql": 0.0016425719775558449,
                        "Qe": 0.40526195626019673,
                        "A": -0.2788629871901241,
                        "theta": -0.9012231918662381,
                        "phi_v": 0.8126294138243032,
                        "phi_0": -0.8132808566455552,
                        "alpha": 0.32874321586215594
                    },
                    "value": 5995917474.819165
                },
                "Ql": {
                    "name": "Ql",
                    "user_data": null,
                    "init_value": 2701.7797066715952,
                    "min": 59.965577889447246,
                    "max": 119331.50000120632,
                    "brute_step": null,
                    "stderr": 170.4263626568722,
                    "correl": {
                        "fr": 0.0016425719775558449,
                        "Qe": 0.9014592824840246,
                        "A": -0.9201267812073508,
                        "theta": 0.40280356511218535,
                        "phi_v": 0.39717577420499683,
                        "phi_0": -0.39605559493814013,
                        "alpha": -0.8413559920534261
                    },
                    "value": 753.0904434049016
                },
                "Qe": {
                    "name": "Qe",
                    "user_data": null,
                    "init_value": 2648.279118420672,
                    "min": 0,
                    "max": Infinity,
                    "brute_step": null,
                    "stderr": 4871.306426342678,
                    "correl": {
                        "fr": 0.40526195626019673,
                        "Ql": 0.9014592824840246,
                        "A": -0.9808309171489775,
                        "theta": -0.0010613560116924329,
                        "phi_v": 0.73305403912743,
                        "phi_0": -0.7322625183378894,
                        "alpha": -0.6651435084321069
                    },
                    "value": 11292.502953879937
                },
                "A": {
                    "name": "A",
                    "user_data": null,
                    "init_value": 0.01094351441504918,
                    "min": 0,
                    "max": Infinity,
                    "brute_step": null,
                    "stderr": 0.00019981241606495856,
                    "correl": {
                        "fr": -0.2788629871901241,
                        "Ql": -0.9201267812073508,
                        "Qe": -0.9808309171489775,
                        "theta": -0.1331636953084823,
                        "phi_v": -0.6484117524086412,
                        "phi_0": 0.6474760617577521,
                        "alpha": 0.7826659006198737
                    },
                    "value": 0.011445664457589766
                },
                "theta": {
                    "name": "theta",
                    "user_data": null,
                    "init_value": 0,
                    "min": -1.5707963267948966,
                    "max": 1.5707963267948966,
                    "brute_step": null,
                    "stderr": 0.43088047204133734,
                    "correl": {
                        "fr": -0.9012231918662381,
                        "Ql": 0.40280356511218535,
                        "Qe": -0.0010613560116924329,
                        "A": -0.1331636953084823,
                        "phi_v": -0.6086623756328411,
                        "phi_0": 0.6097264918495797,
                        "alpha": -0.6807463550715873
                    },
                    "value": 0.5165621989332339
                },
                "phi_v": {
                    "name": "phi_v",
                    "user_data": null,
                    "init_value": -1.3194112480471543e-06,
                    "min": -Infinity,
                    "max": Infinity,
                    "brute_step": null,
                    "stderr": 1.3920137582152702e-09,
                    "correl": {
                        "fr": 0.8126294138243032,
                        "Ql": 0.39717577420499683,
                        "Qe": 0.73305403912743,
                        "A": -0.6484117524086412,
                        "theta": -0.6086623756328411,
                        "phi_0": -0.9999990855730382,
                        "alpha": -0.08078733892948904
                    },
                    "value": -1.3271614571295783e-06
                },
                "phi_0": {
                    "name": "phi_0",
                    "user_data": null,
                    "init_value": 7909.431557356758,
                    "min": -Infinity,
                    "max": Infinity,
                    "brute_step": null,
                    "stderr": 8.359698156853968,
                    "correl": {
                        "fr": -0.8132808566455552,
                        "Ql": -0.39605559493814013,
                        "Qe": -0.7322625183378894,
                        "A": 0.6474760617577521,
                        "theta": 0.6097264918495797,
                        "phi_v": -0.9999990855730382,
                        "alpha": 0.07950872359460205
                    },
                    "value": 7955.957464853328
                },
                "alpha": {
                    "name": "alpha",
                    "user_data": null,
                    "init_value": 0,
                    "min": -1,
                    "max": 1,
                    "brute_step": null,
                    "stderr": 8.373115401881458,
                    "correl": {
                        "fr": 0.32874321586215594,
                        "Ql": -0.8413559920534261,
                        "Qe": -0.6651435084321069,
                        "A": 0.7826659006198737,
                        "theta": -0.6807463550715873,
                        "phi_v": -0.08078733892948904,
                        "phi_0": 0.07950872359460205
                    },
                    "value": -0.9875041683444251
                },
                "Qi": {
                    "name": "Qi",
                    "user_data": null,
                    "init_value": -133738.09548024248,
                    "min": -Infinity,
                    "max": Infinity,
                    "brute_step": null,
                    "stderr": 168.12447723150018,
                    "correl": null,
                    "value": 799.4488264017946
                },
                "Qc": {
                    "name": "Qc",
                    "user_data": null,
                    "init_value": 2648.279118420672,