{
    "T2*": {
        "__dtype__": "UFloat",
        "nominal_value": 3.730559737791239e-06,
        "std_dev": 1.9799496157415942e-07
    },
    "fitted_detuning": {
        "__dtype__": "UFloat",
        "nominal_value": 484037.9633404573,
        "std_dev": 2320.760453998171
    },
    "detuning": {
        "__dtype__": "UFloat",
        "nominal_value": -2115962.0366595425,
        "std_dev": 2320.760453998171
    },
    "fit_success": true,
    "fit_msg": "Summary\n$T_2^*$: 3.73$\\pm$0.20 \u03bcs\n\nartificial detuning: 2.6 MHz\nfitted detuning: 484.0$\\pm$2.3 kHz\nactual detuning: -2.1160$\\pm$0.0023 MHz\n",
    "fit_result": {
        "Ramsey_decay": {
            "success": true,
            "message": "Fit succeeded.",
            "params": {
                "tau": {
                    "name": "tau",
                    "user_data": null,
                    "init_value": 1.0693333333333331e-05,
                    "min": 0,
                    "max": Infinity,
                    "brute_step": null,
                    "stderr": 1.9799496157415942e-07,
                    "correl": {
                        "frequency": 0.08892849404308012,
                        "phase": -0.12392027266077567,
                        "amplitude": -0.6998740874774944,
                        "offset": 0.013947060113127664
                    },
                    "value": 3.730559737791239e-06
                },
                "n_factor": {
                    "name": "n_factor",
                    "user_data": null,
                    "init_value": 1,
                    "min": -Infinity,
                    "max": Infinity,
                    "brute_step": null,
                    "stderr": 0.0,
                    "correl": null,
                    "value": 1
                },
                "frequency": {
                    "name": "frequency",
                    "user_data": null,
                    "init_value": 495049.50495049503,
                    "min": 0,
                    "max": Infinity,
                    "brute_step": null,
                    "stderr": 2320.760453998171,
                    "correl": {
                        "tau": 0.08892849404308012,
                        "phase": -0.7175779157671002,
                        "amplitude": -0.12848825299644895,
                        "offset": -0.08758358014237336
                    },
                    "value": 484037.9633404573
                },
                "phase": {
                    "name": "phase",
                    "user_data": null,
                    "init_value": 6.158765796146327,
                    "min": -Infinity,
                    "max": Infinity,
                    "brute_step": null,
                    "stderr": 0.03848321967981211,
                    "correl": {
                        "tau": -0.12392027266077567,
                        "frequency": -0.7175779157671002,
                        "amplitude": 0.178813024912361,
                        "offset": 0.12000683068959171
                    },
                    "value": 6.408323934430598
                },
                "amplitude": {
                    "name": "amplitude",
                    "user_data": null,
                    "init_value": 0.00026448368279947845,
                    "min": 0,
                    "max": Infinity,
                    "brute_step": null,
                    "stderr": 1.2172118022223453e-05,
                    "correl": {
                        "tau": -0.6998740874774944,
                        "frequency": -0.12848825299644895,
                        "phase": 0.178813024912361,
                        "offset": -0.0025737548443953324
                    },
                    "value": 0.00032754662411771385
                },
                "offset": {
                    "name": "offset",
                    "user_data": null,
                    "init_value": 0.0012760231301820538,
                    "min": -Infinity,
                    "max": Infinity,
                    "brute_step": null,
                    "stderr": 2.115978156311141e-06,
                    "correl": {
                        "tau": 0.013947060113127664,
                        "frequency": -0.08758358014237336,
                        "phase": 0.12000683068959171,
                        "amplitude": -0.0025737548443953324
                    },
                    "value": 0.0012755465328025113
                }
            }
        }
    }
}