{
    "fit_success": true,
    "frequency_01": {
        "__dtype__": "UFloat",
        "nominal_value": 4292933414.326005,
        "std_dev": 14784508.886291336
    },
    "fit_msg": "Summary\nFrequency 0-1: 4.293$\\pm$0.015 GHz\nPeak width: 41$\\pm$46 MHz\n",
    "fit_result": {
        "Lorentzian_peak": {
            "success": true,
            "message": "Fit succeeded.",
            "params": {
                "x0": {
                    "name": "x0",
                    "user_data": null,
                    "init_value": 4316883353.122913,
                    "min": -Infinity,
                    "max": Infinity,
                    "brute_step": null,
                    "stderr": 14784508.886291336,
                    "correl": {
                        "width": 0.19631630294333702,
                        "a": 0.18725450935217516,
                        "c": 0.0017810700930107114
                    },
                    "value": 4292933414.326005
                },
                "width": {
                    "name": "width",
                    "user_data": null,
                    "init_value": 40201512.61036511,
                    "min": -Infinity,
                    "max": Infinity,
                    "brute_step": null,
                    "stderr": 45528768.423701935,
                    "correl": {
                        "x0": 0.19631630294333702,
                        "a": 0.8370092051739656,
                        "c": -0.4011906873658781
                    },
                    "value": 40608181.90514806
                },
                "a": {
                    "name": "a",
                    "user_data": null,
                    "init_value": 1332345.5275116025,
                    "min": -Infinity,
                    "max": Infinity,
                    "brute_step": null,
                    "stderr": 521768.5408973758,
                    "correl": {
                        "x0": 0.18725450935217516,
                        "width": 0.8370092051739656,
                        "c": -0.5658159456128674
                    },
                    "value": 579878.4349939695
                },
                "c": {
                    "name": "c",
                    "user_data": null,
                    "init_value": 0.0939495561234791,
                    "min": -Infinity,
                    "max": Infinity,
                    "brute_step": null,
                    "stderr": 0.002214863595125444,
                    "correl": {
                        "x0": 0.0017810700930107114,
                        "width": -0.4011906873658781,
                        "a": -0.5658159456128674
                    },
                    "value": 0.092039626418326
                }
            }
        }
    }
}