{
    "amplitude": {
        "__dtype__": "UFloat",
        "nominal_value": 335217.7771732752,
        "std_dev": 18310.237150473957
    },
    "frequency": {
        "__dtype__": "UFloat",
        "nominal_value": 9.375023371688995,
        "std_dev": 0.30595848991362
    },
    "shift": {
        "__dtype__": "UFloat",
        "nominal_value": 0.9969346114444111,
        "std_dev": 0.054555881914502516
    },
    "offset": {
        "__dtype__": "UFloat",
        "nominal_value": 6106820000.0,
        "std_dev": 48184.829332253896
    },
    "offset_0": {
        "__dtype__": "UFloat",
        "nominal_value": 0.061211763704339346,
        "std_dev": 0.0061526192689425946
    },
    "freq_0": 6107155217.777173,
    "fit_success": true,
    "fit_msg": "Summary:\nf_0: 6.1072 GHz\noffset_0: 61.2$\\pm$6.2 mV\n",
    "fit_result": {
        "sin": {
            "success": true,
            "message": "Fit succeeded.",
            "params": {
                "amplitude": {
                    "name": "amplitude",
                    "user_data": null,
                    "init_value": 327649.28046099615,
                    "min": 0,
                    "max": Infinity,
                    "brute_step": null,
                    "stderr": 18310.237150473957,
                    "correl": {
                        "frequency": -0.14299837599159124,
                        "shift": 0.10033288572015749
                    },
                    "value": 335217.7771732752
                },
                "frequency": {
                    "name": "frequency",
                    "user_data": null,
                    "init_value": 10.053096491487338,
                    "min": 0,
                    "max": Infinity,
                    "brute_step": null,
                    "stderr": 0.30595848991362,
                    "correl": {
                        "amplitude": -0.14299837599159124,
                        "shift": -0.27121891181359953
                    },
                    "value": 9.375023371688995
                },
                "shift": {
                    "name": "shift",
                    "user_data": null,
                    "init_value": 1.1423973285781066,
                    "min": -6.283195307179586,
                    "max": 6.283195307179586,
                    "brute_step": null,
                    "stderr": 0.054555881914502516,
                    "correl": {
                        "amplitude": 0.10033288572015749,
                        "frequency": -0.27121891181359953
                    },
                    "value": 0.9969346114444111
                },
                "offset": {
                    "name": "offset",
                    "user_data": null,
                    "init_value": 6106820000.0,
                    "min": -Infinity,
                    "max": Infinity,
                    "brute_step": null,
                    "stderr": 48184.829332253896,
                    "correl": null,
                    "value": 6106820000.0
                }
            }
        }
    }
}