{
    "fit_success": true,
    "Pi-pulse amplitude": {
        "__dtype__": "UFloat",
        "nominal_value": 0.4007357295056531,
        "std_dev": 0.0020687914199822447
    },
    "fit_msg": "Summary\nPi-pulse amplitude: 400.7$\\pm$2.1 mV\nOscillation amplitude: 234.3$\\pm$4.4 \u03bcV\nOffset: 1.2152$\\pm$0.0031 mV\n",
    "fit_result": {
        "Rabi_oscillation": {
            "success": true,
            "message": "Fit succeeded.",
            "params": {
                "frequency": {
                    "name": "frequency",
                    "user_data": null,
                    "init_value": 1.4142857142857164,
                    "min": 0,
                    "max": Infinity,
                    "brute_step": null,
                    "stderr": 0.006441256271590562,
                    "correl": {
                        "amplitude": -0.09441575017492396,
                        "offset": 0.3491595858344414
                    },
                    "value": 1.2477050664207034
                },
                "amplitude": {
                    "name": "amplitude",
                    "user_data": null,
                    "init_value": 0.0002560652594917193,
                    "min": 0,
                    "max": Infinity,
                    "brute_step": null,
                    "stderr": 4.360418633885419e-06,
                    "correl": {
                        "frequency": -0.09441575017492396,
                        "offset": -0.20129885794643432
                    },
                    "value": 0.00023434769815233736
                },
                "offset": {
                    "name": "offset",
                    "user_data": null,
                    "init_value": 0.0012436939462334069,
                    "min": -Infinity,
                    "max": Infinity,
                    "brute_step": null,
                    "stderr": 3.1247772548071767e-06,
                    "correl": {
                        "frequency": 0.3491595858344414,
                        "amplitude": -0.20129885794643432
                    },
                    "value": 0.0012151704575117247
                },
                "phase": {
                    "name": "phase",
                    "user_data": null,
                    "init_value": 3.141592653589793,
                    "min": -Infinity,
                    "max": Infinity,
                    "brute_step": null,
                    "stderr": 0.0,
                    "correl": null,
                    "value": 3.141592653589793
                },
                "amp180": {
                    "name": "amp180",
                    "user_data": null,
                    "init_value": 0.35353535353535304,
                    "min": -Infinity,
                    "max": Infinity,
                    "brute_step": null,
                    "stderr": 0.0020687914199822447,
                    "correl": null,
                    "value": 0.4007357295056531
                }
            }
        }
    }
}