{
    "fit_success": true,
    "Qi": {
        "__dtype__": "UFloat",
        "nominal_value": 896.4112176618506,
        "std_dev": 3635.6611355050663
    },
    "Qe": {
        "__dtype__": "UFloat",
        "nominal_value": 106034.62425510124,
        "std_dev": 787726.9200730525
    },
    "Ql": {
        "__dtype__": "UFloat",
        "nominal_value": 889.1284749838153,
        "std_dev": 3615.1506347914037
    },
    "Qc": {
        "__dtype__": "UFloat",
        "nominal_value": 109440.18952116587,
        "std_dev": 839104.7072585389
    },
    "fr": {
        "__dtype__": "UFloat",
        "nominal_value": 5795192356.067236,
        "std_dev": 13246006.047392724
    },
    "fit_msg": "Summary\n$Q_I$: 9.0e+02$\\pm$3.6e+03 \n$Q_C$: 1.1e+02$\\pm$8.4e+02 k\n$f_{res}$: 5.795$\\pm$0.013 GHz",
    "fit_result": {
        "hanger_func_complex_SI": {
            "success": true,
            "message": "Fit succeeded.",
            "params": {
                "fr": {
                    "name": "fr",
                    "user_data": null,
                    "init_value": 5795050251.256282,
                    "min": 5795000000.0,
                    "max": 5805000000.0,
                    "brute_step": null,
                    "stderr": 13246006.047392724,
                    "correl": {
                        "Ql": 0.0013458640250727327,
                        "Qe": 0.505435069414308,
                        "A": -0.9171124230002756,
                        "theta": -0.8462979000219577,
                        "phi_v": 0.6526670017587995,
                        "phi_0": -0.651987940717196,
                        "alpha": 0.659036949923606
                    },
                    "value": 5795192356.067236
                },
                "Ql": {
                    "name": "Ql",
                    "user_data": null,
                    "init_value": 2610.989457460338,
                    "min": 57.95050251256282,
                    "max": 115321.50000116578,
                    "brute_step": null,
                    "stderr": 3615.1506347914037,
                    "correl": {
                        "fr": 0.0013458640250727327,
                        "Qe": 0.8469038882309067,
                        "A": -0.2340437050784833,
                        "theta": 0.5041421706897365,
                        "phi_v": -0.6114526706227184,
                        "phi_0": 0.6123579403962406,
                        "alpha": 0.6065636150088984
                    },
                    "value": 889.1284749838153
                },
                "Qe": {
                    "name": "Qe",
                    "user_data": null,
                    "init_value": 2559.2866959264697,
                    "min": 0,
                    "max": Infinity,
                    "brute_step": null,
                    "stderr": 787726.9200730525,
                    "correl": {
                        "fr": 0.505435069414308,
                        "Ql": 0.8469038882309067,
                        "A": -0.7020727948004731,
                        "theta": -0.00015995555965189214,
                        "phi_v": -0.20017745266098858,
                        "phi_0": 0.20132721219141358,
                        "alpha": 0.9105082299534858
                    },
                    "value": 106034.62425510124
                },
                "A": {
                    "name": "A",
                    "user_data": null,
                    "init_value": 0.005751147961017412,
                    "min": 0,
                    "max": Infinity,
                    "brute_step": null,
                    "stderr": 0.00018953359086170362,
                    "correl": {
                        "fr": -0.9171124230002756,
                        "Ql": -0.2340437050784833,
                        "Qe": -0.7020727948004731,
                        "theta": 0.6903827473014083,
                        "phi_v": -0.5133716236187205,
                        "phi_0": 0.51243715189216,
                        "alpha": -0.8747956665869692
                    },
                    "value": 0.005757449124737857
                },
                "theta": {
                    "name": "theta",
                    "user_data": null,
                    "init_value": 0,
                    "min": -1.5707963267948966,
                    "max": 1.5707963267948966,
                    "brute_step": null,
                    "stderr": 7.419339380965398,
                    "correl": {
                        "fr": -0.8462979000219577,
                        "Ql": 0.5041421706897365,
                        "Qe": -0.00015995555965189214,
                        "A": 0.6903827473014083,
                        "phi_v": -0.9277570241211882,
                        "phi_0": 0.9276033900566156,
                        "alpha": -0.26845368590938834
                    },
                    "value": -0.2501231352600104
                },
                "phi_v": {
                    "name": "phi_v",
                    "user_data": null,
                    "init_value": -1.2948047263118124e-06,
                    "min": -Infinity,
                    "max": Infinity,
                    "brute_step": null,
                    "stderr": 2.6461232156049117e-09,
                    "correl": {
                        "fr": 0.6526670017587995,
                        "Ql": -0.6114526706227184,
                        "Qe": -0.20017745266098858,
                        "A": -0.5133716236187205,
                        "theta": -0.9277570241211882,
                        "phi_0": -0.9999992778971181,
                        "alpha": 0.07409012544200642
                    },
                    "value": -1.2959498480399778e-06
                },
                "phi_0": {
                    "name": "phi_0",
                    "user_data": null,
                    "init_value": 7505.911145095848,
                    "min": -Infinity,
                    "max": Infinity,
                    "brute_step": null,
                    "stderr": 15.364474130307162,
                    "correl": {
                        "fr": -0.651987940717196,
                        "Ql": 0.6123579403962406,
                        "Qe": 0.20132721219141358,
                        "A": 0.51243715189216,
                        "theta": 0.9276033900566156,
                        "phi_v": -0.9999992778971181,
                        "alpha": -0.07297621981089934
                    },
                    "value": 7512.545693174252
                },
                "alpha": {
                    "name": "alpha",
                    "user_data": null,
                    "init_value": 0,
                    "min": -1,
                    "max": 1,
                    "brute_step": null,
                    "stderr": 14.415901042287409,
                    "correl": {
                        "fr": 0.659036949923606,
                        "Ql": 0.6065636150088984,
                        "Qe": 0.9105082299534858,
                        "A": -0.8747956665869692,
                        "theta": -0.26845368590938834,
                        "phi_v": 0.07409012544200642,
                        "phi_0": -0.07297621981089934
                    },
                    "value": 0.998041826922051
                },
                "Qi": {
                    "name": "Qi",
                    "user_data": null,
                    "init_value": -129243.97814428587,
                    "min": -Infinity,
                    "max": Infinity,
                    "brute_step": null,
                    "stderr": 3635.6611355050663,
                    "correl": null,
                    "value": 896.4112176618506
                },
                "Qc": {
                    "name": "Qc",
                    "user_data": null,
                    "init_value": 2559.2866959264697,
                    "min": -Infinity,