{
    "fit_success": true,
    "Qi": {
        "__dtype__": "UFloat",
        "nominal_value": 14086.78718003692,
        "std_dev": 2197.234415438217
    },
    "Qe": {
        "__dtype__": "UFloat",
        "nominal_value": 11305.8001988634,
        "std_dev": 794.5373666395767
    },
    "Ql": {
        "__dtype__": "UFloat",
        "nominal_value": 6278.12102981262,
        "std_dev": 591.7189619084446
    },
    "Qc": {
        "__dtype__": "UFloat",
        "nominal_value": 11325.69290786548,
        "std_dev": 797.3367601312852
    },
    "fr": {
        "__dtype__": "UFloat",
        "nominal_value": 5258782420.149675,
        "std_dev": 39475.633588643344
    },
    "fit_msg": "Summary\n$Q_I$: 14.1$\\pm$2.2 k\n$Q_C$: 11.33$\\pm$0.80 k\n$f_{res}$: 5.258782$\\pm$3.9e-05 GHz",
    "fit_result": {
        "hanger_func_complex_SI": {
            "success": true,
            "message": "Fit succeeded.",
            "params": {
                "fr": {
                    "name": "fr",
                    "user_data": null,
                    "init_value": 5258753768.844221,
                    "min": 5248000000.0,
                    "max": 5268000000.0,
                    "brute_step": null,
                    "stderr": 39475.633588643344,
                    "correl": {
                        "Ql": 2.7890463016880935e-05,
                        "Qe": -0.0008454884071093222,
                        "A": -0.010479840999872937,
                        "theta": -0.7590981485877855,
                        "phi_v": -0.051862670004292545,
                        "phi_0": 0.05156713175022594,
                        "alpha": 0.2728130086243797
                    },
                    "value": 5258782420.149675
                },
                "Ql": {
                    "name": "Ql",
                    "user_data": null,
                    "init_value": 1184.6791705378528,
                    "min": 26.29376884422111,
                    "max": 52324.600000032435,
                    "brute_step": null,
                    "stderr": 591.7189619084446,
                    "correl": {
                        "fr": 2.7890463016880935e-05,
                        "Qe": 0.7590750390970462,
                        "A": -0.26992194797092983,
                        "theta": -0.0008617793183951178,
                        "phi_v": 0.27237672622820497,
                        "phi_0": -0.27241307715483204,
                        "alpha": 0.04968266035730247
                    },
                    "value": 6278.12102981262
                },
                "Qe": {
                    "name": "Qe",
                    "user_data": null,
                    "init_value": 1161.2201770618558,
                    "min": 0,
                    "max": Infinity,
                    "brute_step": null,
                    "stderr": 794.5373666395767,
                    "correl": {
                        "fr": -0.0008454884071093222,
                        "Ql": 0.7590750390970462,
                        "A": -0.27804960320496136,
                        "theta": 1.6718168313239446e-05,
                        "phi_v": 0.3730005661813619,
                        "phi_0": -0.3730487161074641,
                        "alpha": 0.056417404261599045
                    },
                    "value": 11305.8001988634
                },
                "A": {
                    "name": "A",
                    "user_data": null,
                    "init_value": 7.365531962238563e-05,
                    "min": 0,
                    "max": Infinity,
                    "brute_step": null,
                    "stderr": 5.038311789083666e-07,
                    "correl": {
                        "fr": -0.010479840999872937,
                        "Ql": -0.26992194797092983,
                        "Qe": -0.27804960320496136,
                        "theta": 0.01460183840388272,
                        "phi_v": -0.08484772682099423,
                        "phi_0": 0.08486887554514354,
                        "alpha": -0.14858296493037687
                    },
                    "value": 7.571174094622712e-05
                },
                "theta": {
                    "name": "theta",
                    "user_data": null,
                    "init_value": 0,
                    "min": -1.5707963267948966,
                    "max": 1.5707963267948966,
                    "brute_step": null,
                    "stderr": 0.07028071820660929,
                    "correl": {
                        "fr": -0.7590981485877855,
                        "Ql": -0.0008617793183951178,
                        "Qe": 1.6718168313239446e-05,
                        "A": 0.01460183840388272,
                        "phi_v": 0.059323608710267116,
                        "phi_0": -0.05901820284805297,
                        "alpha": -0.37350478420721583
                    },
                    "value": 0.05927794771573014
                },
                "phi_v": {
                    "name": "phi_v",
                    "user_data": null,
                    "init_value": -1.766125180595503e-07,
                    "min": -Infinity,
                    "max": Infinity,
                    "brute_step": null,
                    "stderr": 1.1452972247414778e-09,
                    "correl": {
                        "fr": -0.051862670004292545,
                        "Ql": 0.27237672622820497,
                        "Qe": 0.3730005661813619,
                        "A": -0.08484772682099423,
                        "theta": 0.059323608710267116,
                        "phi_0": -0.9999994007173827,
                        "alpha": -0.007090042768719771
                    },
                    "value": -1.3265999926518468e-07
                },
                "phi_0": {
                    "name": "phi_0",
                    "user_data": null,
                    "init_value": 924.1416608853943,
                    "min": -Infinity,
                    "max": Infinity,
                    "brute_step": null,
                    "stderr": 6.0218754507325665,
                    "correl": {
                        "fr": 0.05156713175022594,
                        "Ql": -0.27241307715483204,
                        "Qe": -0.3730487161074641,
                        "A": 0.08486887554514354,
                        "theta": -0.05901820284805297,
                        "phi_v": -0.9999994007173827,
                        "alpha": 0.006974870538101397
                    },
                    "value": 693.4839490682599
                },
                "alpha": {
                    "name": "alpha",
                    "user_data": null,
                    "init_value": 0,
                    "min": -1,
                    "max": 1,
                    "brute_step": null,
                    "stderr": 6.377067656589846,
                    "correl": {
                        "fr": 0.2728130086243797,
                        "Ql": 0.04968266035730247,
                        "Qe": 0.056417404261599045,
                        "A": -0.14858296493037687,
                        "theta": -0.37350478420721583,
                        "phi_v": -0.007090042768719771,
                        "phi_0": 0.006974870538101397
                    },
                    "value": -0.9999414691326812
                },
                "Qi": {
                    "name": "Qi",
                    "user_data": null,
                    "init_value": -58641.61894162417,
                    "min": -Infinity,
                    "max": Infinity,
                    "brute_step": null,
                    "stderr": 2197.234415438217,
                    "correl": null,
                    "value": 14086.78718003692
                },
                "Qc": {
                    "name": "Qc",
                    "user_data": null,