{
    "fit_success": true,
    "Qi": {
        "__dtype__": "UFloat",
        "nominal_value": 22832.074488693743,
        "std_dev": 1379.9946463533813
    },
    "Qe": {
        "__dtype__": "UFloat",
        "nominal_value": 3032.5513009309543,
        "std_dev": 28.331926031316762
    },
    "Ql": {
        "__dtype__": "UFloat",
        "nominal_value": 2684.0468144375886,
        "std_dev": 32.33392593593188
    },
    "Qc": {
        "__dtype__": "UFloat",
        "nominal_value": 3041.6057486700206,
        "std_dev": 28.501280315120212
    },
    "fr": {
        "__dtype__": "UFloat",
        "nominal_value": 6012990789.471625,
        "std_dev": 13492.788138497319
    },
    "fit_msg": "Summary\n$Q_I$: 22.8$\\pm$1.4 k\n$Q_C$: 3.042$\\pm$0.029 k\n$f_{res}$: 6.012991$\\pm$1.3e-05 GHz",
    "fit_result": {
        "hanger_func_complex_SI": {
            "success": true,
            "message": "Fit succeeded.",
            "params": {
                "fr": {
                    "name": "fr",
                    "user_data": null,
                    "init_value": 6013140703.517588,
                    "min": 6005000000.0,
                    "max": 6025000000.0,
                    "brute_step": null,
                    "stderr": 13492.788138497319,
                    "correl": {
                        "Ql": 6.780970057799647e-05,
                        "Qe": 0.030244691516015214,
                        "A": 0.1119062753538452,
                        "theta": -0.8183102318405406,
                        "phi_v": 0.11696661575054249,
                        "phi_0": -0.11739896506236022,
                        "alpha": 0.42596984119320125
                    },
                    "value": 6012990789.471625
                },
                "Ql": {
                    "name": "Ql",
                    "user_data": null,
                    "init_value": 1354.6256117133744,
                    "min": 30.06570351758794,
                    "max": 59830.750000037086,
                    "brute_step": null,
                    "stderr": 32.33392593593188,
                    "correl": {
                        "fr": 6.780970057799647e-05,
                        "Qe": 0.8183453917565147,
                        "A": -0.460422717802695,
                        "theta": 0.030145633827513722,
                        "phi_v": 0.4268074646119709,
                        "phi_0": -0.4267565225997611,
                        "alpha": -0.1197093215250319
                    },
                    "value": 2684.0468144375886
                },
                "Qe": {
                    "name": "Qe",
                    "user_data": null,
                    "init_value": 1327.8013421744959,
                    "min": 0,
                    "max": Infinity,
                    "brute_step": null,
                    "stderr": 28.331926031316762,
                    "correl": {
                        "fr": 0.030244691516015214,
                        "Ql": 0.8183453917565147,
                        "A": -0.3968766370384212,
                        "theta": -2.62533577390473e-05,
                        "phi_v": 0.5585130123393955,
                        "phi_0": -0.5584656357299812,
                        "alpha": -0.07922230769849122
                    },
                    "value": 3032.5513009309543
                },
                "A": {
                    "name": "A",
                    "user_data": null,
                    "init_value": 0.1743669117560912,
                    "min": 0,
                    "max": Infinity,
                    "brute_step": null,
                    "stderr": 0.00045208971332734476,
                    "correl": {
                        "fr": 0.1119062753538452,
                        "Ql": -0.460422717802695,
                        "Qe": -0.3968766370384212,
                        "theta": -0.16545381791616065,
                        "phi_v": -0.19347545415491163,
                        "phi_0": 0.19339910818796763,
                        "alpha": 0.3805682871652119
                    },
                    "value": 0.19463667143834606
                },
                "theta": {
                    "name": "theta",
                    "user_data": null,
                    "init_value": 0,
                    "min": -1.5707963267948966,
                    "max": 1.5707963267948966,
                    "brute_step": null,
                    "stderr": 0.00934122808202815,
                    "correl": {
                        "fr": -0.8183102318405406,
                        "Ql": 0.030145633827513722,
                        "Qe": -2.62533577390473e-05,
                        "A": -0.16545381791616065,
                        "phi_v": -0.07575829071964023,
                        "phi_0": 0.07614245952089672,
                        "alpha": -0.5578935227971927
                    },
                    "value": 0.0771795631422969
                },
                "phi_v": {
                    "name": "phi_v",
                    "user_data": null,
                    "init_value": -1.2114778519714558e-07,
                    "min": -Infinity,
                    "max": Infinity,
                    "brute_step": null,
                    "stderr": 3.7471092086937365e-10,
                    "correl": {
                        "fr": 0.11696661575054249,
                        "Ql": 0.4268074646119709,
                        "Qe": 0.5585130123393955,
                        "A": -0.19347545415491163,
                        "theta": -0.07575829071964023,
                        "phi_0": -0.9999995437524112,
                        "alpha": -0.005791390761291685
                    },
                    "value": -9.290101536948707e-08
                },
                "phi_0": {
                    "name": "phi_0",
                    "user_data": null,
                    "init_value": 726.0884921149484,
                    "min": -Infinity,
                    "max": Infinity,
                    "brute_step": null,
                    "stderr": 2.2540154065660065,
                    "correl": {
                        "fr": -0.11739896506236022,
                        "Ql": -0.4267565225997611,
                        "Qe": -0.5584656357299812,
                        "A": 0.19339910818796763,
                        "theta": 0.07614245952089672,
                        "phi_v": -0.9999995437524112,
                        "alpha": 0.0055833572176063806
                    },
                    "value": 556.610911246655
                },
                "alpha": {
                    "name": "alpha",
                    "user_data": null,
                    "init_value": 0,
                    "min": -1,
                    "max": 1,
                    "brute_step": null,
                    "stderr": 2.511328756052912,
                    "correl": {
                        "fr": 0.42596984119320125,
                        "Ql": -0.1197093215250319,
                        "Qe": -0.07922230769849122,
                        "A": 0.3805682871652119,
                        "theta": -0.5578935227971927,
                        "phi_v": -0.005791390761291685,
                        "phi_0": 0.0055833572176063806
                    },
                    "value": -0.9999561272305703
                },
                "Qi": {
                    "name": "Qi",
                    "user_data": null,
                    "init_value": -67053.96777981264,
                    "min": -Infinity,
                    "max": Infinity,
                    "brute_step": null,
                    "stderr": 1379.9946463533813,
                    "correl": null,
                    "value": 22832.074488693743
                },
                "Qc": {
                    "name": "Qc",
                    "user_data": null,
                    "init_value": 1327.8013421744959,