{
    "fit_success": true,
    "Pi-pulse amplitude": {
        "__dtype__": "UFloat",
        "nominal_value": 2.3101343096376712e-08,
        "std_dev": 6.112648898247901e-10
    },
    "fit_msg": "Summary\nPi-pulse amplitude: 23.10$\\pm$0.61 nV\nOscillation amplitude: 7.9$\\pm$3.5 \u03bcV\nOffset: 461.6$\\pm$2.4 \u03bcV\n",
    "fit_result": {
        "Rabi_oscillation": {
            "success": true,
            "message": "Fit succeeded.",
            "params": {
                "frequency": {
                    "name": "frequency",
                    "user_data": null,
                    "init_value": 20000000.0,
                    "min": 0,
                    "max": Infinity,
                    "brute_step": null,
                    "stderr": 572697.1156691989,
                    "correl": {
                        "amplitude": -0.0007774578114246014,
                        "offset": -0.06348768622445557
                    },
                    "value": 21643763.21818369
                },
                "amplitude": {
                    "name": "amplitude",
                    "user_data": null,
                    "init_value": 4.07775687476265e-05,
                    "min": 0,
                    "max": Infinity,
                    "brute_step": null,
                    "stderr": 3.4713161103385297e-06,
                    "correl": {
                        "frequency": -0.0007774578114246014,
                        "offset": 0.024122928995313545
                    },
                    "value": 7.900141382632953e-06
                },
                "offset": {
                    "name": "offset",
                    "user_data": null,
                    "init_value": 0.0004614731877393939,
                    "min": -Infinity,
                    "max": Infinity,
                    "brute_step": null,
                    "stderr": 2.4232554826293927e-06,
                    "correl": {
                        "frequency": -0.06348768622445557,
                        "amplitude": 0.024122928995313545
                    },
                    "value": 0.0004616059606273149
                },
                "phase": {
                    "name": "phase",
                    "user_data": null,
                    "init_value": 3.141592653589793,
                    "min": -Infinity,
                    "max": Infinity,
                    "brute_step": null,
                    "stderr": 0.0,
                    "correl": null,
                    "value": 3.141592653589793
                },
                "amp180": {
                    "name": "amp180",
                    "user_data": null,
                    "init_value": 2.5e-08,
                    "min": -Infinity,
                    "max": Infinity,
                    "brute_step": null,
                    "stderr": 6.112648898247901e-10,
                    "correl": null,
                    "value": 2.3101343096376712e-08
                }
            }
        }
    }
}