{
    "fit_success": true,
    "frequency_01": {
        "__dtype__": "UFloat",
        "nominal_value": 4115016217.1044726,
        "std_dev": 155577.3699595853
    },
    "fit_msg": "Summary\nFrequency 0-1: 4.11502$\\pm$0.00016 GHz\nPeak width: 14.11$\\pm$0.85 MHz\n",
    "fit_result": {
        "Lorentzian_peak": {
            "success": true,
            "message": "Fit succeeded.",
            "params": {
                "x0": {
                    "name": "x0",
                    "user_data": null,
                    "init_value": 4116681332.9208937,
                    "min": -Infinity,
                    "max": Infinity,
                    "brute_step": null,
                    "stderr": 155577.3699595853,
                    "correl": {
                        "width": 0.025458954285681866,
                        "a": 0.033888698401103305,
                        "c": -0.03990123501573571
                    },
                    "value": 4115016217.1044726
                },
                "width": {
                    "name": "width",
                    "user_data": null,
                    "init_value": 4020151.261036513,
                    "min": -Infinity,
                    "max": Infinity,
                    "brute_step": null,
                    "stderr": 854944.7149175054,
                    "correl": {
                        "x0": 0.025458954285681866,
                        "a": 0.9378991896587622,
                        "c": -0.8688250676632199
                    },
                    "value": 14112890.366871951
                },
                "a": {
                    "name": "a",
                    "user_data": null,
                    "init_value": 2269.8352626248266,
                    "min": -Infinity,
                    "max": Infinity,
                    "brute_step": null,
                    "stderr": 315.28585001647843,
                    "correl": {
                        "x0": 0.033888698401103305,
                        "width": 0.9378991896587622,
                        "c": -0.9617067993704692
                    },
                    "value": 4092.8750376659905
                },
                "c": {
                    "name": "c",
                    "user_data": null,
                    "init_value": 0.0011463205299359512,
                    "min": -Infinity,
                    "max": Infinity,
                    "brute_step": null,
                    "stderr": 8.611381557501258e-06,
                    "correl": {
                        "x0": -0.03990123501573571,
                        "width": -0.8688250676632199,
                        "a": -0.9617067993704692
                    },
                    "value": 0.001009976192946339
                }
            }
        }
    }
}