{
    "fit_success": true,
    "Qi": {
        "__dtype__": "UFloat",
        "nominal_value": 13656.948974274956,
        "std_dev": 362.93404187502165
    },
    "Qe": {
        "__dtype__": "UFloat",
        "nominal_value": 7857.4624897366,
        "std_dev": 95.18592500156741
    },
    "Ql": {
        "__dtype__": "UFloat",
        "nominal_value": 5868.481034408165,
        "std_dev": 88.55566961538675
    },
    "Qc": {
        "__dtype__": "UFloat",
        "nominal_value": 10290.28387382479,
        "std_dev": 163.2460481270623
    },
    "fr": {
        "__dtype__": "UFloat",
        "nominal_value": 5719821457.1007595,
        "std_dev": 7354.126899649705
    },
    "fit_msg": "Summary\n$Q_I$: 13.66$\\pm$0.36 k\n$Q_C$: 10.29$\\pm$0.16 k\n$f_{res}$: 5.7198215$\\pm$7.4e-06 GHz",
    "fit_result": {
        "hanger_func_complex_SI": {
            "success": true,
            "message": "Fit succeeded.",
            "params": {
                "fr": {
                    "name": "fr",
                    "user_data": null,
                    "init_value": 5720123869.346734,
                    "min": 5715350000.0,
                    "max": 5725350000.0,
                    "brute_step": null,
                    "stderr": 7354.126899649705,
                    "correl": {
                        "Ql": 0.00010007575939507638,
                        "Qe": 0.06160069040349157,
                        "A": 0.2907154339249884,
                        "theta": -0.8073437707208025,
                        "phi_v": -0.20619545154556732,
                        "phi_0": 0.2060121238585452,
                        "alpha": -0.35872331988125716
                    },
                    "value": 5719821457.1007595
                },
                "Ql": {
                    "name": "Ql",
                    "user_data": null,
                    "init_value": 2577.230993811284,
                    "min": 57.20123869346734,
                    "max": 113830.46500115072,
                    "brute_step": null,
                    "stderr": 88.55566961538675,
                    "correl": {
                        "fr": 0.00010007575939507638,
                        "Qe": 0.807335930733912,
                        "A": -0.3286864575462422,
                        "theta": 0.06140074936611408,
                        "phi_v": 0.35775520823155804,
                        "phi_0": -0.3578805735711067,
                        "alpha": -0.2045931829895711
                    },
                    "value": 5868.481034408165
                },
                "Qe": {
                    "name": "Qe",
                    "user_data": null,
                    "init_value": 2526.1967167061102,
                    "min": 0,
                    "max": Infinity,
                    "brute_step": null,
                    "stderr": 95.18592500156741,
                    "correl": {
                        "fr": 0.06160069040349157,
                        "Ql": 0.807335930733912,
                        "A": -0.2541539263858092,
                        "theta": -9.805441213139954e-05,
                        "phi_v": 0.44128029441180955,
                        "phi_0": -0.4414537453991881,
                        "alpha": -0.3220408769839383
                    },
                    "value": 7857.4624897366
                },
                "A": {
                    "name": "A",
                    "user_data": null,
                    "init_value": 0.0022190843387942982,
                    "min": 0,
                    "max": Infinity,
                    "brute_step": null,
                    "stderr": 5.136509951324921e-06,
                    "correl": {
                        "fr": 0.2907154339249884,
                        "Ql": -0.3286864575462422,
                        "Qe": -0.2541539263858092,
                        "theta": -0.39513086173902834,
                        "phi_v": -0.22960720344815969,
                        "phi_0": 0.2295920383363114,
                        "alpha": -0.13418381517739594
                    },
                    "value": 0.002367729245438488
                },
                "theta": {
                    "name": "theta",
                    "user_data": null,
                    "init_value": 0,
                    "min": -1.5707963267948966,
                    "max": 1.5707963267948966,
                    "brute_step": null,
                    "stderr": 0.012114136962837288,
                    "correl": {
                        "fr": -0.8073437707208025,
                        "Ql": 0.06140074936611408,
                        "Qe": -9.805441213139954e-05,
                        "A": -0.39513086173902834,
                        "phi_v": 0.324020671389431,
                        "phi_0": -0.32386707627515265,
                        "alpha": 0.4427909838204584
                    },
                    "value": 0.7019558505176766
                },
                "phi_v": {
                    "name": "phi_v",
                    "user_data": null,
                    "init_value": -1.522200324331369e-07,
                    "min": -Infinity,
                    "max": Infinity,
                    "brute_step": null,
                    "stderr": 7.425822396156963e-10,
                    "correl": {
                        "fr": -0.20619545154556732,
                        "Ql": 0.35775520823155804,
                        "Qe": 0.44128029441180955,
                        "A": -0.22960720344815969,
                        "theta": 0.324020671389431,
                        "phi_0": -0.9999998713525866,
                        "alpha": 0.004579252340796438
                    },
                    "value": -8.006033874657876e-08
                },
                "phi_0": {
                    "name": "phi_0",
                    "user_data": null,
                    "init_value": 869.331548793492,
                    "min": -Infinity,
                    "max": Infinity,
                    "brute_step": null,
                    "stderr": 4.247728330974283,
                    "correl": {
                        "fr": 0.2060121238585452,
                        "Ql": -0.3578805735711067,
                        "Qe": -0.4414537453991881,
                        "A": 0.2295920383363114,
                        "theta": -0.32386707627515265,
                        "phi_v": -0.9999998713525866,
                        "alpha": -0.004457448967738011
                    },
                    "value": 456.99220537781963
                },
                "alpha": {
                    "name": "alpha",
                    "user_data": null,
                    "init_value": 0,
                    "min": -1,
                    "max": 1,
                    "brute_step": null,
                    "stderr": 4.247506278744547,
                    "correl": {
                        "fr": -0.35872331988125716,
                        "Ql": -0.2045931829895711,
                        "Qe": -0.3220408769839383,
                        "A": -0.13418381517739594,
                        "theta": 0.4427909838204584,
                        "phi_v": 0.004579252340796438,
                        "phi_0": -0.004457448967738011
                    },
                    "value": 0.03070031182123678
                },
                "Qi": {
                    "name": "Qi",
                    "user_data": null,
                    "init_value": -127572.93419365953,
                    "min": -Infinity,
                    "max": Infinity,
                    "brute_step": null,
                    "stderr": 362.93404187502165,
                    "correl": null,
                    "value": 13656.948974274956
                },
                "Qc": {
                    "name": "Qc",
                    "user_data": null,
                    "init_value": 2526.1967167061102,