{
    "fit_success": true,
    "Qi": {
        "__dtype__": "UFloat",
        "nominal_value": 28287.68150368345,
        "std_dev": 1295.9033033474523
    },
    "Qe": {
        "__dtype__": "UFloat",
        "nominal_value": 3175.1280946202564,
        "std_dev": 16.349561173705013
    },
    "Ql": {
        "__dtype__": "UFloat",
        "nominal_value": 2889.0843240849335,
        "std_dev": 20.438669560938802
    },
    "Qc": {
        "__dtype__": "UFloat",
        "nominal_value": 3217.716971496575,
        "std_dev": 16.790795462838005
    },
    "fr": {
        "__dtype__": "UFloat",
        "nominal_value": 6008025429.588924,
        "std_dev": 7354.766348030247
    },
    "fit_msg": "Summary\n$Q_I$: 28.3$\\pm$1.3 k\n$Q_C$: 3.218$\\pm$0.017 k\n$f_{res}$: 6.0080254$\\pm$7.4e-06 GHz",
    "fit_result": {
        "hanger_func_complex_SI": {
            "success": true,
            "message": "Fit succeeded.",
            "params": {
                "fr": {
                    "name": "fr",
                    "user_data": null,
                    "init_value": 6008140703.517588,
                    "min": 5980000000.0,
                    "max": 6020000000.0,
                    "brute_step": null,
                    "stderr": 7354.766348030247,
                    "correl": {
                        "Ql": 0.00016331772285440392,
                        "Qe": -0.00413872832817874,
                        "A": -0.018955783810678223,
                        "theta": -0.7666473070374149,
                        "phi_v": -0.23756703208597268,
                        "phi_0": 0.23705203935675295,
                        "alpha": 0.21377318135049062
                    },
                    "value": 6008025429.588924
                },
                "Ql": {
                    "name": "Ql",
                    "user_data": null,
                    "init_value": 676.7496119791015,
                    "min": 15.020351758793971,
                    "max": 29890.50000001853,
                    "brute_step": null,
                    "stderr": 20.438669560938802,
                    "correl": {
                        "fr": 0.00016331772285440392,
                        "Qe": 0.766719441113191,
                        "A": -0.35796587311124384,
                        "theta": -0.0043821948065835255,
                        "phi_v": 0.2132608107936665,
                        "phi_0": -0.21353560544803912,
                        "alpha": 0.23691184788785757
                    },
                    "value": 2889.0843240849335
                },
                "Qe": {
                    "name": "Qe",
                    "user_data": null,
                    "init_value": 663.3486295636737,
                    "min": 0,
                    "max": Infinity,
                    "brute_step": null,
                    "stderr": 16.349561173705013,
                    "correl": {
                        "fr": -0.00413872832817874,
                        "Ql": 0.766719441113191,
                        "A": -0.29917217917801114,
                        "theta": -7.472197827067965e-05,
                        "phi_v": 0.2907851925193975,
                        "phi_0": -0.2911461374192747,
                        "alpha": 0.21442852261360276
                    },
                    "value": 3175.1280946202564
                },
                "A": {
                    "name": "A",
                    "user_data": null,
                    "init_value": 0.010173777593467,
                    "min": 0,
                    "max": Infinity,
                    "brute_step": null,
                    "stderr": 1.2145298164724335e-05,
                    "correl": {
                        "fr": -0.018955783810678223,
                        "Ql": -0.35796587311124384,
                        "Qe": -0.29917217917801114,
                        "theta": 0.03117571934974349,
                        "phi_v": -0.07276216791096007,
                        "phi_0": 0.07288254919520734,
                        "alpha": -0.617603573945095
                    },
                    "value": 0.010670107032734855
                },
                "theta": {
                    "name": "theta",
                    "user_data": null,
                    "init_value": 0,
                    "min": -1.5707963267948966,
                    "max": 1.5707963267948966,
                    "brute_step": null,
                    "stderr": 0.005147988468335009,
                    "correl": {
                        "fr": -0.7666473070374149,
                        "Ql": -0.0043821948065835255,
                        "Qe": -7.472197827067965e-05,
                        "A": 0.03117571934974349,
                        "phi_v": 0.2154892431624709,
                        "phi_0": -0.21508274150612755,
                        "alpha": -0.29102387557926385
                    },
                    "value": 0.16288059797757337
                },
                "phi_v": {
                    "name": "phi_v",
                    "user_data": null,
                    "init_value": -9.570590316698645e-08,
                    "min": -Infinity,
                    "max": Infinity,
                    "brute_step": null,
                    "stderr": 7.821860387332809e-11,
                    "correl": {
                        "fr": -0.23756703208597268,
                        "Ql": 0.2132608107936665,
                        "Qe": 0.2907851925193975,
                        "A": -0.07276216791096007,
                        "theta": 0.2154892431624709,
                        "phi_0": -0.9999981791318903,
                        "alpha": -0.004058540359806991
                    },
                    "value": -7.079383171282678e-08
                },
                "phi_0": {
                    "name": "phi_0",
                    "user_data": null,
                    "init_value": 571.842985965411,
                    "min": -Infinity,
                    "max": Infinity,
                    "brute_step": null,
                    "stderr": 0.4692377968831143,
                    "correl": {
                        "fr": 0.23705203935675295,
                        "Ql": -0.21353560544803912,
                        "Qe": -0.2911461374192747,
                        "A": 0.07288254919520734,
                        "theta": -0.21508274150612755,
                        "phi_v": -0.9999981791318903,
                        "alpha": 0.00386776141355724
                    },
                    "value": 422.88774783751126
                },
                "alpha": {
                    "name": "alpha",
                    "user_data": null,
                    "init_value": 0,
                    "min": -1,
                    "max": 1,
                    "brute_step": null,
                    "stderr": 0.5513923965888692,
                    "correl": {
                        "fr": 0.21377318135049062,
                        "Ql": 0.23691184788785757,
                        "Qe": 0.21442852261360276,
                        "A": -0.617603573945095,
                        "theta": -0.29102387557926385,
                        "phi_v": -0.004058540359806991,
                        "phi_0": 0.00386776141355724
                    },
                    "value": 0.9999977630432924
                },
                "Qi": {
                    "name": "Qi",
                    "user_data": null,
                    "init_value": -33499.10579296563,
                    "min": -Infinity,
                    "max": Infinity,
                    "brute_step": null,
                    "stderr": 1295.9033033474523,
                    "correl": null,
                    "value": 28287.68150368345
                },
                "Qc": {
                    "name": "Qc",
                    "user_data": null,
                    "init_value": 663.3486295636737,