{
    "a": {
        "__dtype__": "UFloat",
        "nominal_value": -67988508702.127304,
        "std_dev": 7632915420.278186
    },
    "b": {
        "__dtype__": "UFloat",
        "nominal_value": -4092018144.284927,
        "std_dev": 496745038.27899605
    },
    "c": {
        "__dtype__": "UFloat",
        "nominal_value": 4190479724.925003,
        "std_dev": 12464683.676320663
    },
    "fit_success": true,
    "offset_0": {
        "__dtype__": "UFloat",
        "nominal_value": -0.030093454191008687,
        "std_dev": 0.004975938067835868
    },
    "freq_0": {
        "__dtype__": "UFloat",
        "nominal_value": 4252051205.2119102,
        "std_dev": 20654701.786331106
    },
    "fit_msg": "Summary:\noffset_0: -30.1$\\pm$5.0 mV\nfreq_0: 4.252$\\pm$0.021 GHz\n",
    "fit_result": {
        "poly2": {
            "success": true,
            "message": "Fit succeeded.",
            "params": {
                "a": {
                    "name": "a",
                    "user_data": null,
                    "init_value": -67988508702.127304,
                    "min": -Infinity,
                    "max": Infinity,
                    "brute_step": null,
                    "stderr": 7632915420.278186,
                    "correl": {
                        "b": 0.8645424099426048,
                        "c": -0.3597662180436851
                    },
                    "value": -67988508702.127304
                },
                "b": {
                    "name": "b",
                    "user_data": null,
                    "init_value": -4092018144.284927,
                    "min": -Infinity,
                    "max": Infinity,
                    "brute_step": null,
                    "stderr": 496745038.27899605,
                    "correl": {
                        "a": 0.8645424099426048,
                        "c": -0.027876166773021075
                    },
                    "value": -4092018144.284927
                },
                "c": {
                    "name": "c",
                    "user_data": null,
                    "init_value": 4190479724.925003,
                    "min": -Infinity,
                    "max": Infinity,
                    "brute_step": null,
                    "stderr": 12464683.676320663,
                    "correl": {
                        "a": -0.3597662180436851,
                        "b": -0.027876166773021075
                    },
                    "value": 4190479724.925003
                }
            }
        }
    }
}