{
    "T2*": {
        "__dtype__": "UFloat",
        "nominal_value": 4.8323940675665256e-06,
        "std_dev": 1.8209926283639378e-07
    },
    "fitted_detuning": {
        "__dtype__": "UFloat",
        "nominal_value": 2757849.289632946,
        "std_dev": 1347.1717436754716
    },
    "detuning": {
        "__dtype__": "UFloat",
        "nominal_value": 2557849.289632946,
        "std_dev": 1347.1717436754716
    },
    "fit_success": true,
    "fit_msg": "Summary\n$T_2^*$: 4.83$\\pm$0.18 \u03bcs\n\nartificial detuning: 200 kHz\nfitted detuning: 2.7578$\\pm$0.0013 MHz\nactual detuning: 2.5578$\\pm$0.0013 MHz\n",
    "fit_result": {
        "Ramsey_decay": {
            "success": true,
            "message": "Fit succeeded.",
            "params": {
                "tau": {
                    "name": "tau",
                    "user_data": null,
                    "init_value": 1.0693333333333331e-05,
                    "min": 0,
                    "max": Infinity,
                    "brute_step": null,
                    "stderr": 1.8209926283639378e-07,
                    "correl": {
                        "frequency": 0.04339895507970617,
                        "phase": -0.0565453394810485,
                        "amplitude": -0.682726753665352,
                        "offset": 0.00842544612524502
                    },
                    "value": 4.8323940675665256e-06
                },
                "n_factor": {
                    "name": "n_factor",
                    "user_data": null,
                    "init_value": 1,
                    "min": -Infinity,
                    "max": Infinity,
                    "brute_step": null,
                    "stderr": 0.0,
                    "correl": null,
                    "value": 1
                },
                "frequency": {
                    "name": "frequency",
                    "user_data": null,
                    "init_value": 2784653.4653465347,
                    "min": 0,
                    "max": Infinity,
                    "brute_step": null,
                    "stderr": 1347.1717436754716,
                    "correl": {
                        "tau": 0.04339895507970617,
                        "phase": -0.7406210030718627,
                        "amplitude": -0.05950314712552953,
                        "offset": -0.012230860346098167
                    },
                    "value": 2757849.289632946
                },
                "phase": {
                    "name": "phase",
                    "user_data": null,
                    "init_value": -0.01555243887915747,
                    "min": -Infinity,
                    "max": Infinity,
                    "brute_step": null,
                    "stderr": 0.029520506708962523,
                    "correl": {
                        "tau": -0.0565453394810485,
                        "frequency": -0.7406210030718627,
                        "amplitude": 0.07528695974947185,
                        "offset": 0.019255873277174197
                    },
                    "value": 0.03158058721506381
                },
                "amplitude": {
                    "name": "amplitude",
                    "user_data": null,
                    "init_value": 0.0002987788202682058,
                    "min": 0,
                    "max": Infinity,
                    "brute_step": null,
                    "stderr": 7.949343152266965e-06,
                    "correl": {
                        "tau": -0.682726753665352,
                        "frequency": -0.05950314712552953,
                        "phase": 0.07528695974947185,
                        "offset": -0.013104388491878402
                    },
                    "value": 0.00031930228931997817
                },
                "offset": {
                    "name": "offset",
                    "user_data": null,
                    "init_value": 0.00126338150866065,
                    "min": -Infinity,
                    "max": Infinity,
                    "brute_step": null,
                    "stderr": 1.6661805989684998e-06,
                    "correl": {
                        "tau": 0.00842544612524502,
                        "frequency": -0.012230860346098167,
                        "phase": 0.019255873277174197,
                        "amplitude": -0.013104388491878402
                    },
                    "value": 0.0012623677772855672
                }
            }
        }
    }
}