{
    "T2*": {
        "__dtype__": "UFloat",
        "nominal_value": 4.13365427887058e-06,
        "std_dev": 7.115934480168387e-06
    },
    "fitted_detuning": {
        "__dtype__": "UFloat",
        "nominal_value": 53565.01154016832,
        "std_dev": 82761.96349548725
    },
    "detuning": {
        "__dtype__": "UFloat",
        "nominal_value": 10603565.011540169,
        "std_dev": 82761.96349548725
    },
    "fit_success": true,
    "fit_msg": "Summary\n$T_2^*$: 4.1$\\pm$7.1 \u03bcs\n\nartificial detuning: -10.55 MHz\nfitted detuning: 54$\\pm$83 kHz\nactual detuning: 10.604$\\pm$0.083 MHz\n",
    "fit_result": {
        "Ramsey_decay": {
            "success": true,
            "message": "Fit succeeded.",
            "params": {
                "tau": {
                    "name": "tau",
                    "user_data": null,
                    "init_value": 5.314666666666666e-06,
                    "min": 0,
                    "max": Infinity,
                    "brute_step": null,
                    "stderr": 7.115934480168387e-06,
                    "correl": {
                        "frequency": 0.9427656470754139,
                        "phase": 0.9886226020740073,
                        "amplitude": -0.9818653558926371,
                        "offset": -0.9430193169097173
                    },
                    "value": 4.13365427887058e-06
                },
                "n_factor": {
                    "name": "n_factor",
                    "user_data": null,
                    "init_value": 1,
                    "min": -Infinity,
                    "max": Infinity,
                    "brute_step": null,
                    "stderr": 0.0,
                    "correl": null,
                    "value": 1
                },
                "frequency": {
                    "name": "frequency",
                    "user_data": null,
                    "init_value": 125000.0,
                    "min": 0,
                    "max": Infinity,
                    "brute_step": null,
                    "stderr": 82761.96349548725,
                    "correl": {
                        "tau": 0.9427656470754139,
                        "phase": 0.9048583085644042,
                        "amplitude": -0.9867905596892254,
                        "offset": -0.9980005412360581
                    },
                    "value": 53565.01154016832
                },
                "phase": {
                    "name": "phase",
                    "user_data": null,
                    "init_value": 1.2157963569392498,
                    "min": -Infinity,
                    "max": Infinity,
                    "brute_step": null,
                    "stderr": 0.6900375263540454,
                    "correl": {
                        "tau": 0.9886226020740073,
                        "frequency": 0.9048583085644042,
                        "amplitude": -0.9602907513752774,
                        "offset": -0.9104918600449731
                    },
                    "value": 2.0105984901930656
                },
                "amplitude": {
                    "name": "amplitude",
                    "user_data": null,
                    "init_value": 0.00016047896278617487,
                    "min": 0,
                    "max": Infinity,
                    "brute_step": null,
                    "stderr": 0.0006132092790669221,
                    "correl": {
                        "tau": -0.9818653558926371,
                        "frequency": -0.9867905596892254,
                        "phase": -0.9602907513752774,
                        "offset": 0.9885868648918816
                    },
                    "value": 0.00020472823309458654
                },
                "offset": {
                    "name": "offset",
                    "user_data": null,
                    "init_value": 0.0009781772666760389,
                    "min": -Infinity,
                    "max": Infinity,
                    "brute_step": null,
                    "stderr": 0.000152804862578455,
                    "correl": {
                        "tau": -0.9430193169097173,
                        "frequency": -0.9980005412360581,
                        "phase": -0.9104918600449731,
                        "amplitude": 0.9885868648918816
                    },
                    "value": 0.0010461602199057574
                }
            }
        }
    }
}