{
    "amplitude": {
        "__dtype__": "UFloat",
        "nominal_value": 202286.12563177163,
        "std_dev": 18385.994220309673
    },
    "frequency": {
        "__dtype__": "UFloat",
        "nominal_value": 8.756347808934496,
        "std_dev": 0.5340315164761023
    },
    "shift": {
        "__dtype__": "UFloat",
        "nominal_value": 0.7060429745176773,
        "std_dev": 0.09621974101540595
    },
    "offset": {
        "__dtype__": "UFloat",
        "nominal_value": 5913725071.813454,
        "std_dev": 31382.939455815103
    },
    "offset_0": {
        "__dtype__": "UFloat",
        "nominal_value": 0.0987573096850804,
        "std_dev": 0.012530971449857996
    },
    "freq_0": 5913927357.939085,
    "fit_success": true,
    "fit_msg": "Summary:\nf_0: 5.9139 GHz\noffset_0: 99$\\pm$13 mV\n",
    "fit_result": {
        "sin": {
            "success": true,
            "message": "Fit succeeded.",
            "params": {
                "amplitude": {
                    "name": "amplitude",
                    "user_data": null,
                    "init_value": 198253.9458030742,
                    "min": 0,
                    "max": Infinity,
                    "brute_step": null,
                    "stderr": 18385.994220309673,
                    "correl": {
                        "frequency": 0.0069657707098346395,
                        "shift": 0.12531868896139367
                    },
                    "value": 202286.12563177163
                },
                "frequency": {
                    "name": "frequency",
                    "user_data": null,
                    "init_value": 10.053096491487338,
                    "min": 0,
                    "max": Infinity,
                    "brute_step": null,
                    "stderr": 0.5340315164761023,
                    "correl": {
                        "amplitude": 0.0069657707098346395,
                        "shift": -0.2631962472955638
                    },
                    "value": 8.756347808934496
                },
                "shift": {
                    "name": "shift",
                    "user_data": null,
                    "init_value": 0.5711986642890533,
                    "min": -6.283195307179586,
                    "max": 6.283195307179586,
                    "brute_step": null,
                    "stderr": 0.09621974101540595,
                    "correl": {
                        "amplitude": 0.12531868896139367,
                        "frequency": -0.2631962472955638
                    },
                    "value": 0.7060429745176773
                },
                "offset": {
                    "name": "offset",
                    "user_data": null,
                    "init_value": 5913725071.813454,
                    "min": -Infinity,
                    "max": Infinity,
                    "brute_step": null,
                    "stderr": 31382.939455815103,
                    "correl": null,
                    "value": 5913725071.813454
                }
            }
        }
    }
}