{
    "fit_success": true,
    "Qi": {
        "__dtype__": "UFloat",
        "nominal_value": 15329.988203976076,
        "std_dev": 355.9291127700141
    },
    "Qe": {
        "__dtype__": "UFloat",
        "nominal_value": 2576.953037507221,
        "std_dev": 14.144942973256232
    },
    "Ql": {
        "__dtype__": "UFloat",
        "nominal_value": 2821.1715613385677,
        "std_dev": 18.023354008441455
    },
    "Qc": {
        "__dtype__": "UFloat",
        "nominal_value": 3457.443497036821,
        "std_dev": 25.45660293696203
    },
    "fr": {
        "__dtype__": "UFloat",
        "nominal_value": 5837651521.780024,
        "std_dev": 6609.662538394559
    },
    "fit_msg": "Summary\n$Q_I$: 15.33$\\pm$0.36 k\n$Q_C$: 3.457$\\pm$0.025 k\n$f_{res}$: 5.8376515$\\pm$6.6e-06 GHz",
    "fit_result": {
        "hanger_func_complex_SI": {
            "success": true,
            "message": "Fit succeeded.",
            "params": {
                "fr": {
                    "name": "fr",
                    "user_data": null,
                    "init_value": 5838423366.834171,
                    "min": 5833750000.0,
                    "max": 5843750000.0,
                    "brute_step": null,
                    "stderr": 6609.662538394559,
                    "correl": {
                        "Ql": 0.00035873741992950743,
                        "Qe": 0.19846175414223996,
                        "A": 0.40959686099539083,
                        "theta": -0.8479448077600661,
                        "phi_v": -0.18496237143974048,
                        "phi_0": 0.18466728355710058,
                        "alpha": 0.5466287844110359
                    },
                    "value": 5837651521.780024
                },
                "Ql": {
                    "name": "Ql",
                    "user_data": null,
                    "init_value": 2630.5314359766635,
                    "min": 58.384233668341714,
                    "max": 116184.62500117451,
                    "brute_step": null,
                    "stderr": 18.023354008441455,
                    "correl": {
                        "fr": 0.00035873741992950743,
                        "Qe": 0.8479804038946019,
                        "A": -0.4989403808131161,
                        "theta": 0.19781942468459493,
                        "phi_v": 0.5458701652685005,
                        "phi_0": -0.5460159674437001,
                        "alpha": 0.18329460658433092
                    },
                    "value": 2821.1715613385677
                },
                "Qe": {
                    "name": "Qe",
                    "user_data": null,
                    "init_value": 2578.4417045711853,
                    "min": 0,
                    "max": Infinity,
                    "brute_step": null,
                    "stderr": 14.144942973256232,
                    "correl": {
                        "fr": 0.19846175414223996,
                        "Ql": 0.8479804038946019,
                        "A": -0.27642818095739735,
                        "theta": -0.00028200487658654205,
                        "phi_v": 0.5794889239206913,
                        "phi_0": -0.5797231037527886,
                        "alpha": 0.4036663021807468
                    },
                    "value": 2576.953037507221
                },
                "A": {
                    "name": "A",
                    "user_data": null,
                    "init_value": 0.0033545654679793123,
                    "min": 0,
                    "max": Infinity,
                    "brute_step": null,
                    "stderr": 7.821815088396604e-06,
                    "correl": {
                        "fr": 0.40959686099539083,
                        "Ql": -0.4989403808131161,
                        "Qe": -0.27642818095739735,
                        "theta": -0.5801203651650322,
                        "phi_v": -0.3700565315431275,
                        "phi_0": 0.37000418048457395,
                        "alpha": 0.25407394595952715
                    },
                    "value": 0.003954580787780548
                },
                "theta": {
                    "name": "theta",
                    "user_data": null,
                    "init_value": 0,
                    "min": -1.5707963267948966,
                    "max": 1.5707963267948966,
                    "brute_step": null,
                    "stderr": 0.005487964669304169,
                    "correl": {
                        "fr": -0.8479448077600661,
                        "Ql": 0.19781942468459493,
                        "Qe": -0.00028200487658654205,
                        "A": -0.5801203651650322,
                        "phi_v": 0.4055828256099775,
                        "phi_0": -0.4053749005521452,
                        "alpha": -0.5810552216146109
                    },
                    "value": 0.7297594096482358
                },
                "phi_v": {
                    "name": "phi_v",
                    "user_data": null,
                    "init_value": -1.4634926967476776e-07,
                    "min": -Infinity,
                    "max": Infinity,
                    "brute_step": null,
                    "stderr": 6.446288152441176e-10,
                    "correl": {
                        "fr": -0.18496237143974048,
                        "Ql": 0.5458701652685005,
                        "Qe": 0.5794889239206913,
                        "A": -0.3700565315431275,
                        "theta": 0.4055828256099775,
                        "phi_0": -0.9999998676427632,
                        "alpha": -0.0037888025151231494
                    },
                    "value": -6.836156200873172e-08
                },
                "phi_0": {
                    "name": "phi_0",
                    "user_data": null,
                    "init_value": 850.6866448010637,
                    "min": -Infinity,
                    "max": Infinity,
                    "brute_step": null,
                    "stderr": 3.763620871755237,
                    "correl": {
                        "fr": 0.18466728355710058,
                        "Ql": -0.5460159674437001,
                        "Qe": -0.5797231037527886,
                        "A": 0.37000418048457395,
                        "theta": -0.4053749005521452,
                        "phi_v": -0.9999998676427632,
                        "alpha": 0.0035789464236991382
                    },
                    "value": 395.9467931150659
                },
                "alpha": {
                    "name": "alpha",
                    "user_data": null,
                    "init_value": 0,
                    "min": -1,
                    "max": 1,
                    "brute_step": null,
                    "stderr": 4.552920307828499,
                    "correl": {
                        "fr": 0.5466287844110359,
                        "Ql": 0.18329460658433092,
                        "Qe": 0.4036663021807468,
                        "A": 0.25407394595952715,
                        "theta": -0.5810552216146109,
                        "phi_v": -0.0037888025151231494,
                        "phi_0": 0.0035789464236991382
                    },
                    "value": 0.999821911922369
                },
                "Qi": {
                    "name": "Qi",
                    "user_data": null,
                    "init_value": -130211.3060808455,
                    "min": -Infinity,
                    "max": Infinity,
                    "brute_step": null,
                    "stderr": 355.9291127700141,
                    "correl": null,
                    "value": 15329.988203976076
                },
                "Qc": {
                    "name": "Qc",
                    "user_data": null,
                    "init_value": 2578.4417045711853,