{
    "fit_success": true,
    "Qi": {
        "__dtype__": "UFloat",
        "nominal_value": 13212.50825789143,
        "std_dev": 274.8078995376937
    },
    "Qe": {
        "__dtype__": "UFloat",
        "nominal_value": 9928.090700324921,
        "std_dev": 91.24216972168236
    },
    "Ql": {
        "__dtype__": "UFloat",
        "nominal_value": 5698.155140468379,
        "std_dev": 69.93733193225046
    },
    "Qc": {
        "__dtype__": "UFloat",
        "nominal_value": 10019.082237913728,
        "std_dev": 92.91974075078579
    },
    "fr": {
        "__dtype__": "UFloat",
        "nominal_value": 5258859195.978888,
        "std_dev": 5663.563486821094
    },
    "fit_msg": "Summary\n$Q_I$: 13.21$\\pm$0.27 k\n$Q_C$: 10.019$\\pm$0.093 k\n$f_{res}$: 5.2588592$\\pm$5.7e-06 GHz",
    "fit_result": {
        "hanger_func_complex_SI": {
            "success": true,
            "message": "Fit succeeded.",
            "params": {
                "fr": {
                    "name": "fr",
                    "user_data": null,
                    "init_value": 5258854271.356784,
                    "min": 5248000000.0,
                    "max": 5268000000.0,
                    "brute_step": null,
                    "stderr": 5663.563486821094,
                    "correl": {
                        "Ql": 0.00017984112185381114,
                        "Qe": 0.0015056420894331054,
                        "A": 0.008611005289027678,
                        "theta": -0.7636587303277026,
                        "phi_v": -0.07826153122000075,
                        "phi_0": 0.07795399371149189,
                        "alpha": 0.28036671246927986
                    },
                    "value": 5258859195.978888
                },
                "Ql": {
                    "name": "Ql",
                    "user_data": null,
                    "init_value": 1184.7018114977557,
                    "min": 26.29427135678392,
                    "max": 52325.600000032435,
                    "brute_step": null,
                    "stderr": 69.93733193225046,
                    "correl": {
                        "fr": 0.00017984112185381114,
                        "Qe": 0.7636812044469726,
                        "A": -0.2846960177311048,
                        "theta": 0.0011260736208116514,
                        "phi_v": 0.279813722630056,
                        "phi_0": -0.2798763568236697,
                        "alpha": 0.07629055219125921
                    },
                    "value": 5698.155140468379
                },
                "Qe": {
                    "name": "Qe",
                    "user_data": null,
                    "init_value": 1161.242369685919,
                    "min": 0,
                    "max": Infinity,
                    "brute_step": null,
                    "stderr": 91.24216972168236,
                    "correl": {
                        "fr": 0.0015056420894331054,
                        "Ql": 0.7636812044469726,
                        "A": -0.29053505206608543,
                        "theta": -0.00019640119876947277,
                        "phi_v": 0.38157839365537166,
                        "phi_0": -0.38166228009303743,
                        "alpha": 0.09178959943929071
                    },
                    "value": 9928.090700324921
                },
                "A": {
                    "name": "A",
                    "user_data": null,
                    "init_value": 0.003683017224563864,
                    "min": 0,
                    "max": Infinity,
                    "brute_step": null,
                    "stderr": 3.5863283658293094e-06,
                    "correl": {
                        "fr": 0.008611005289027678,
                        "Ql": -0.2846960177311048,
                        "Qe": -0.29053505206608543,
                        "theta": -0.010360530096908346,
                        "phi_v": -0.09130349236183244,
                        "phi_0": 0.09132832830912942,
                        "alpha": -0.16492552572044228
                    },
                    "value": 0.0038091468008383256
                },
                "theta": {
                    "name": "theta",
                    "user_data": null,
                    "init_value": 0,
                    "min": -1.5707963267948966,
                    "max": 1.5707963267948966,
                    "brute_step": null,
                    "stderr": 0.009189530602376001,
                    "correl": {
                        "fr": -0.7636587303277026,
                        "Ql": 0.0011260736208116514,
                        "Qe": -0.00019640119876947277,
                        "A": -0.010360530096908346,
                        "phi_v": 0.09457715221261839,
                        "phi_0": -0.09426371062774547,
                        "alpha": -0.3822346091233201
                    },
                    "value": 0.13487478328381775
                },
                "phi_v": {
                    "name": "phi_v",
                    "user_data": null,
                    "init_value": -1.8381900878107477e-07,
                    "min": -Infinity,
                    "max": Infinity,
                    "brute_step": null,
                    "stderr": 1.617081438086418e-10,
                    "correl": {
                        "fr": -0.07826153122000075,
                        "Ql": 0.279813722630056,
                        "Qe": 0.38157839365537166,
                        "A": -0.09130349236183244,
                        "theta": 0.09457715221261839,
                        "phi_0": -0.9999994010165908,
                        "alpha": -0.008152840564561167
                    },
                    "value": -1.5745005288164473e-07
                },
                "phi_0": {
                    "name": "phi_0",
                    "user_data": null,
                    "init_value": 961.6110391654308,
                    "min": -Infinity,
                    "max": Infinity,
                    "brute_step": null,
                    "stderr": 0.8502460689212594,
                    "correl": {
                        "fr": 0.07795399371149189,
                        "Ql": -0.2798763568236697,
                        "Qe": -0.38166228009303743,
                        "A": 0.09132832830912942,
                        "theta": -0.09426371062774547,
                        "phi_v": -0.9999994010165908,
                        "alpha": 0.008027248146899292
                    },
                    "value": 823.23633888235
                },
                "alpha": {
                    "name": "alpha",
                    "user_data": null,
                    "init_value": 0,
                    "min": -1,
                    "max": 1,
                    "brute_step": null,
                    "stderr": 0.9072502603956387,
                    "correl": {
                        "fr": 0.28036671246927986,
                        "Ql": 0.07629055219125921,
                        "Qe": 0.09178959943929071,
                        "A": -0.16492552572044228,
                        "theta": -0.3822346091233201,
                        "phi_v": -0.008152840564561167,
                        "phi_0": 0.008027248146899292
                    },
                    "value": 0.9999601784986569
                },
                "Qi": {
                    "name": "Qi",
                    "user_data": null,
                    "init_value": -58642.739669138755,
                    "min": -Infinity,
                    "max": Infinity,
                    "brute_step": null,
                    "stderr": 274.8078995376937,
                    "correl": null,
                    "value": 13212.50825789143
                },
                "Qc": {
                    "name": "Qc",
                    "user_data": null,