{
    "fit_success": true,
    "frequency_01": {
        "__dtype__": "UFloat",
        "nominal_value": 4094164949.280373,
        "std_dev": 14164239.046618735
    },
    "fit_msg": "Summary\nFrequency 0-1: 4.094$\\pm$0.014 GHz\nPeak width: 68.$\\pm$1.2e+06 kHz\n",
    "fit_result": {
        "Lorentzian_peak": {
            "success": true,
            "message": "Fit succeeded.",
            "params": {
                "x0": {
                    "name": "x0",
                    "user_data": null,
                    "init_value": 4096883353.122914,
                    "min": -Infinity,
                    "max": Infinity,
                    "brute_step": null,
                    "stderr": 14164239.046618735,
                    "correl": {
                        "width": 0.9904521090005058,
                        "a": -0.9904618494842785,
                        "c": 0.6448006246098729
                    },
                    "value": 4094164949.280373
                },
                "width": {
                    "name": "width",
                    "user_data": null,
                    "init_value": 4020151.261036513,
                    "min": -Infinity,
                    "max": Infinity,
                    "brute_step": null,
                    "stderr": 1207685918.5584707,
                    "correl": {
                        "x0": 0.9904521090005058,
                        "a": -0.9999999973722792,
                        "c": 0.5937025330087176
                    },
                    "value": 67968.63434336551
                },
                "a": {
                    "name": "a",
                    "user_data": null,
                    "init_value": 1120.3761679099218,
                    "min": -Infinity,
                    "max": Infinity,
                    "brute_step": null,
                    "stderr": 434540538.2237694,
                    "correl": {
                        "x0": -0.9904618494842785,
                        "width": -0.9999999973722792,
                        "c": -0.5937361933381148
                    },
                    "value": 24839.598123670858
                },
                "c": {
                    "name": "c",
                    "user_data": null,
                    "init_value": 0.0013143240536531405,
                    "min": -Infinity,
                    "max": Infinity,
                    "brute_step": null,
                    "stderr": 4.999987783272906e-06,
                    "correl": {
                        "x0": 0.6448006246098729,
                        "width": 0.5937025330087176,
                        "a": -0.5937361933381148
                    },
                    "value": 0.0013093596081798402
                }
            }
        }
    }
}