{
    "fit_success": true,
    "Qi": {
        "__dtype__": "UFloat",
        "nominal_value": 11624.529432972291,
        "std_dev": 200.1383257463094
    },
    "Qe": {
        "__dtype__": "UFloat",
        "nominal_value": 8218.424220250787,
        "std_dev": 64.55242641951064
    },
    "Ql": {
        "__dtype__": "UFloat",
        "nominal_value": 5666.9987167395475,
        "std_dev": 58.633877570603254
    },
    "Qc": {
        "__dtype__": "UFloat",
        "nominal_value": 11057.633861602984,
        "std_dev": 116.85968155932738
    },
    "fr": {
        "__dtype__": "UFloat",
        "nominal_value": 5719761686.149905,
        "std_dev": 5221.906316939988
    },
    "fit_msg": "Summary\n$Q_I$: 11.62$\\pm$0.20 k\n$Q_C$: 11.06$\\pm$0.12 k\n$f_{res}$: 5.7197617$\\pm$5.2e-06 GHz",
    "fit_result": {
        "hanger_func_complex_SI": {
            "success": true,
            "message": "Fit succeeded.",
            "params": {
                "fr": {
                    "name": "fr",
                    "user_data": null,
                    "init_value": 5720098743.718593,
                    "min": 5710350000.0,
                    "max": 5730350000.0,
                    "brute_step": null,
                    "stderr": 5221.906316939988,
                    "correl": {
                        "Ql": 7.040117382730974e-05,
                        "Qe": 0.028605513142227895,
                        "A": 0.2064091503812379,
                        "theta": -0.7660328573909114,
                        "phi_v": -0.1806485848123987,
                        "phi_0": 0.18041301179260483,
                        "alpha": 0.24424387568481187
                    },
                    "value": 5719761686.149905
                },
                "Ql": {
                    "name": "Ql",
                    "user_data": null,
                    "init_value": 1288.6098366595522,
                    "min": 28.600493718592965,
                    "max": 56914.98250003528,
                    "brute_step": null,
                    "stderr": 58.633877570603254,
                    "correl": {
                        "fr": 7.040117382730974e-05,
                        "Qe": 0.765980596560935,
                        "A": -0.2201230785463359,
                        "theta": 0.02844515180115634,
                        "phi_v": 0.2432584975565851,
                        "phi_0": -0.24345149798946994,
                        "alpha": 0.1793304303463752
                    },
                    "value": 5666.9987167395475
                },
                "Qe": {
                    "name": "Qe",
                    "user_data": null,
                    "init_value": 1263.092810191046,
                    "min": 0,
                    "max": Infinity,
                    "brute_step": null,
                    "stderr": 64.55242641951064,
                    "correl": {
                        "fr": 0.028605513142227895,
                        "Ql": 0.765980596560935,
                        "A": -0.1731342954122629,
                        "theta": -9.412989026303874e-05,
                        "phi_v": 0.3183888523435998,
                        "phi_0": -0.31865452156652446,
                        "alpha": 0.26461039215596416
                    },
                    "value": 8218.424220250787
                },
                "A": {
                    "name": "A",
                    "user_data": null,
                    "init_value": 0.0035993238037132745,
                    "min": 0,
                    "max": Infinity,
                    "brute_step": null,
                    "stderr": 3.6653788003486695e-06,
                    "correl": {
                        "fr": 0.2064091503812379,
                        "Ql": -0.2201230785463359,
                        "Qe": -0.1731342954122629,
                        "theta": -0.2837051410131381,
                        "phi_v": -0.12557791831138923,
                        "phi_0": 0.1255710497755952,
                        "alpha": 0.0705069835561707
                    },
                    "value": 0.0037131500980065457
                },
                "theta": {
                    "name": "theta",
                    "user_data": null,
                    "init_value": 0,
                    "min": -1.5707963267948966,
                    "max": 1.5707963267948966,
                    "brute_step": null,
                    "stderr": 0.007855615432789174,
                    "correl": {
                        "fr": -0.7660328573909114,
                        "Ql": 0.02844515180115634,
                        "Qe": -9.412989026303874e-05,
                        "A": -0.2837051410131381,
                        "phi_v": 0.2662136080247643,
                        "phi_0": -0.26601914274977484,
                        "alpha": -0.31982881617441794
                    },
                    "value": 0.7329030095842302
                },
                "phi_v": {
                    "name": "phi_v",
                    "user_data": null,
                    "init_value": -9.482650063484036e-08,
                    "min": -Infinity,
                    "max": Infinity,
                    "brute_step": null,
                    "stderr": 1.711197566475425e-10,
                    "correl": {
                        "fr": -0.1806485848123987,
                        "Ql": 0.2432584975565851,
                        "Qe": 0.3183888523435998,
                        "A": -0.12557791831138923,
                        "theta": 0.2662136080247643,
                        "phi_0": -0.9999994932162095,
                        "alpha": -0.004564767886987242
                    },
                    "value": -7.74798498312478e-08
                },
                "phi_0": {
                    "name": "phi_0",
                    "user_data": null,
                    "init_value": 541.2877869695457,
                    "min": -Infinity,
                    "max": Infinity,
                    "brute_step": null,
                    "stderr": 0.9788330832256643,
                    "correl": {
                        "fr": 0.18041301179260483,
                        "Ql": -0.24345149798946994,
                        "Qe": -0.31865452156652446,
                        "A": 0.1255710497755952,
                        "theta": -0.26601914274977484,
                        "phi_v": -0.9999994932162095,
                        "alpha": 0.004433546686123357
                    },
                    "value": 442.24936638038355
                },
                "alpha": {
                    "name": "alpha",
                    "user_data": null,
                    "init_value": 0,
                    "min": -1,
                    "max": 1,
                    "brute_step": null,
                    "stderr": 0.9802114780016835,
                    "correl": {
                        "fr": 0.24424387568481187,
                        "Ql": 0.1793304303463752,
                        "Qe": 0.26461039215596416,
                        "A": 0.0705069835561707,
                        "theta": -0.31982881617441794,
                        "phi_v": -0.004564767886987242,
                        "phi_0": 0.004433546686123357
                    },
                    "value": -0.9999826943291609
                },
                "Qi": {
                    "name": "Qi",
                    "user_data": null,
                    "init_value": -63786.18691464749,
                    "min": -Infinity,
                    "max": Infinity,
                    "brute_step": null,
                    "stderr": 200.1383257463094,
                    "correl": null,
                    "value": 11624.529432972291
                },
                "Qc": {
                    "name": "Qc",
                    "user_data": null,
                    "init_value": 1263.092810191046,