{
    "fit_success": true,
    "Qi": {
        "__dtype__": "UFloat",
        "nominal_value": 13947.884470640269,
        "std_dev": 1185.958243185572
    },
    "Qe": {
        "__dtype__": "UFloat",
        "nominal_value": 9691.46912411506,
        "std_dev": 338.5416343588831
    },
    "Ql": {
        "__dtype__": "UFloat",
        "nominal_value": 6108.392773229252,
        "std_dev": 292.65400584694345
    },
    "Qc": {
        "__dtype__": "UFloat",
        "nominal_value": 10867.943993158697,
        "std_dev": 425.6895124129422
    },
    "fr": {
        "__dtype__": "UFloat",
        "nominal_value": 5719797635.107171,
        "std_dev": 22429.79512223299
    },
    "fit_msg": "Summary\n$Q_I$: 13.9$\\pm$1.2 k\n$Q_C$: 10.87$\\pm$0.43 k\n$f_{res}$: 5.719798$\\pm$2.2e-05 GHz",
    "fit_result": {
        "hanger_func_complex_SI": {
            "success": true,
            "message": "Fit succeeded.",
            "params": {
                "fr": {
                    "name": "fr",
                    "user_data": null,
                    "init_value": 5719899497.487437,
                    "min": 5700000000.0,
                    "max": 5740000000.0,
                    "brute_step": null,
                    "stderr": 22429.79512223299,
                    "correl": {
                        "Ql": 0.00013809951731900912,
                        "Qe": 0.007923654698813435,
                        "A": 0.08987638546283375,
                        "theta": -0.7367610078247476,
                        "phi_v": -0.09074857013113763,
                        "phi_0": 0.09038995075065279,
                        "alpha": 0.1882014123497165
                    },
                    "value": 5719797635.107171
                },
                "Ql": {
                    "name": "Ql",
                    "user_data": null,
                    "init_value": 644.2824754782724,
                    "min": 14.299748743718594,
                    "max": 28456.50000001764,
                    "brute_step": null,
                    "stderr": 292.65400584694345,
                    "correl": {
                        "fr": 0.00013809951731900912,
                        "Qe": 0.7367989231892855,
                        "A": -0.17643365908989406,
                        "theta": 0.007632929597729985,
                        "phi_v": 0.18795696452962718,
                        "phi_0": -0.18813336035676748,
                        "alpha": 0.09030395760737216
                    },
                    "value": 6108.392773229252
                },
                "Qe": {
                    "name": "Qe",
                    "user_data": null,
                    "init_value": 631.5244066569204,
                    "min": 0,
                    "max": Infinity,
                    "brute_step": null,
                    "stderr": 338.5416343588831,
                    "correl": {
                        "fr": 0.007923654698813435,
                        "Ql": 0.7367989231892855,
                        "A": -0.16383756891913526,
                        "theta": -0.00014192284318481263,
                        "phi_v": 0.25916334673532865,
                        "phi_0": -0.2594094086759127,
                        "alpha": 0.1292147033316214
                    },
                    "value": 9691.46912411506
                },
                "A": {
                    "name": "A",
                    "user_data": null,
                    "init_value": 0.003747633742592944,
                    "min": 0,
                    "max": Infinity,
                    "brute_step": null,
                    "stderr": 1.0880417963889126e-05,
                    "correl": {
                        "fr": 0.08987638546283375,
                        "Ql": -0.17643365908989406,
                        "Qe": -0.16383756891913526,
                        "theta": -0.12462462782299005,
                        "phi_v": -0.05471714360100482,
                        "phi_0": 0.05471997857421273,
                        "alpha": 0.008931494093616977
                    },
                    "value": 0.0038049521244303275
                },
                "theta": {
                    "name": "theta",
                    "user_data": null,
                    "init_value": 0,
                    "min": -1.5707963267948966,
                    "max": 1.5707963267948966,
                    "brute_step": null,
                    "stderr": 0.034928066471456624,
                    "correl": {
                        "fr": -0.7367610078247476,
                        "Ql": 0.007632929597729985,
                        "Qe": -0.00014192284318481263,
                        "A": -0.12462462782299005,
                        "phi_v": 0.12998782369576609,
                        "phi_0": -0.12965342966678592,
                        "alpha": -0.25951773760698055
                    },
                    "value": 0.4696026636349506
                },
                "phi_v": {
                    "name": "phi_v",
                    "user_data": null,
                    "init_value": -1.0291678935931021e-07,
                    "min": -Infinity,
                    "max": Infinity,
                    "brute_step": null,
                    "stderr": 2.479053056419181e-10,
                    "correl": {
                        "fr": -0.09074857013113763,
                        "Ql": 0.18795696452962718,
                        "Qe": 0.25916334673532865,
                        "A": -0.05471714360100482,
                        "theta": 0.12998782369576609,
                        "phi_0": -0.9999979664126523,
                        "alpha": -0.004307052094398819
                    },
                    "value": -7.735439982072851e-08
                },
                "phi_0": {
                    "name": "phi_0",
                    "user_data": null,
                    "init_value": 586.6859160616067,
                    "min": -Infinity,
                    "max": Infinity,
                    "brute_step": null,
                    "stderr": 1.4180017976825672,
                    "correl": {
                        "fr": 0.09038995075065279,
                        "Ql": -0.18813336035676748,
                        "Qe": -0.2594094086759127,
                        "A": 0.05471997857421273,
                        "theta": -0.12965342966678592,
                        "phi_v": -0.9999979664126523,
                        "alpha": 0.004189342647816543
                    },
                    "value": 440.92702906619144
                },
                "alpha": {
                    "name": "alpha",
                    "user_data": null,
                    "init_value": 0,
                    "min": -1,
                    "max": 1,
                    "brute_step": null,
                    "stderr": 1.5923184833910762,
                    "correl": {
                        "fr": 0.1882014123497165,
                        "Ql": 0.09030395760737216,
                        "Qe": 0.1292147033316214,
                        "A": 0.008931494093616977,
                        "theta": -0.25951773760698055,
                        "phi_v": -0.004307052094398819,
                        "phi_0": 0.004189342647816543
                    },
                    "value": 0.9999932309861048
                },
                "Qi": {
                    "name": "Qi",
                    "user_data": null,
                    "init_value": -31891.982536174266,
                    "min": -Infinity,
                    "max": Infinity,
                    "brute_step": null,
                    "stderr": 1185.958243185572,
                    "correl": null,
                    "value": 13947.884470640269
                },
                "Qc": {
                    "name": "Qc",
                    "user_data": null,
                    "init_value": 631.5244066569204,