{
    "a": {
        "__dtype__": "UFloat",
        "nominal_value": 83678945252.8804,
        "std_dev": 15175862268.083279
    },
    "b": {
        "__dtype__": "UFloat",
        "nominal_value": 40041337484.6103,
        "std_dev": 7519689573.641682
    },
    "c": {
        "__dtype__": "UFloat",
        "nominal_value": 7628119145.241793,
        "std_dev": 918657592.4627609
    },
    "fit_success": true,
    "offset_0": {
        "__dtype__": "UFloat",
        "nominal_value": -0.23925574924256107,
        "std_dev": 0.062463139353369224
    },
    "freq_0": {
        "__dtype__": "UFloat",
        "nominal_value": 2838059044.964452,
        "std_dev": 2198969168.0576034
    },
    "fit_msg": "Summary:\noffset_0: -239$\\pm$62 mV\nfreq_0: 2.8$\\pm$2.2 GHz\n",
    "fit_result": {
        "poly2": {
            "success": true,
            "message": "Fit succeeded.",
            "params": {
                "a": {
                    "name": "a",
                    "user_data": null,
                    "init_value": 83678945252.8804,
                    "min": -Infinity,
                    "max": Infinity,
                    "brute_step": null,
                    "stderr": 15175862268.083279,
                    "correl": {
                        "b": 0.998863256078474,
                        "c": 0.9951992459374124
                    },
                    "value": 83678945252.8804
                },
                "b": {
                    "name": "b",
                    "user_data": null,
                    "init_value": 40041337484.6103,
                    "min": -Infinity,
                    "max": Infinity,
                    "brute_step": null,
                    "stderr": 7519689573.641682,
                    "correl": {
                        "a": 0.998863256078474,
                        "c": 0.9986960892124409
                    },
                    "value": 40041337484.6103
                },
                "c": {
                    "name": "c",
                    "user_data": null,
                    "init_value": 7628119145.241793,
                    "min": -Infinity,
                    "max": Infinity,
                    "brute_step": null,
                    "stderr": 918657592.4627609,
                    "correl": {
                        "a": 0.9951992459374124,
                        "b": 0.9986960892124409
                    },
                    "value": 7628119145.241793
                }
            }
        }
    }
}