{
    "amplitude": {
        "__dtype__": "UFloat",
        "nominal_value": 818269.6385350156,
        "std_dev": 15243.995367293832
    },
    "frequency": {
        "__dtype__": "UFloat",
        "nominal_value": 10.339861955955778,
        "std_dev": 0.10632029032869834
    },
    "shift": {
        "__dtype__": "UFloat",
        "nominal_value": 0.6764620835514092,
        "std_dev": 0.019195433788570044
    },
    "offset": {
        "__dtype__": "UFloat",
        "nominal_value": 5719401358.56511,
        "std_dev": 91943.20159026205
    },
    "offset_0": {
        "__dtype__": "UFloat",
        "nominal_value": 0.08649382816260417,
        "std_dev": 0.0020584944304171573
    },
    "freq_0": 5720219628.203645,
    "fit_success": true,
    "fit_msg": "Summary:\nf_0: 5.7202 GHz\noffset_0: 86.5$\\pm$2.1 mV\n",
    "fit_result": {
        "sin": {
            "success": true,
            "message": "Fit succeeded.",
            "params": {
                "amplitude": {
                    "name": "amplitude",
                    "user_data": null,
                    "init_value": 816949.9291038596,
                    "min": 0,
                    "max": Infinity,
                    "brute_step": null,
                    "stderr": 15243.995367293832,
                    "correl": {
                        "frequency": 0.0624218696663477,
                        "shift": -0.027979452383529498
                    },
                    "value": 818269.6385350156
                },
                "frequency": {
                    "name": "frequency",
                    "user_data": null,
                    "init_value": 10.210176124166829,
                    "min": 0,
                    "max": Infinity,
                    "brute_step": null,
                    "stderr": 0.10632029032869834,
                    "correl": {
                        "amplitude": 0.0624218696663477,
                        "shift": -0.2585543296822156
                    },
                    "value": 10.339861955955778
                },
                "shift": {
                    "name": "shift",
                    "user_data": null,
                    "init_value": 0.5711986642890533,
                    "min": -6.283195307179586,
                    "max": 6.283195307179586,
                    "brute_step": null,
                    "stderr": 0.019195433788570044,
                    "correl": {
                        "amplitude": -0.027979452383529498,
                        "frequency": -0.2585543296822156
                    },
                    "value": 0.6764620835514092
                },
                "offset": {
                    "name": "offset",
                    "user_data": null,
                    "init_value": 5719401358.56511,
                    "min": -Infinity,
                    "max": Infinity,
                    "brute_step": null,
                    "stderr": 91943.20159026205,
                    "correl": null,
                    "value": 5719401358.56511
                }
            }
        }
    }
}