{
    "fit_success": true,
    "Qi": {
        "__dtype__": "UFloat",
        "nominal_value": 21136.375120017157,
        "std_dev": 363.1323145903501
    },
    "Qe": {
        "__dtype__": "UFloat",
        "nominal_value": 3156.036700437146,
        "std_dev": 8.950091573316417
    },
    "Ql": {
        "__dtype__": "UFloat",
        "nominal_value": 2778.095425988448,
        "std_dev": 10.339920785813796
    },
    "Qc": {
        "__dtype__": "UFloat",
        "nominal_value": 3198.4950671600695,
        "std_dev": 9.192231716409786
    },
    "fr": {
        "__dtype__": "UFloat",
        "nominal_value": 6008028692.831055,
        "std_dev": 4024.0170537432173
    },
    "fit_msg": "Summary\n$Q_I$: 21.14$\\pm$0.36 k\n$Q_C$: 3.1985$\\pm$0.0092 k\n$f_{res}$: 6.0080287$\\pm$4.0e-06 GHz",
    "fit_result": {
        "hanger_func_complex_SI": {
            "success": true,
            "message": "Fit succeeded.",
            "params": {
                "fr": {
                    "name": "fr",
                    "user_data": null,
                    "init_value": 6008165829.145729,
                    "min": 5995000000.0,
                    "max": 6015000000.0,
                    "brute_step": null,
                    "stderr": 4024.0170537432173,
                    "correl": {
                        "Ql": 0.00019422499905183708,
                        "Qe": -0.005418339155611113,
                        "A": -0.02535283086546594,
                        "theta": -0.8181499521035377,
                        "phi_v": -0.28012195666742284,
                        "phi_0": 0.2797358248783628,
                        "alpha": 0.34097422894530477
                    },
                    "value": 6008028692.831055
                },
                "Ql": {
                    "name": "Ql",
                    "user_data": null,
                    "init_value": 1353.5048841981788,
                    "min": 30.040829145728647,
                    "max": 59781.250000037064,
                    "brute_step": null,
                    "stderr": 10.339920785813796,
                    "correl": {
                        "fr": 0.00019422499905183708,
                        "Qe": 0.8182084973394076,
                        "A": -0.48882915300411733,
                        "theta": -0.005781361547711889,
                        "phi_v": 0.3400727600174926,
                        "phi_0": -0.3402632505249913,
                        "alpha": 0.27900813744072567
                    },
                    "value": 2778.095425988448
                },
                "Qe": {
                    "name": "Qe",
                    "user_data": null,
                    "init_value": 1326.7028072833632,
                    "min": 0,
                    "max": Infinity,
                    "brute_step": null,
                    "stderr": 8.950091573316417,
                    "correl": {
                        "fr": -0.005418339155611113,
                        "Ql": 0.8182084973394076,
                        "A": -0.4367126862546296,
                        "theta": -0.00015765517701995298,
                        "phi_v": 0.444417633738481,
                        "phi_0": -0.44465394696123567,
                        "alpha": 0.2704989181474367
                    },
                    "value": 3156.036700437146
                },
                "A": {
                    "name": "A",
                    "user_data": null,
                    "init_value": 0.008012345294913924,
                    "min": 0,
                    "max": Infinity,
                    "brute_step": null,
                    "stderr": 6.863984726674426e-06,
                    "correl": {
                        "fr": -0.02535283086546594,
                        "Ql": -0.48882915300411733,
                        "Qe": -0.4367126862546296,
                        "theta": 0.043141708423199726,
                        "phi_v": -0.1665924725559158,
                        "phi_0": 0.166706749959063,
                        "alpha": -0.5543234652942108
                    },
                    "value": 0.008823641994214704
                },
                "theta": {
                    "name": "theta",
                    "user_data": null,
                    "init_value": 0,
                    "min": -1.5707963267948966,
                    "max": 1.5707963267948966,
                    "brute_step": null,
                    "stderr": 0.0028351648015999924,
                    "correl": {
                        "fr": -0.8181499521035377,
                        "Ql": -0.005781361547711889,
                        "Qe": -0.00015765517701995298,
                        "A": 0.043141708423199726,
                        "phi_v": 0.27208654094910234,
                        "phi_0": -0.27175374594438234,
                        "alpha": -0.4452142258494713
                    },
                    "value": 0.16311931541976232
                },
                "phi_v": {
                    "name": "phi_v",
                    "user_data": null,
                    "init_value": -1.1475342418650063e-07,
                    "min": -Infinity,
                    "max": Infinity,
                    "brute_step": null,
                    "stderr": 1.1304595257211874e-10,
                    "correl": {
                        "fr": -0.28012195666742284,
                        "Ql": 0.3400727600174926,
                        "Qe": 0.444417633738481,
                        "A": -0.1665924725559158,
                        "theta": 0.27208654094910234,
                        "phi_0": -0.9999995431495251,
                        "alpha": -0.004017051577658948
                    },
                    "value": -7.020820638060525e-08
                },
                "phi_0": {
                    "name": "phi_0",
                    "user_data": null,
                    "init_value": 686.4125976155218,
                    "min": -Infinity,
                    "max": Infinity,
                    "brute_step": null,
                    "stderr": 0.6787525225017356,
                    "correl": {
                        "fr": 0.2797358248783628,
                        "Ql": -0.3402632505249913,
                        "Qe": -0.44465394696123567,
                        "A": 0.166706749959063,
                        "theta": -0.27175374594438234,
                        "phi_v": -0.9999995431495251,
                        "alpha": 0.0038133898070601105
                    },
                    "value": 419.43622317440816
                },
                "alpha": {
                    "name": "alpha",
                    "user_data": null,
                    "init_value": 0,
                    "min": -1,
                    "max": 1,
                    "brute_step": null,
                    "stderr": 0.8127060947179764,
                    "correl": {
                        "fr": 0.34097422894530477,
                        "Ql": 0.27900813744072567,
                        "Qe": 0.2704989181474367,
                        "A": -0.5543234652942108,
                        "theta": -0.4452142258494713,
                        "phi_v": -0.004017051577658948,
                        "phi_0": 0.0038133898070601105
                    },
                    "value": 0.9999775932317372
                },
                "Qi": {
                    "name": "Qi",
                    "user_data": null,
                    "init_value": -66998.49176780936,
                    "min": -Infinity,
                    "max": Infinity,
                    "brute_step": null,
                    "stderr": 363.1323145903501,
                    "correl": null,
                    "value": 21136.375120017157
                },
                "Qc": {
                    "name": "Qc",
                    "user_data": null,