{
    "a": {
        "__dtype__": "UFloat",
        "nominal_value": -9555849204.590216,
        "std_dev": 40152273905.26242
    },
    "b": {
        "__dtype__": "UFloat",
        "nominal_value": -188311927.45034158,
        "std_dev": 5401094654.541018
    },
    "c": {
        "__dtype__": "UFloat",
        "nominal_value": 3913118759.230744,
        "std_dev": 156053719.2943594
    },
    "fit_success": true,
    "offset_0": {
        "__dtype__": "UFloat",
        "nominal_value": -0.00985322829078784,
        "std_dev": 0.28562331163047316
    },
    "freq_0": {
        "__dtype__": "UFloat",
        "nominal_value": 3914046499.436267,
        "std_dev": 164924644.25759244
    },
    "fit_msg": "Summary:\noffset_0: -9.9$\\pm$2.9e+02 mV\nfreq_0: 3.91$\\pm$0.16 GHz\n",
    "fit_result": {
        "poly2": {
            "success": true,
            "message": "Fit succeeded.",
            "params": {
                "a": {
                    "name": "a",
                    "user_data": null,
                    "init_value": -9555849204.590216,
                    "min": -Infinity,
                    "max": Infinity,
                    "brute_step": null,
                    "stderr": 40152273905.26242,
                    "correl": {
                        "b": -0.972477201348035,
                        "c": 0.8321480969135617
                    },
                    "value": -9555849204.590216
                },
                "b": {
                    "name": "b",
                    "user_data": null,
                    "init_value": -188311927.45034158,
                    "min": -Infinity,
                    "max": Infinity,
                    "brute_step": null,
                    "stderr": 5401094654.541018,
                    "correl": {
                        "a": -0.972477201348035,
                        "c": -0.9236240969981921
                    },
                    "value": -188311927.45034158
                },
                "c": {
                    "name": "c",
                    "user_data": null,
                    "init_value": 3913118759.230744,
                    "min": -Infinity,
                    "max": Infinity,
                    "brute_step": null,
                    "stderr": 156053719.2943594,
                    "correl": {
                        "a": 0.8321480969135617,
                        "b": -0.9236240969981921
                    },
                    "value": 3913118759.230744
                }
            }
        }
    }
}