{
    "fit_success": true,
    "Qi": {
        "__dtype__": "UFloat",
        "nominal_value": 36564.775833108324,
        "std_dev": 3862.977274270009
    },
    "Qe": {
        "__dtype__": "UFloat",
        "nominal_value": 7644.067428508688,
        "std_dev": 149.5910729796113
    },
    "Ql": {
        "__dtype__": "UFloat",
        "nominal_value": 7084.701563404939,
        "std_dev": 190.44721024992924
    },
    "Qc": {
        "__dtype__": "UFloat",
        "nominal_value": 8787.309086822737,
        "std_dev": 197.6704550153182
    },
    "fr": {
        "__dtype__": "UFloat",
        "nominal_value": 5720932703.326257,
        "std_dev": 10852.845310126622
    },
    "fit_msg": "Summary\n$Q_I$: 36.6$\\pm$3.9 k\n$Q_C$: 8.79$\\pm$0.20 k\n$f_{res}$: 5.720933$\\pm$1.1e-05 GHz",
    "fit_result": {
        "hanger_func_complex_SI": {
            "success": true,
            "message": "Fit succeeded.",
            "params": {
                "fr": {
                    "name": "fr",
                    "user_data": null,
                    "init_value": 5721075376.884422,
                    "min": 5706000000.0,
                    "max": 5736000000.0,
                    "brute_step": null,
                    "stderr": 10852.845310126622,
                    "correl": {
                        "Ql": 0.00011042390746902387,
                        "Qe": 0.013898658417488882,
                        "A": 0.0997404628619749,
                        "theta": -0.7378771518836797,
                        "phi_v": -0.10828763294009185,
                        "phi_0": 0.10800912358254511,
                        "alpha": 0.19601775426720627
                    },
                    "value": 5720932703.326257
                },
                "Ql": {
                    "name": "Ql",
                    "user_data": null,
                    "init_value": 859.2199001262984,
                    "min": 19.070251256281406,
                    "max": 37949.800000143565,
                    "brute_step": null,
                    "stderr": 190.44721024992924,
                    "correl": {
                        "fr": 0.00011042390746902387,
                        "Qe": 0.7379120912903003,
                        "A": -0.18400377161172496,
                        "theta": 0.013681417862234846,
                        "phi_v": 0.1954663693098518,
                        "phi_0": -0.19562166840320028,
                        "alpha": 0.10733563213038047
                    },
                    "value": 7084.701563404939
                },
                "Qe": {
                    "name": "Qe",
                    "user_data": null,
                    "init_value": 842.2056446782528,
                    "min": 0,
                    "max": Infinity,
                    "brute_step": null,
                    "stderr": 149.5910729796113,
                    "correl": {
                        "fr": 0.013898658417488882,
                        "Ql": 0.7379120912903003,
                        "A": -0.1281551367343924,
                        "theta": -9.191005653715124e-05,
                        "phi_v": 0.2666392484396446,
                        "phi_0": -0.26685650882489886,
                        "alpha": 0.15229243214423052
                    },
                    "value": 7644.067428508688
                },
                "A": {
                    "name": "A",
                    "user_data": null,
                    "init_value": 0.25641372457138956,
                    "min": 0,
                    "max": Infinity,
                    "brute_step": null,
                    "stderr": 0.0006613200108671718,
                    "correl": {
                        "fr": 0.0997404628619749,
                        "Ql": -0.18400377161172496,
                        "Qe": -0.1281551367343924,
                        "theta": -0.13951784944016934,
                        "phi_v": -0.04575655663459478,
                        "phi_0": 0.04576210521714988,
                        "alpha": -0.011572575294176766
                    },
                    "value": 0.2619739608692955
                },
                "theta": {
                    "name": "theta",
                    "user_data": null,
                    "init_value": 0,
                    "min": -1.5707963267948966,
                    "max": 1.5707963267948966,
                    "brute_step": null,
                    "stderr": 0.01956779115355119,
                    "correl": {
                        "fr": -0.7378771518836797,
                        "Ql": 0.013681417862234846,
                        "Qe": -9.191005653715124e-05,
                        "A": -0.13951784944016934,
                        "phi_v": 0.1537819303215575,
                        "phi_0": -0.15358759684339102,
                        "alpha": -0.26741975062571266
                    },
                    "value": 0.5157997292983669
                },
                "phi_v": {
                    "name": "phi_v",
                    "user_data": null,
                    "init_value": -1.1937192310267241e-07,
                    "min": -Infinity,
                    "max": Infinity,
                    "brute_step": null,
                    "stderr": 2.9225901901285037e-10,
                    "correl": {
                        "fr": -0.10828763294009185,
                        "Ql": 0.1954663693098518,
                        "Qe": 0.2666392484396446,
                        "A": -0.04575655663459478,
                        "theta": 0.1537819303215575,
                        "phi_0": -0.9999988593739307,
                        "alpha": -0.006318072845757787
                    },
                    "value": -1.1190661288755981e-07
                },
                "phi_0": {
                    "name": "phi_0",
                    "user_data": null,
                    "init_value": 679.7332436995697,
                    "min": -Infinity,
                    "max": Infinity,
                    "brute_step": null,
                    "stderr": 1.6719703063023101,
                    "correl": {
                        "fr": 0.10800912358254511,
                        "Ql": -0.19562166840320028,
                        "Qe": -0.26685650882489886,
                        "A": 0.04576210521714988,
                        "theta": -0.15358759684339102,
                        "phi_v": -0.9999988593739307,
                        "alpha": 0.006233818082748868
                    },
                    "value": 637.1673021779762
                },
                "alpha": {
                    "name": "alpha",
                    "user_data": null,
                    "init_value": 0,
                    "min": -1,
                    "max": 1,
                    "brute_step": null,
                    "stderr": 1.8834400258612078,
                    "correl": {
                        "fr": 0.19601775426720627,
                        "Ql": 0.10733563213038047,
                        "Qe": 0.15229243214423052,
                        "A": -0.011572575294176766,
                        "theta": -0.26741975062571266,
                        "phi_v": -0.006318072845757787,
                        "phi_0": 0.006233818082748868
                    },
                    "value": 0.99996934711581
                },
                "Qi": {
                    "name": "Qi",
                    "user_data": null,
                    "init_value": -42531.38505625164,
                    "min": -Infinity,
                    "max": Infinity,
                    "brute_step": null,
                    "stderr": 3862.977274270009,
                    "correl": null,
                    "value": 36564.775833108324
                },
                "Qc": {
                    "name": "Qc",
                    "user_data": null,
                    "init_value": 842.2056446782528,