{
    "a": {
        "__dtype__": "UFloat",
        "nominal_value": -50040844210.72871,
        "std_dev": 697640865.1662961
    },
    "b": {
        "__dtype__": "UFloat",
        "nominal_value": -2389763333.0632863,
        "std_dev": 46361751.24133883
    },
    "c": {
        "__dtype__": "UFloat",
        "nominal_value": 3205918954.9512596,
        "std_dev": 788038.3127620089
    },
    "fit_success": true,
    "offset_0": {
        "__dtype__": "UFloat",
        "nominal_value": -0.023878127665069682,
        "std_dev": 0.0005704469198247283
    },
    "freq_0": {
        "__dtype__": "UFloat",
        "nominal_value": 3234450491.929353,
        "std_dev": 1415890.2164948743
    },
    "fit_msg": "Summary:\noffset_0: -23.88$\\pm$0.57 mV\nfreq_0: 3.2345$\\pm$0.0014 GHz\n",
    "fit_result": {
        "poly2": {
            "success": true,
            "message": "Fit succeeded.",
            "params": {
                "a": {
                    "name": "a",
                    "user_data": null,
                    "init_value": -50040844210.29768,
                    "min": -Infinity,
                    "max": Infinity,
                    "brute_step": null,
                    "stderr": 697640865.1662961,
                    "correl": {
                        "b": 0.9264232594208119,
                        "c": 0.03356198458155382
                    },
                    "value": -50040844210.72871
                },
                "b": {
                    "name": "b",
                    "user_data": null,
                    "init_value": -2389763333.037134,
                    "min": -Infinity,
                    "max": Infinity,
                    "brute_step": null,
                    "stderr": 46361751.24133883,
                    "correl": {
                        "a": 0.9264232594208119,
                        "c": 0.3120061476716629
                    },
                    "value": -2389763333.0632863
                },
                "c": {
                    "name": "c",
                    "user_data": null,
                    "init_value": 3205918954.951264,
                    "min": -Infinity,
                    "max": Infinity,
                    "brute_step": null,
                    "stderr": 788038.3127620089,
                    "correl": {
                        "a": 0.03356198458155382,
                        "b": 0.3120061476716629
                    },
                    "value": 3205918954.9512596
                }
            }
        }
    }
}