{
    "amplitude": {
        "__dtype__": "UFloat",
        "nominal_value": 923329.0127455959,
        "std_dev": 18726.510495588787
    },
    "frequency": {
        "__dtype__": "UFloat",
        "nominal_value": 10.193518564696168,
        "std_dev": 0.12431404620324041
    },
    "shift": {
        "__dtype__": "UFloat",
        "nominal_value": 1.2185547570203488,
        "std_dev": 0.020360944403708354
    },
    "offset": {
        "__dtype__": "UFloat",
        "nominal_value": 5719572002.79462,
        "std_dev": 131831.54233929532
    },
    "offset_0": {
        "__dtype__": "UFloat",
        "nominal_value": 0.034555444966224654,
        "std_dev": 0.002041411354899876
    },
    "freq_0": 5720495331.807365,
    "fit_success": true,
    "fit_msg": "Summary:\nf_0: 5.7205 GHz\noffset_0: 34.6$\\pm$2.0 mV\n",
    "fit_result": {
        "sin": {
            "success": true,
            "message": "Fit succeeded.",
            "params": {
                "amplitude": {
                    "name": "amplitude",
                    "user_data": null,
                    "init_value": 927984.0489385853,
                    "min": 0,
                    "max": Infinity,
                    "brute_step": null,
                    "stderr": 18726.510495588787,
                    "correl": {
                        "frequency": -0.22345168069126659,
                        "shift": 0.03445353193911549
                    },
                    "value": 923329.0127455959
                },
                "frequency": {
                    "name": "frequency",
                    "user_data": null,
                    "init_value": 10.053096491487338,
                    "min": 0,
                    "max": Infinity,
                    "brute_step": null,
                    "stderr": 0.12431404620324041,
                    "correl": {
                        "amplitude": -0.22345168069126659,
                        "shift": -0.19271382273873977
                    },
                    "value": 10.193518564696168
                },
                "shift": {
                    "name": "shift",
                    "user_data": null,
                    "init_value": 1.1423973285781066,
                    "min": -6.283195307179586,
                    "max": 6.283195307179586,
                    "brute_step": null,
                    "stderr": 0.020360944403708354,
                    "correl": {
                        "amplitude": 0.03445353193911549,
                        "frequency": -0.19271382273873977
                    },
                    "value": 1.2185547570203488
                },
                "offset": {
                    "name": "offset",
                    "user_data": null,
                    "init_value": 5719572002.79462,
                    "min": -Infinity,
                    "max": Infinity,
                    "brute_step": null,
                    "stderr": 131831.54233929532,
                    "correl": null,
                    "value": 5719572002.79462
                }
            }
        }
    }
}