{
    "amplitude": {
        "__dtype__": "UFloat",
        "nominal_value": 881613.0338202952,
        "std_dev": 17028.10297644439
    },
    "frequency": {
        "__dtype__": "UFloat",
        "nominal_value": 10.458709070072212,
        "std_dev": 0.10655960767361226
    },
    "shift": {
        "__dtype__": "UFloat",
        "nominal_value": 0.665443056672121,
        "std_dev": 0.01965374918733961
    },
    "offset": {
        "__dtype__": "UFloat",
        "nominal_value": 5719606666.666666,
        "std_dev": 124607.82925287308
    },
    "offset_0": {
        "__dtype__": "UFloat",
        "nominal_value": 0.08656453335273094,
        "std_dev": 0.0020758549916393967
    },
    "freq_0": 5720488279.700486,
    "fit_success": true,
    "fit_msg": "Summary:\nf_0: 5.7205 GHz\noffset_0: 86.6$\\pm$2.1 mV\n",
    "fit_result": {
        "sin": {
            "success": true,
            "message": "Fit succeeded.",
            "params": {
                "amplitude": {
                    "name": "amplitude",
                    "user_data": null,
                    "init_value": 875345.5424258293,
                    "min": 0,
                    "max": Infinity,
                    "brute_step": null,
                    "stderr": 17028.10297644439,
                    "correl": {
                        "frequency": 0.06873458269904731,
                        "shift": -0.0528441415047538
                    },
                    "value": 881613.0338202952
                },
                "frequency": {
                    "name": "frequency",
                    "user_data": null,
                    "init_value": 10.053096491487338,
                    "min": 0,
                    "max": Infinity,
                    "brute_step": null,
                    "stderr": 0.10655960767361226,
                    "correl": {
                        "amplitude": 0.06873458269904731,
                        "shift": -0.23734050324602665
                    },
                    "value": 10.458709070072212
                },
                "shift": {
                    "name": "shift",
                    "user_data": null,
                    "init_value": 0.5711986642890533,
                    "min": -6.283195307179586,
                    "max": 6.283195307179586,
                    "brute_step": null,
                    "stderr": 0.01965374918733961,
                    "correl": {
                        "amplitude": -0.0528441415047538,
                        "frequency": -0.23734050324602665
                    },
                    "value": 0.665443056672121
                },
                "offset": {
                    "name": "offset",
                    "user_data": null,
                    "init_value": 5719606666.666666,
                    "min": -Infinity,
                    "max": Infinity,
                    "brute_step": null,
                    "stderr": 124607.82925287308,
                    "correl": null,
                    "value": 5719606666.666666
                }
            }
        }
    }
}