{
    "fit_success": true,
    "Qi": {
        "__dtype__": "UFloat",
        "nominal_value": 3524.4971705266526,
        "std_dev": 1110.853424201056
    },
    "Qe": {
        "__dtype__": "UFloat",
        "nominal_value": 9607.332391967506,
        "std_dev": 2899.5453105169895
    },
    "Ql": {
        "__dtype__": "UFloat",
        "nominal_value": 3524.4900967836124,
        "std_dev": 1068.2007989691194
    },
    "Qc": {
        "__dtype__": "UFloat",
        "nominal_value": 1756079532.9725351,
        "std_dev": 97166844283205.19
    },
    "fr": {
        "__dtype__": "UFloat",
        "nominal_value": 6007439150.521977,
        "std_dev": 258337.26365108177
    },
    "fit_msg": "Summary\n$Q_I$: 3.5$\\pm$1.1 k\n$Q_C$: 1.8$\\pm$9.7e+04 G\n$f_{res}$: 6.00744$\\pm$0.00026 GHz",
    "fit_result": {
        "hanger_func_complex_SI": {
            "success": true,
            "message": "Fit succeeded.",
            "params": {
                "fr": {
                    "name": "fr",
                    "user_data": null,
                    "init_value": 6006464824.120603,
                    "min": 6003500000.0,
                    "max": 6013500000.0,
                    "brute_step": null,
                    "stderr": 258337.26365108177,
                    "correl": {
                        "Ql": 0.00024126851003392302,
                        "Qe": -0.07161176855148418,
                        "A": -0.6375970044291163,
                        "theta": -0.8651370564026547,
                        "phi_v": 0.49399651702816266,
                        "phi_0": -0.4939059914037553,
                        "alpha": -0.2056802265409435
                    },
                    "value": 6007439150.521977
                },
                "Ql": {
                    "name": "Ql",
                    "user_data": null,
                    "init_value": 2706.2433719164815,
                    "min": 60.06464824120602,
                    "max": 119528.6500012083,
                    "brute_step": null,
                    "stderr": 1068.2007989691194,
                    "correl": {
                        "fr": 0.00024126851003392302,
                        "Qe": 0.8650918745528887,
                        "A": -0.07688893435280068,
                        "theta": -0.07205785118494562,
                        "phi_v": -0.19682289049949592,
                        "phi_0": 0.19715503310425717,
                        "alpha": -0.49042066757719927
                    },
                    "value": 3524.4900967836124
                },
                "Qe": {
                    "name": "Qe",
                    "user_data": null,
                    "init_value": 2652.654394254769,
                    "min": 0,
                    "max": Infinity,
                    "brute_step": null,
                    "stderr": 2899.5453105169895,
                    "correl": {
                        "fr": -0.07161176855148418,
                        "Ql": 0.8650918745528887,
                        "A": 0.0029133271055773826,
                        "theta": -0.00020694140980401875,
                        "phi_v": -0.31918970656408624,
                        "phi_0": 0.31957322009104355,
                        "alpha": -0.5819692714329684
                    },
                    "value": 9607.332391967506
                },
                "A": {
                    "name": "A",
                    "user_data": null,
                    "init_value": 0.004987768222939082,
                    "min": 0,
                    "max": Infinity,
                    "brute_step": null,
                    "stderr": 0.00015781395604460457,
                    "correl": {
                        "fr": -0.6375970044291163,
                        "Ql": -0.07688893435280068,
                        "Qe": 0.0029133271055773826,
                        "theta": 0.7779563793448329,
                        "phi_v": -0.4705177985199249,
                        "phi_0": 0.4703894355526261,
                        "alpha": 0.47084138194158104
                    },
                    "value": 0.00453770096320838
                },
                "theta": {
                    "name": "theta",
                    "user_data": null,
                    "init_value": 0,
                    "min": -1.5707963267948966,
                    "max": 1.5707963267948966,
                    "brute_step": null,
                    "stderr": 0.3027084901169884,
                    "correl": {
                        "fr": -0.8651370564026547,
                        "Ql": -0.07205785118494562,
                        "Qe": -0.00020694140980401875,
                        "A": 0.7779563793448329,
                        "phi_v": -0.5877194591167292,
                        "phi_0": 0.5875543029351005,
                        "alpha": 0.3296530384573655
                    },
                    "value": -1.570790855896676
                },
                "phi_v": {
                    "name": "phi_v",
                    "user_data": null,
                    "init_value": -5.631513525286742e-08,
                    "min": -Infinity,
                    "max": Infinity,
                    "brute_step": null,
                    "stderr": 9.447261518373628e-09,
                    "correl": {
                        "fr": 0.49399651702816266,
                        "Ql": -0.19682289049949592,
                        "Qe": -0.31918970656408624,
                        "A": -0.4705177985199249,
                        "theta": -0.5877194591167292,
                        "phi_0": -0.9999998540148782,
                        "alpha": -0.017405943157627755
                    },
                    "value": -2.8481736580750626e-07
                },
                "phi_0": {
                    "name": "phi_0",
                    "user_data": null,
                    "init_value": 339.3434306857115,
                    "min": -Infinity,
                    "max": Infinity,
                    "brute_step": null,
                    "stderr": 56.77006281115257,
                    "correl": {
                        "fr": -0.4939059914037553,
                        "Ql": 0.19715503310425717,
                        "Qe": 0.31957322009104355,
                        "A": 0.4703894355526261,
                        "theta": 0.5875543029351005,
                        "phi_v": -0.9999998540148782,
                        "alpha": 0.017122433956893113
                    },
                    "value": 1711.3716020391594
                },
                "alpha": {
                    "name": "alpha",
                    "user_data": null,
                    "init_value": 0,
                    "min": -1,
                    "max": 1,
                    "brute_step": null,
                    "stderr": 75.93355876572757,
                    "correl": {
                        "fr": -0.2056802265409435,
                        "Ql": -0.49042066757719927,
                        "Qe": -0.5819692714329684,
                        "A": 0.47084138194158104,
                        "theta": 0.3296530384573655,
                        "phi_v": -0.017405943157627755,
                        "phi_0": 0.017122433956893113
                    },
                    "value": -0.998584281669858
                },
                "Qi": {
                    "name": "Qi",
                    "user_data": null,
                    "init_value": -133959.0469098663,
                    "min": -Infinity,
                    "max": Infinity,
                    "brute_step": null,
                    "stderr": 1110.853424201056,
                    "correl": null,
                    "value": 3524.4971705266526
                },
                "Qc": {
                    "name": "Qc",
                    "user_data": null,
                    "init_value": 2652.654394254769,