{
    "fit_success": true,
    "Qi": {
        "__dtype__": "UFloat",
        "nominal_value": 190.58580541811634,
        "std_dev": 5322.757508810444
    },
    "Qe": {
        "__dtype__": "UFloat",
        "nominal_value": 5246.497233467474,
        "std_dev": 428287.5711113971
    },
    "Ql": {
        "__dtype__": "UFloat",
        "nominal_value": 183.910959672056,
        "std_dev": 5469.381622993755
    },
    "Qc": {
        "__dtype__": "UFloat",
        "nominal_value": 5251.18028308078,
        "std_dev": 429227.54711190844
    },
    "fr": {
        "__dtype__": "UFloat",
        "nominal_value": 6096452833.647454,
        "std_dev": 481942483.9452771
    },
    "fit_msg": "Summary\n$Q_I$: 1.9e+02$\\pm$5.3e+03 \n$Q_C$: 5.3$\\pm$4.3e+02 k\n$f_{res}$: 6.10$\\pm$0.48 GHz",
    "fit_result": {
        "hanger_func_complex_SI": {
            "success": true,
            "message": "Fit succeeded.",
            "params": {
                "fr": {
                    "name": "fr",
                    "user_data": null,
                    "init_value": 6105000000.0,
                    "min": 6095000000.0,
                    "max": 6105000000.0,
                    "brute_step": null,
                    "stderr": 481942483.9452771,
                    "correl": {
                        "Ql": 0.026116946728145806,
                        "Qe": 0.1937493390459452,
                        "A": -0.4020583124460251,
                        "theta": -0.9817642419455297,
                        "phi_v": 0.5890374919375755,
                        "phi_0": -0.5932705808652737,
                        "alpha": 0.7405748440650911
                    },
                    "value": 6096452833.647454
                },
                "Ql": {
                    "name": "Ql",
                    "user_data": null,
                    "init_value": 2750.6388981423906,
                    "min": 61.050000000000004,
                    "max": 121489.50000122814,
                    "brute_step": null,
                    "stderr": 5469.381622993755,
                    "correl": {
                        "fr": 0.026116946728145806,
                        "Qe": 0.9845839707348205,
                        "A": -0.9227632133164919,
                        "theta": 0.15805589260746167,
                        "phi_v": 0.8096866724082411,
                        "phi_0": -0.8066576115329906,
                        "alpha": -0.6358741132790989
                    },
                    "value": 183.910959672056
                },
                "Qe": {
                    "name": "Qe",
                    "user_data": null,
                    "init_value": 2696.170801149472,
                    "min": 0,
                    "max": Infinity,
                    "brute_step": null,
                    "stderr": 428287.5711113971,
                    "correl": {
                        "fr": 0.1937493390459452,
                        "Ql": 0.9845839707348205,
                        "A": -0.9756783210884812,
                        "theta": -0.010155754772250216,
                        "phi_v": 0.8990013676890426,
                        "phi_0": -0.8967323794379738,
                        "alpha": -0.5024179076809253
                    },
                    "value": 5246.497233467474
                },
                "A": {
                    "name": "A",
                    "user_data": null,
                    "init_value": 0.007717908380827653,
                    "min": 0,
                    "max": Infinity,
                    "brute_step": null,
                    "stderr": 0.015542894223024867,
                    "correl": {
                        "fr": -0.4020583124460251,
                        "Ql": -0.9227632133164919,
                        "Qe": -0.9756783210884812,
                        "theta": 0.2273706827999627,
                        "phi_v": -0.9720587172902238,
                        "phi_0": 0.9708787901602913,
                        "alpha": 0.3051788010792208
                    },
                    "value": 0.00797671559404689
                },
                "theta": {
                    "name": "theta",
                    "user_data": null,
                    "init_value": 0,
                    "min": -1.5707963267948966,
                    "max": 1.5707963267948966,
                    "brute_step": null,
                    "stderr": 80.8789853940969,
                    "correl": {
                        "fr": -0.9817642419455297,
                        "Ql": 0.15805589260746167,
                        "Qe": -0.010155754772250216,
                        "A": 0.2273706827999627,
                        "phi_v": -0.43542237272728557,
                        "phi_0": 0.4401706898833641,
                        "alpha": -0.8536134701338048
                    },
                    "value": -0.042236040126627516
                },
                "phi_v": {
                    "name": "phi_v",
                    "user_data": null,
                    "init_value": -1.3555140773502118e-06,
                    "min": -Infinity,
                    "max": Infinity,
                    "brute_step": null,
                    "stderr": 5.6158759062410896e-08,
                    "correl": {
                        "fr": 0.5890374919375755,
                        "Ql": 0.8096866724082411,
                        "Qe": 0.8990013676890426,
                        "A": -0.9720587172902238,
                        "theta": -0.43542237272728557,
                        "phi_0": -0.9999860295756444,
                        "alpha": -0.08641407918615027
                    },
                    "value": -1.345522337087051e-06
                },
                "phi_0": {
                    "name": "phi_0",
                    "user_data": null,
                    "init_value": 8263.101106567921,
                    "min": -Infinity,
                    "max": Infinity,
                    "brute_step": null,
                    "stderr": 342.9452018681199,
                    "correl": {
                        "fr": -0.5932705808652737,
                        "Ql": -0.8066576115329906,
                        "Qe": -0.8967323794379738,
                        "A": 0.9708787901602913,
                        "theta": 0.4401706898833641,
                        "phi_v": -0.9999860295756444,
                        "alpha": 0.08116293687491091
                    },
                    "value": 8202.28328824573
                },
                "alpha": {
                    "name": "alpha",
                    "user_data": null,
                    "init_value": 0,
                    "min": -1,
                    "max": 1,
                    "brute_step": null,
                    "stderr": 343.33926909387657,
                    "correl": {
                        "fr": 0.7405748440650911,
                        "Ql": -0.6358741132790989,
                        "Qe": -0.5024179076809253,
                        "A": 0.3051788010792208,
                        "theta": -0.8536134701338048,
                        "phi_v": -0.08641407918615027,
                        "phi_0": 0.08116293687491091
                    },
                    "value": -0.9892017039510348
                },
                "Qi": {
                    "name": "Qi",
                    "user_data": null,
                    "init_value": -136156.625458048,
                    "min": -Infinity,
                    "max": Infinity,
                    "brute_step": null,
                    "stderr": 5322.757508810444,
                    "correl": null,
                    "value": 190.58580541811634
                },
                "Qc": {
                    "name": "Qc",
                    "user_data": null,
                    "init_value": 2696.170801149472,
                    "min": -Infinity,