{
    "fit_success": true,
    "Qi": {
        "__dtype__": "UFloat",
        "nominal_value": 1139.602919972078,
        "std_dev": 3238.0741529354277
    },
    "Qe": {
        "__dtype__": "UFloat",
        "nominal_value": 126029.66428514881,
        "std_dev": 615732.1417827684
    },
    "Ql": {
        "__dtype__": "UFloat",
        "nominal_value": 1132.894199391395,
        "std_dev": 3244.422283284521
    },
    "Qc": {
        "__dtype__": "UFloat",
        "nominal_value": 192443.48041015214,
        "std_dev": 1436325.9872264357
    },
    "fr": {
        "__dtype__": "UFloat",
        "nominal_value": 5795763722.919833,
        "std_dev": 7328168.182620329
    },
    "fit_msg": "Summary\n$Q_I$: 1.1$\\pm$3.2 k\n$Q_C$: 1.9e+02$\\pm$1.4e+03 k\n$f_{res}$: 5.7958$\\pm$0.0073 GHz",
    "fit_result": {
        "hanger_func_complex_SI": {
            "success": true,
            "message": "Fit succeeded.",
            "params": {
                "fr": {
                    "name": "fr",
                    "user_data": null,
                    "init_value": 5795050251.256282,
                    "min": 5795000000.0,
                    "max": 5805000000.0,
                    "brute_step": null,
                    "stderr": 7328168.182620329,
                    "correl": {
                        "Ql": -8.396627858470671e-05,
                        "Qe": 0.414151969911985,
                        "A": -0.010904328766908677,
                        "theta": -0.885464105438868,
                        "phi_v": 0.7379078697763608,
                        "phi_0": -0.7384677640457254,
                        "alpha": 0.3670354279766693
                    },
                    "value": 5795763722.919833
                },
                "Ql": {
                    "name": "Ql",
                    "user_data": null,
                    "init_value": 2610.989457460338,
                    "min": 57.95050251256282,
                    "max": 115321.50000116578,
                    "brute_step": null,
                    "stderr": 3244.422283284521,
                    "correl": {
                        "fr": -8.396627858470671e-05,
                        "Qe": 0.8854399921229628,
                        "A": -0.9278956970194921,
                        "theta": 0.41427054614971565,
                        "phi_v": 0.42266517461868003,
                        "phi_0": -0.4219605350391077,
                        "alpha": -0.7672993366006616
                    },
                    "value": 1132.894199391395
                },
                "Qe": {
                    "name": "Qe",
                    "user_data": null,
                    "init_value": 2559.2866959264697,
                    "min": 0,
                    "max": Infinity,
                    "brute_step": null,
                    "stderr": 615732.1417827684,
                    "correl": {
                        "fr": 0.414151969911985,
                        "Ql": 0.8854399921229628,
                        "A": -0.8892634631280544,
                        "theta": 5.3994597914143495e-05,
                        "phi_v": 0.7594214368849538,
                        "phi_0": -0.7589785527037952,
                        "alpha": -0.5827000725638015
                    },
                    "value": 126029.66428514881
                },
                "A": {
                    "name": "A",
                    "user_data": null,
                    "init_value": 0.005199771326176755,
                    "min": 0,
                    "max": Infinity,
                    "brute_step": null,
                    "stderr": 0.00012530664892493426,
                    "correl": {
                        "fr": -0.010904328766908677,
                        "Ql": -0.9278956970194921,
                        "Qe": -0.8892634631280544,
                        "theta": -0.41163667033692847,
                        "phi_v": -0.47350992744401244,
                        "phi_0": 0.4727592513710217,
                        "alpha": 0.8809598258544157
                    },
                    "value": 0.0052126449513660855
                },
                "theta": {
                    "name": "theta",
                    "user_data": null,
                    "init_value": 0,
                    "min": -1.5707963267948966,
                    "max": 1.5707963267948966,
                    "brute_step": null,
                    "stderr": 4.8893307624632625,
                    "correl": {
                        "fr": -0.885464105438868,
                        "Ql": 0.41427054614971565,
                        "Qe": 5.3994597914143495e-05,
                        "A": -0.41163667033692847,
                        "phi_v": -0.5278123951956741,
                        "phi_0": 0.5286359613049009,
                        "alpha": -0.7183708718184495
                    },
                    "value": 0.8567568412807502
                },
                "phi_v": {
                    "name": "phi_v",
                    "user_data": null,
                    "init_value": -1.2896715338475408e-06,
                    "min": -Infinity,
                    "max": Infinity,
                    "brute_step": null,
                    "stderr": 2.2583324784325662e-09,
                    "correl": {
                        "fr": 0.7379078697763608,
                        "Ql": 0.42266517461868003,
                        "Qe": 0.7594214368849538,
                        "A": -0.47350992744401244,
                        "theta": -0.5278123951956741,
                        "phi_0": -0.9999995149513751,
                        "alpha": -0.0741522552892052
                    },
                    "value": -1.294959898410701e-06
                },
                "phi_0": {
                    "name": "phi_0",
                    "user_data": null,
                    "init_value": 7475.8645296548875,
                    "min": -Infinity,
                    "max": Infinity,
                    "brute_step": null,
                    "stderr": 13.109070096145203,
                    "correl": {
                        "fr": -0.7384677640457254,
                        "Ql": -0.4219605350391077,
                        "Qe": -0.7589785527037952,
                        "A": 0.4727592513710217,
                        "theta": 0.5286359613049009,
                        "phi_v": -0.9999995149513751,
                        "alpha": 0.07327674644059469
                    },
                    "value": 7506.520311289741
                },
                "alpha": {
                    "name": "alpha",
                    "user_data": null,
                    "init_value": 0,
                    "min": -1,
                    "max": 1,
                    "brute_step": null,
                    "stderr": 17.94522207487243,
                    "correl": {
                        "fr": 0.3670354279766693,
                        "Ql": -0.7672993366006616,
                        "Qe": -0.5827000725638015,
                        "A": 0.8809598258544157,
                        "theta": -0.7183708718184495,
                        "phi_v": -0.0741522552892052,
                        "phi_0": 0.07327674644059469
                    },
                    "value": 0.9901164390388617
                },
                "Qi": {
                    "name": "Qi",
                    "user_data": null,
                    "init_value": -129243.97814428587,
                    "min": -Infinity,
                    "max": Infinity,
                    "brute_step": null,
                    "stderr": 3238.0741529354277,
                    "correl": null,
                    "value": 1139.602919972078
                },
                "Qc": {
                    "name": "Qc",
                    "user_data": null,
                    "init_value": 2559.2866959264697,