{
    "fit_success": true,
    "Qi": {
        "__dtype__": "UFloat",
        "nominal_value": 14747.259807903356,
        "std_dev": 152.5590071831838
    },
    "Qe": {
        "__dtype__": "UFloat",
        "nominal_value": 10199.38042533679,
        "std_dev": 50.66480697625129
    },
    "Ql": {
        "__dtype__": "UFloat",
        "nominal_value": 6601.524869041673,
        "std_dev": 41.50255787602512
    },
    "Qc": {
        "__dtype__": "UFloat",
        "nominal_value": 11951.5799498501,
        "std_dev": 69.56335783493128
    },
    "fr": {
        "__dtype__": "UFloat",
        "nominal_value": 5719787712.404207,
        "std_dev": 2723.401366128292
    },
    "fit_msg": "Summary\n$Q_I$: 14.75$\\pm$0.15 k\n$Q_C$: 11.952$\\pm$0.070 k\n$f_{res}$: 5.7197877$\\pm$2.7e-06 GHz",
    "fit_result": {
        "hanger_func_complex_SI": {
            "success": true,
            "message": "Fit succeeded.",
            "params": {
                "fr": {
                    "name": "fr",
                    "user_data": null,
                    "init_value": 5720025125.62814,
                    "min": 5715000000.0,
                    "max": 5725000000.0,
                    "brute_step": null,
                    "stderr": 2723.401366128292,
                    "correl": {
                        "Ql": 0.00013359359248051915,
                        "Qe": 0.036353959424218006,
                        "A": 0.186583650015081,
                        "theta": -0.8015901324392621,
                        "phi_v": -0.17905822860283696,
                        "phi_0": 0.17887741529552792,
                        "alpha": 0.3592527529918573
                    },
                    "value": 5719787712.404207
                },
                "Ql": {
                    "name": "Ql",
                    "user_data": null,
                    "init_value": 2577.186504325074,
                    "min": 57.200251256281405,
                    "max": 113828.50000115068,
                    "brute_step": null,
                    "stderr": 41.50255787602512,
                    "correl": {
                        "fr": 0.00013359359248051915,
                        "Qe": 0.8016068731100238,
                        "A": -0.33498334603625546,
                        "theta": 0.03607956808587398,
                        "phi_v": 0.34693894134517633,
                        "phi_0": -0.3470395954329522,
                        "alpha": 0.1530083923690802
                    },
                    "value": 6601.524869041673
                },
                "Qe": {
                    "name": "Qe",
                    "user_data": null,
                    "init_value": 2526.153108199825,
                    "min": 0,
                    "max": Infinity,
                    "brute_step": null,
                    "stderr": 50.66480697625129,
                    "correl": {
                        "fr": 0.036353959424218006,
                        "Ql": 0.8016068731100238,
                        "A": -0.3020431397562715,
                        "theta": -0.00013564385972395212,
                        "phi_v": 0.4452440232703528,
                        "phi_0": -0.44538178448115895,
                        "alpha": 0.23071428127517274
                    },
                    "value": 10199.38042533679
                },
                "A": {
                    "name": "A",
                    "user_data": null,
                    "init_value": 0.00345335004387476,
                    "min": 0,
                    "max": Infinity,
                    "brute_step": null,
                    "stderr": 2.6496786301114687e-06,
                    "correl": {
                        "fr": 0.186583650015081,
                        "Ql": -0.33498334603625546,
                        "Qe": -0.3020431397562715,
                        "theta": -0.2582474267074254,
                        "phi_v": -0.1363279851084626,
                        "phi_0": 0.1363429892713977,
                        "alpha": 0.037653401657075966
                    },
                    "value": 0.0036596741286512025
                },
                "theta": {
                    "name": "theta",
                    "user_data": null,
                    "init_value": 0,
                    "min": -1.5707963267948966,
                    "max": 1.5707963267948966,
                    "brute_step": null,
                    "stderr": 0.004967325603082882,
                    "correl": {
                        "fr": -0.8015901324392621,
                        "Ql": 0.03607956808587398,
                        "Qe": -0.00013564385972395212,
                        "A": -0.2582474267074254,
                        "phi_v": 0.26430308099281585,
                        "phi_0": -0.26413443824645677,
                        "alpha": -0.4635941608755413
                    },
                    "value": 0.5483384644484923
                },
                "phi_v": {
                    "name": "phi_v",
                    "user_data": null,
                    "init_value": -1.3497486523296958e-06,
                    "min": -Infinity,
                    "max": Infinity,
                    "brute_step": null,
                    "stderr": 2.5426201471436413e-10,
                    "correl": {
                        "fr": -0.17905822860283696,
                        "Ql": 0.34693894134517633,
                        "Qe": 0.4452440232703528,
                        "A": -0.1363279851084626,
                        "theta": 0.26430308099281585,
                        "phi_0": -0.9999998724568526,
                        "alpha": -0.07422807548018114
                    },
                    "value": -1.3007396125980883e-06
                },
                "phi_0": {
                    "name": "phi_0",
                    "user_data": null,
                    "init_value": 7711.555991548302,
                    "min": -Infinity,
                    "max": Infinity,
                    "brute_step": null,
                    "stderr": 1.4543481167895913,
                    "correl": {
                        "fr": 0.17887741529552792,
                        "Ql": -0.3470395954329522,
                        "Qe": -0.44538178448115895,
                        "A": 0.1363429892713977,
                        "theta": -0.26413443824645677,
                        "phi_v": -0.9999998724568526,
                        "alpha": 0.07411892045393771
                    },
                    "value": 7431.5258118090305
                },
                "alpha": {
                    "name": "alpha",
                    "user_data": null,
                    "init_value": 0,
                    "min": -1,
                    "max": 1,
                    "brute_step": null,
                    "stderr": 2.026392163731955,
                    "correl": {
                        "fr": 0.3592527529918573,
                        "Ql": 0.1530083923690802,
                        "Qe": 0.23071428127517274,
                        "A": 0.037653401657075966,
                        "theta": -0.4635941608755413,
                        "phi_v": -0.07422807548018114,
                        "phi_0": 0.07411892045393771
                    },
                    "value": 0.9649241139059574
                },
                "Qi": {
                    "name": "Qi",
                    "user_data": null,
                    "init_value": -127570.73196409066,
                    "min": -Infinity,
                    "max": Infinity,
                    "brute_step": null,
                    "stderr": 152.5590071831838,
                    "correl": null,
                    "value": 14747.259807903356
                },
                "Qc": {
                    "name": "Qc",
                    "user_data": null,
                    "init_value": 2526.153108199825,