{
    "fit_success": true,
    "frequency_01": {
        "__dtype__": "UFloat",
        "nominal_value": 4205746479.0036983,
        "std_dev": 1724774.3635560488
    },
    "fit_msg": "Summary\nFrequency 0-1: 4.2057$\\pm$0.0017 GHz\nPeak width: 113$\\pm$13 MHz\n",
    "fit_result": {
        "Lorentzian_peak": {
            "success": true,
            "message": "Fit succeeded.",
            "params": {
                "x0": {
                    "name": "x0",
                    "user_data": null,
                    "init_value": 4229786035.6726046,
                    "min": -Infinity,
                    "max": Infinity,
                    "brute_step": null,
                    "stderr": 1724774.3635560488,
                    "correl": {
                        "width": 0.08992036486172028,
                        "a": 0.13876459819226628,
                        "c": -0.17772067313049766
                    },
                    "value": 4205746479.0036983
                },
                "width": {
                    "name": "width",
                    "user_data": null,
                    "init_value": 20100756.30518254,
                    "min": -Infinity,
                    "max": Infinity,
                    "brute_step": null,
                    "stderr": 12741083.055620298,
                    "correl": {
                        "x0": 0.08992036486172028,
                        "a": 0.9598299424624006,
                        "c": -0.9084070086927354
                    },
                    "value": 113005145.34546742
                },
                "a": {
                    "name": "a",
                    "user_data": null,
                    "init_value": 14328.81502170045,
                    "min": -Infinity,
                    "max": Infinity,
                    "brute_step": null,
                    "stderr": 9389.164192644243,
                    "correl": {
                        "x0": 0.13876459819226628,
                        "width": 0.9598299424624006,
                        "c": -0.9806268300409848
                    },
                    "value": 54245.01392560691
                },
                "c": {
                    "name": "c",
                    "user_data": null,
                    "init_value": 0.0010056615376825468,
                    "min": -Infinity,
                    "max": Infinity,
                    "brute_step": null,
                    "stderr": 3.782572693604565e-05,
                    "correl": {
                        "x0": -0.17772067313049766,
                        "width": -0.9084070086927354,
                        "a": -0.9806268300409848
                    },
                    "value": 0.0007074993877029923
                }
            }
        }
    }
}