{
    "amplitude": {
        "__dtype__": "UFloat",
        "nominal_value": 863839.6425879935,
        "std_dev": 57759.783766231965
    },
    "frequency": {
        "__dtype__": "UFloat",
        "nominal_value": 11.473638697957254,
        "std_dev": 0.3383977377350048
    },
    "shift": {
        "__dtype__": "UFloat",
        "nominal_value": 0.5853793717699336,
        "std_dev": 0.06437206927530058
    },
    "offset": {
        "__dtype__": "UFloat",
        "nominal_value": 5719598669.461286,
        "std_dev": 125191.40900591869
    },
    "offset_0": {
        "__dtype__": "UFloat",
        "nominal_value": 0.08588530465059918,
        "std_dev": 0.006155755831621393
    },
    "freq_0": 5720462509.103873,
    "fit_success": true,
    "fit_msg": "Summary:\nf_0: 5.7205 GHz\noffset_0: 85.9$\\pm$6.2 mV\n",
    "fit_result": {
        "sin": {
            "success": true,
            "message": "Fit succeeded.",
            "params": {
                "amplitude": {
                    "name": "amplitude",
                    "user_data": null,
                    "init_value": 816187.4470708338,
                    "min": 0,
                    "max": Infinity,
                    "brute_step": null,
                    "stderr": 57759.783766231965,
                    "correl": {
                        "frequency": 0.05941621321907801,
                        "shift": -0.10703171806520811
                    },
                    "value": 863839.6425879935
                },
                "frequency": {
                    "name": "frequency",
                    "user_data": null,
                    "init_value": 10.053096491487338,
                    "min": 0,
                    "max": Infinity,
                    "brute_step": null,
                    "stderr": 0.3383977377350048,
                    "correl": {
                        "amplitude": 0.05941621321907801,
                        "shift": -0.11386667762898237
                    },
                    "value": 11.473638697957254
                },
                "shift": {
                    "name": "shift",
                    "user_data": null,
                    "init_value": 0.5711986642890533,
                    "min": -6.283195307179586,
                    "max": 6.283195307179586,
                    "brute_step": null,
                    "stderr": 0.06437206927530058,
                    "correl": {
                        "amplitude": -0.10703171806520811,
                        "frequency": -0.11386667762898237
                    },
                    "value": 0.5853793717699336
                },
                "offset": {
                    "name": "offset",
                    "user_data": null,
                    "init_value": 5719598669.461286,
                    "min": -Infinity,
                    "max": Infinity,
                    "brute_step": null,
                    "stderr": 125191.40900591869,
                    "correl": null,
                    "value": 5719598669.461286
                }
            }
        }
    }
}