{
    "fit_success": true,
    "Pi-pulse amplitude": {
        "__dtype__": "UFloat",
        "nominal_value": 1.9591148951727107e-08,
        "std_dev": 8.533011636853978e-11
    },
    "fit_msg": "Summary\nPi-pulse amplitude: 19.591$\\pm$0.085 nV\nOscillation amplitude: 252$\\pm$20 \u03bcV\nOffset: 1.212$\\pm$0.014 mV\n",
    "fit_result": {
        "Rabi_oscillation": {
            "success": true,
            "message": "Fit succeeded.",
            "params": {
                "frequency": {
                    "name": "frequency",
                    "user_data": null,
                    "init_value": 25000000.0,
                    "min": 0,
                    "max": Infinity,
                    "brute_step": null,
                    "stderr": 111161.02166473027,
                    "correl": {
                        "amplitude": 0.012406868156845611,
                        "offset": 0.04263551300832264
                    },
                    "value": 25521729.288670495
                },
                "amplitude": {
                    "name": "amplitude",
                    "user_data": null,
                    "init_value": 0.00040475942884776386,
                    "min": 0,
                    "max": Infinity,
                    "brute_step": null,
                    "stderr": 2.0089607867471592e-05,
                    "correl": {
                        "frequency": 0.012406868156845611,
                        "offset": 0.02346600834139656
                    },
                    "value": 0.0002520597838306937
                },
                "offset": {
                    "name": "offset",
                    "user_data": null,
                    "init_value": 0.0012078324490399266,
                    "min": -Infinity,
                    "max": Infinity,
                    "brute_step": null,
                    "stderr": 1.4256511102388651e-05,
                    "correl": {
                        "frequency": 0.04263551300832264,
                        "amplitude": 0.02346600834139656
                    },
                    "value": 0.0012119358816887994
                },
                "phase": {
                    "name": "phase",
                    "user_data": null,
                    "init_value": 3.141592653589793,
                    "min": -Infinity,
                    "max": Infinity,
                    "brute_step": null,
                    "stderr": 0.0,
                    "correl": null,
                    "value": 3.141592653589793
                },
                "amp180": {
                    "name": "amp180",
                    "user_data": null,
                    "init_value": 2e-08,
                    "min": -Infinity,
                    "max": Infinity,
                    "brute_step": null,
                    "stderr": 8.533011636853978e-11,
                    "correl": null,
                    "value": 1.9591148951727107e-08
                }
            }
        }
    }
}