{
    "fit_success": true,
    "Qi": {
        "__dtype__": "UFloat",
        "nominal_value": 17396.17446952218,
        "std_dev": 332.71295479517084
    },
    "Qe": {
        "__dtype__": "UFloat",
        "nominal_value": 3128.0786269001096,
        "std_dev": 11.60482579723589
    },
    "Ql": {
        "__dtype__": "UFloat",
        "nominal_value": 2706.303024775618,
        "std_dev": 13.121979621068094
    },
    "Qc": {
        "__dtype__": "UFloat",
        "nominal_value": 3204.8830218476082,
        "std_dev": 12.18108754439622
    },
    "fr": {
        "__dtype__": "UFloat",
        "nominal_value": 6007967657.690671,
        "std_dev": 5383.0971041801395
    },
    "fit_msg": "Summary\n$Q_I$: 17.40$\\pm$0.33 k\n$Q_C$: 3.205$\\pm$0.012 k\n$f_{res}$: 6.0079677$\\pm$5.4e-06 GHz",
    "fit_result": {
        "hanger_func_complex_SI": {
            "success": true,
            "message": "Fit succeeded.",
            "params": {
                "fr": {
                    "name": "fr",
                    "user_data": null,
                    "init_value": 6008165829.145729,
                    "min": 5995000000.0,
                    "max": 6015000000.0,
                    "brute_step": null,
                    "stderr": 5383.0971041801395,
                    "correl": {
                        "Ql": 0.0002538896605362831,
                        "Qe": 0.002567696237869114,
                        "A": 0.0039013984385816054,
                        "theta": -0.8211688783000571,
                        "phi_v": -0.2998205698713444,
                        "phi_0": 0.29943867700442606,
                        "alpha": 0.33107577412637784
                    },
                    "value": 6007967657.690671
                },
                "Ql": {
                    "name": "Ql",
                    "user_data": null,
                    "init_value": 1353.5048841981788,
                    "min": 30.040829145728647,
                    "max": 59781.250000037064,
                    "brute_step": null,
                    "stderr": 13.121979621068094,
                    "correl": {
                        "fr": 0.0002538896605362831,
                        "Qe": 0.8210902070035779,
                        "A": -0.4983649773152172,
                        "theta": 0.002016464686350447,
                        "phi_v": 0.32936371714425877,
                        "phi_0": -0.32957985880854385,
                        "alpha": 0.29825764063235033
                    },
                    "value": 2706.303024775618
                },
                "Qe": {
                    "name": "Qe",
                    "user_data": null,
                    "init_value": 1326.7028072833632,
                    "min": 0,
                    "max": Infinity,
                    "brute_step": null,
                    "stderr": 11.60482579723589,
                    "correl": {
                        "fr": 0.002567696237869114,
                        "Ql": 0.8210902070035779,
                        "A": -0.4532611562593405,
                        "theta": -0.0002961455454729692,
                        "phi_v": 0.4258444221250341,
                        "phi_0": -0.4261160118548342,
                        "alpha": 0.3014931668861098
                    },
                    "value": 3128.0786269001096
                },
                "A": {
                    "name": "A",
                    "user_data": null,
                    "init_value": 0.007921712766256098,
                    "min": 0,
                    "max": Infinity,
                    "brute_step": null,
                    "stderr": 8.807048323076581e-06,
                    "correl": {
                        "fr": 0.0039013984385816054,
                        "Ql": -0.4983649773152172,
                        "Qe": -0.4532611562593405,
                        "theta": 0.001144224460574546,
                        "phi_v": -0.18607692130475986,
                        "phi_0": 0.18619722939149777,
                        "alpha": -0.5536927920027875
                    },
                    "value": 0.008708138738140914
                },
                "theta": {
                    "name": "theta",
                    "user_data": null,
                    "init_value": 0,
                    "min": -1.5707963267948966,
                    "max": 1.5707963267948966,
                    "brute_step": null,
                    "stderr": 0.003710921322260901,
                    "correl": {
                        "fr": -0.8211688783000571,
                        "Ql": 0.002016464686350447,
                        "Qe": -0.0002961455454729692,
                        "A": 0.001144224460574546,
                        "phi_v": 0.30338953731127416,
                        "phi_0": -0.30306202157208917,
                        "alpha": -0.42767065438513535
                    },
                    "value": 0.2193679081324651
                },
                "phi_v": {
                    "name": "phi_v",
                    "user_data": null,
                    "init_value": -1.2075183179619339e-07,
                    "min": -Infinity,
                    "max": Infinity,
                    "brute_step": null,
                    "stderr": 1.4642290570391009e-10,
                    "correl": {
                        "fr": -0.2998205698713444,
                        "Ql": 0.32936371714425877,
                        "Qe": 0.4258444221250341,
                        "A": -0.18607692130475986,
                        "theta": 0.30338953731127416,
                        "phi_0": -0.9999995416772207,
                        "alpha": -0.004434561634073826
                    },
                    "value": -7.019524104613415e-08
                },
                "phi_0": {
                    "name": "phi_0",
                    "user_data": null,
                    "init_value": 725.1955410592274,
                    "min": -Infinity,
                    "max": Infinity,
                    "brute_step": null,
                    "stderr": 0.8791435764228784,
                    "correl": {
                        "fr": 0.29943867700442606,
                        "Ql": -0.32957985880854385,
                        "Qe": -0.4261160118548342,
                        "A": 0.18619722939149777,
                        "theta": -0.30306202157208917,
                        "phi_v": -0.9999995416772207,
                        "alpha": 0.004220825559882603
                    },
                    "value": 422.1771031367424
                },
                "alpha": {
                    "name": "alpha",
                    "user_data": null,
                    "init_value": 0,
                    "min": -1,
                    "max": 1,
                    "brute_step": null,
                    "stderr": 1.1403471575099142,
                    "correl": {
                        "fr": 0.33107577412637784,
                        "Ql": 0.29825764063235033,
                        "Qe": 0.3014931668861098,
                        "A": -0.5536927920027875,
                        "theta": -0.42767065438513535,
                        "phi_v": -0.004434561634073826,
                        "phi_0": 0.004220825559882603
                    },
                    "value": -0.9999776663455718
                },
                "Qi": {
                    "name": "Qi",
                    "user_data": null,
                    "init_value": -66998.49176780936,
                    "min": -Infinity,
                    "max": Infinity,
                    "brute_step": null,
                    "stderr": 332.71295479517084,
                    "correl": null,
                    "value": 17396.17446952218
                },
                "Qc": {
                    "name": "Qc",
                    "user_data": null,