{
    "fit_success": true,
    "Qi": {
        "__dtype__": "UFloat",
        "nominal_value": 19919.25161116548,
        "std_dev": 349.46302901414947
    },
    "Qe": {
        "__dtype__": "UFloat",
        "nominal_value": 3173.9988384997228,
        "std_dev": 10.013446019768919
    },
    "Ql": {
        "__dtype__": "UFloat",
        "nominal_value": 2766.7787532534126,
        "std_dev": 11.194999261817296
    },
    "Qc": {
        "__dtype__": "UFloat",
        "nominal_value": 3213.0738579224394,
        "std_dev": 10.260872647880028
    },
    "fr": {
        "__dtype__": "UFloat",
        "nominal_value": 6008045267.20479,
        "std_dev": 4393.2331076815735
    },
    "fit_msg": "Summary\n$Q_I$: 19.92$\\pm$0.35 k\n$Q_C$: 3.213$\\pm$0.010 k\n$f_{res}$: 6.0080453$\\pm$4.4e-06 GHz",
    "fit_result": {
        "hanger_func_complex_SI": {
            "success": true,
            "message": "Fit succeeded.",
            "params": {
                "fr": {
                    "name": "fr",
                    "user_data": null,
                    "init_value": 6008148241.20603,
                    "min": 5998500000.0,
                    "max": 6018500000.0,
                    "brute_step": null,
                    "stderr": 4393.2331076815735,
                    "correl": {
                        "Ql": 0.00036582559817950334,
                        "Qe": 0.021422203999660726,
                        "A": 0.07936748334555008,
                        "theta": -0.8153223676344323,
                        "phi_v": -0.03323208768859648,
                        "phi_0": 0.03280607165077153,
                        "alpha": 0.4316585616814755
                    },
                    "value": 6008045267.20479
                },
                "Ql": {
                    "name": "Ql",
                    "user_data": null,
                    "init_value": 1353.5009220301954,
                    "min": 30.04074120603015,
                    "max": 59781.07500003705,
                    "brute_step": null,
                    "stderr": 11.194999261817296,
                    "correl": {
                        "fr": 0.00036582559817950334,
                        "Qe": 0.8153225697458354,
                        "A": -0.4370897409186276,
                        "theta": 0.020640220965823394,
                        "phi_v": 0.4315082420716948,
                        "phi_0": -0.43155557309411696,
                        "alpha": 0.031893856921195285
                    },
                    "value": 2766.7787532534126
                },
                "Qe": {
                    "name": "Qe",
                    "user_data": null,
                    "init_value": 1326.698923574152,
                    "min": 0,
                    "max": Infinity,
                    "brute_step": null,
                    "stderr": 10.013446019768919,
                    "correl": {
                        "fr": 0.021422203999660726,
                        "Ql": 0.8153225697458354,
                        "A": -0.38025782903836897,
                        "theta": -0.0004021081019962069,
                        "phi_v": 0.5597116266168682,
                        "phi_0": -0.5597824398794258,
                        "alpha": 0.0659514084649468
                    },
                    "value": 3173.9988384997228
                },
                "A": {
                    "name": "A",
                    "user_data": null,
                    "init_value": 0.007958403741500279,
                    "min": 0,
                    "max": Infinity,
                    "brute_step": null,
                    "stderr": 6.2012259919807066e-06,
                    "correl": {
                        "fr": 0.07936748334555008,
                        "Ql": -0.4370897409186276,
                        "Qe": -0.38025782903836897,
                        "theta": -0.11241036250146215,
                        "phi_v": -0.20183855354523023,
                        "phi_0": 0.20182570344743817,
                        "alpha": 0.07097197182595474
                    },
                    "value": 0.008817977945438926
                },
                "theta": {
                    "name": "theta",
                    "user_data": null,
                    "init_value": 0,
                    "min": -1.5707963267948966,
                    "max": 1.5707963267948966,
                    "brute_step": null,
                    "stderr": 0.0031547362083978792,
                    "correl": {
                        "fr": -0.8153223676344323,
                        "Ql": 0.020640220965823394,
                        "Qe": -0.0004021081019962069,
                        "A": -0.11241036250146215,
                        "phi_v": 0.0678554418057088,
                        "phi_0": -0.06747988177172531,
                        "alpha": -0.5600020033556354
                    },
                    "value": 0.1561152611863379
                },
                "phi_v": {
                    "name": "phi_v",
                    "user_data": null,
                    "init_value": -1.2167245473000832e-07,
                    "min": -Infinity,
                    "max": Infinity,
                    "brute_step": null,
                    "stderr": 1.2228648624943143e-10,
                    "correl": {
                        "fr": -0.03323208768859648,
                        "Ql": 0.4315082420716948,
                        "Qe": 0.5597116266168682,
                        "A": -0.20183855354523023,
                        "theta": 0.0678554418057088,
                        "phi_0": -0.999999541721437,
                        "alpha": -0.004253375426397729
                    },
                    "value": -7.420935364801228e-08
                },
                "phi_0": {
                    "name": "phi_0",
                    "user_data": null,
                    "init_value": 727.906930027656,
                    "min": -Infinity,
                    "max": Infinity,
                    "brute_step": null,
                    "stderr": 0.734753298056265,
                    "correl": {
                        "fr": 0.03280607165077153,
                        "Ql": -0.43155557309411696,
                        "Qe": -0.5597824398794258,
                        "A": 0.20182570344743817,
                        "theta": -0.06747988177172531,
                        "phi_v": -0.999999541721437,
                        "alpha": 0.004047556479031091
                    },
                    "value": 443.2988598558902
                },
                "alpha": {
                    "name": "alpha",
                    "user_data": null,
                    "init_value": 0,
                    "min": -1,
                    "max": 1,
                    "brute_step": null,
                    "stderr": 0.7308285201061121,
                    "correl": {
                        "fr": 0.4316585616814755,
                        "Ql": 0.031893856921195285,
                        "Qe": 0.0659514084649468,
                        "A": 0.07097197182595474,
                        "theta": -0.5600020033556354,
                        "phi_v": -0.004253375426397729,
                        "phi_0": 0.004047556479031091
                    },
                    "value": 0.9999662636386262
                },
                "Qi": {
                    "name": "Qi",
                    "user_data": null,
                    "init_value": -66998.29564049539,
                    "min": -Infinity,
                    "max": Infinity,
                    "brute_step": null,
                    "stderr": 349.46302901414947,
                    "correl": null,
                    "value": 19919.25161116548
                },
                "Qc": {
                    "name": "Qc",
                    "user_data": null,
                    "init_value": 1326.698923574152,