{
    "fit_success": true,
    "Qi": {
        "__dtype__": "UFloat",
        "nominal_value": 1496.4359086134248,
        "std_dev": 667.700100388837
    },
    "Qe": {
        "__dtype__": "UFloat",
        "nominal_value": 1903574.2739060875,
        "std_dev": 891430.5849112169
    },
    "Ql": {
        "__dtype__": "UFloat",
        "nominal_value": 1495.3417138786451,
        "std_dev": 667.1821184390941
    },
    "Qc": {
        "__dtype__": "UFloat",
        "nominal_value": 2045050.0858480327,
        "std_dev": 1028986.2275252999
    },
    "fr": {
        "__dtype__": "UFloat",
        "nominal_value": 5837707768.828609,
        "std_dev": 871382.700063881
    },
    "fit_msg": "Summary\n$Q_I$: 1.50$\\pm$0.67 k\n$Q_C$: 2.0$\\pm$1.0 M\n$f_{res}$: 5.83771$\\pm$0.00087 GHz",
    "fit_result": {
        "hanger_func_complex_SI": {
            "success": true,
            "message": "Fit succeeded.",
            "params": {
                "fr": {
                    "name": "fr",
                    "user_data": null,
                    "init_value": 5833905728.643216,
                    "min": 5824760000.0,
                    "max": 5844760000.0,
                    "brute_step": null,
                    "stderr": 871382.700063881,
                    "correl": {
                        "Ql": 0.0003027889330279439,
                        "Qe": -0.026555728151934962,
                        "A": -0.45636526771951397,
                        "theta": -0.8842184481069664,
                        "phi_v": -0.09488412213004915,
                        "phi_0": 0.0940959950388058,
                        "alpha": -0.5596852163005034
                    },
                    "value": 5837707768.828609
                },
                "Ql": {
                    "name": "Ql",
                    "user_data": null,
                    "init_value": 1314.247995513974,
                    "min": 29.169528643216083,
                    "max": 58047.36200003598,
                    "brute_step": null,
                    "stderr": 667.1821184390941,
                    "correl": {
                        "fr": 0.0003027889330279439,
                        "Qe": 0.8841954677088792,
                        "A": -0.5862599646655943,
                        "theta": -0.027051678267735357,
                        "phi_v": 0.5593589451135749,
                        "phi_0": -0.5593751088954539,
                        "alpha": -0.09489813195749183
                    },
                    "value": 1495.3417138786451
                },
                "Qe": {
                    "name": "Qe",
                    "user_data": null,
                    "init_value": 1288.223282731519,
                    "min": 0,
                    "max": Infinity,
                    "brute_step": null,
                    "stderr": 891430.5849112169,
                    "correl": {
                        "fr": -0.026555728151934962,
                        "Ql": 0.8841954677088792,
                        "A": -0.6742319296531987,
                        "theta": -0.0001899729558090474,
                        "phi_v": 0.7129739395531827,
                        "phi_0": -0.7129695504728235,
                        "alpha": -0.09293532584523481
                    },
                    "value": 1903574.2739060875
                },
                "A": {
                    "name": "A",
                    "user_data": null,
                    "init_value": 0.004476012003354527,
                    "min": 0,
                    "max": Infinity,
                    "brute_step": null,
                    "stderr": 5.976994389419049e-07,
                    "correl": {
                        "fr": -0.45636526771951397,
                        "Ql": -0.5862599646655943,
                        "Qe": -0.6742319296531987,
                        "theta": 0.5207778462198528,
                        "phi_v": -0.43988514431602277,
                        "phi_0": 0.44036259652247767,
                        "alpha": 0.5904323597218647
                    },
                    "value": 0.0044765446223098415
                },
                "theta": {
                    "name": "theta",
                    "user_data": null,
                    "init_value": 0,
                    "min": -1.5707963267948966,
                    "max": 1.5707963267948966,
                    "brute_step": null,
                    "stderr": 0.4685005757009793,
                    "correl": {
                        "fr": -0.8842184481069664,
                        "Ql": -0.027051678267735357,
                        "Qe": -0.0001899729558090474,
                        "A": 0.5207778462198528,
                        "phi_v": 0.09300890973461638,
                        "phi_0": -0.09208339030902743,
                        "alpha": 0.7132067423886282
                    },
                    "value": -0.37414520950625096
                },
                "phi_v": {
                    "name": "phi_v",
                    "user_data": null,
                    "init_value": 9.201831794776752e-11,
                    "min": -Infinity,
                    "max": Infinity,
                    "brute_step": null,
                    "stderr": 1.571648361538434e-11,
                    "correl": {
                        "fr": -0.09488412213004915,
                        "Ql": 0.5593589451135749,
                        "Qe": 0.7129739395531827,
                        "A": -0.43988514431602277,
                        "theta": 0.09300890973461638,
                        "phi_0": -0.9999993329205055,
                        "alpha": 0.00015725377921244527
                    },
                    "value": -4.036720719204559e-11
                },
                "phi_0": {
                    "name": "phi_0",
                    "user_data": null,
                    "init_value": -0.7056390036614074,
                    "min": -Infinity,
                    "max": Infinity,
                    "brute_step": null,
                    "stderr": 0.0916843716180167,
                    "correl": {
                        "fr": 0.0940959950388058,
                        "Ql": -0.5593751088954539,
                        "Qe": -0.7129695504728235,
                        "A": 0.44036259652247767,
                        "theta": -0.09208339030902743,
                        "phi_v": -0.9999993329205055,
                        "alpha": 0.0005121104836801356
                    },
                    "value": 0.06604274428120954
                },
                "alpha": {
                    "name": "alpha",
                    "user_data": null,
                    "init_value": 0,
                    "min": -1,
                    "max": 1,
                    "brute_step": null,
                    "stderr": 0.09178769791401464,
                    "correl": {
                        "fr": -0.5596852163005034,
                        "Ql": -0.09489813195749183,
                        "Qe": -0.09293532584523481,
                        "A": 0.5904323597218647,
                        "theta": 0.7132067423886282,
                        "phi_v": 0.00015725377921244527,
                        "phi_0": 0.0005121104836801356
                    },
                    "value": -0.1785749592499789
                },
                "Qi": {
                    "name": "Qi",
                    "user_data": null,
                    "init_value": -65055.27577794176,
                    "min": -Infinity,
                    "max": Infinity,
                    "brute_step": null,
                    "stderr": 667.700100388837,
                    "correl": null,
                    "value": 1496.4359086134248
                },
                "Qc": {
                    "name": "Qc",
                    "user_data": null,
                    "init_value": 1288.223282731519,