{
    "fit_success": true,
    "frequency_01": {
        "__dtype__": "UFloat",
        "nominal_value": 4108452829.0775146,
        "std_dev": 1155247.8124279857
    },
    "fit_msg": "Summary\nFrequency 0-1: 4.1085$\\pm$0.0012 GHz\nPeak width: 1.7e+02$\\pm$1.1e+05 kHz\n",
    "fit_result": {
        "Lorentzian_peak": {
            "success": true,
            "message": "Fit succeeded.",
            "params": {
                "x0": {
                    "name": "x0",
                    "user_data": null,
                    "init_value": 4106782343.0219035,
                    "min": -Infinity,
                    "max": Infinity,
                    "brute_step": null,
                    "stderr": 1155247.8124279857,
                    "correl": {
                        "width": -0.9489975112775104,
                        "a": 0.9491305697753556,
                        "c": 0.21764144552527023
                    },
                    "value": 4108452829.0775146
                },
                "width": {
                    "name": "width",
                    "user_data": null,
                    "init_value": 40201512.61036511,
                    "min": -Infinity,
                    "max": Infinity,
                    "brute_step": null,
                    "stderr": 110978782.89200415,
                    "correl": {
                        "x0": -0.9489975112775104,
                        "a": -0.9999998066708294,
                        "c": -0.2516266513511622
                    },
                    "value": 169057.15963104522
                },
                "a": {
                    "name": "a",
                    "user_data": null,
                    "init_value": 15301.835812332878,
                    "min": -Infinity,
                    "max": Infinity,
                    "brute_step": null,
                    "stderr": 4135639.64710489,
                    "correl": {
                        "x0": 0.9491305697753556,
                        "width": -0.9999998066708294,
                        "c": 0.2515271656528231
                    },
                    "value": 6428.65689707372
                },
                "c": {
                    "name": "c",
                    "user_data": null,
                    "init_value": 0.0009464246361423925,
                    "min": -Infinity,
                    "max": Infinity,
                    "brute_step": null,
                    "stderr": 4.251286741981949e-06,
                    "correl": {
                        "x0": 0.21764144552527023,
                        "width": -0.2516266513511622,
                        "a": 0.2515271656528231
                    },
                    "value": 0.0009441839900715679
                }
            }
        }
    }
}