{
    "a": {
        "__dtype__": "UFloat",
        "nominal_value": -32043301342.73859,
        "std_dev": 57257442350.06346
    },
    "b": {
        "__dtype__": "UFloat",
        "nominal_value": 4523920748.304162,
        "std_dev": 16316502808.003082
    },
    "c": {
        "__dtype__": "UFloat",
        "nominal_value": 2588014544.416712,
        "std_dev": 1122551669.988384
    },
    "fit_success": true,
    "offset_0": {
        "__dtype__": "UFloat",
        "nominal_value": 0.07059074063430325,
        "std_dev": 0.28413399114101756
    },
    "freq_0": {
        "__dtype__": "UFloat",
        "nominal_value": 2747688002.513553,
        "std_dev": 1633449545.109513
    },
    "fit_msg": "Summary:\noffset_0: 71.$\\pm$2.8e+02 mV\nfreq_0: 2.7$\\pm$1.6 GHz\n",
    "fit_result": {
        "poly2": {
            "success": true,
            "message": "Fit succeeded.",
            "params": {
                "a": {
                    "name": "a",
                    "user_data": null,
                    "init_value": -32043301361.39899,
                    "min": -Infinity,
                    "max": Infinity,
                    "brute_step": null,
                    "stderr": 57257442350.06346,
                    "correl": {
                        "b": -0.9976231055610607,
                        "c": 0.9897288162614577
                    },
                    "value": -32043301342.73859
                },
                "b": {
                    "name": "b",
                    "user_data": null,
                    "init_value": 4523920753.575504,
                    "min": -Infinity,
                    "max": Infinity,
                    "brute_step": null,
                    "stderr": 16316502808.003082,
                    "correl": {
                        "a": -0.9976231055610607,
                        "c": -0.9970326504379544
                    },
                    "value": 4523920748.304162
                },
                "c": {
                    "name": "c",
                    "user_data": null,
                    "init_value": 2588014544.0593324,
                    "min": -Infinity,
                    "max": Infinity,
                    "brute_step": null,
                    "stderr": 1122551669.988384,
                    "correl": {
                        "a": 0.9897288162614577,
                        "b": -0.9970326504379544
                    },
                    "value": 2588014544.416712
                }
            }
        }
    }
}