{
    "fit_success": true,
    "Qi": {
        "__dtype__": "UFloat",
        "nominal_value": 14070.262773288996,
        "std_dev": 1030.390595532216
    },
    "Qe": {
        "__dtype__": "UFloat",
        "nominal_value": 2190.9437232669743,
        "std_dev": 27.159916576391502
    },
    "Ql": {
        "__dtype__": "UFloat",
        "nominal_value": 1909.2996242930828,
        "std_dev": 31.500814278367688
    },
    "Qc": {
        "__dtype__": "UFloat",
        "nominal_value": 2209.0641257278808,
        "std_dev": 27.60919685705091
    },
    "fr": {
        "__dtype__": "UFloat",
        "nominal_value": 6106702795.036884,
        "std_dev": 26390.658422643915
    },
    "fit_msg": "Summary\n$Q_I$: 14.1$\\pm$1.0 k\n$Q_C$: 2.209$\\pm$0.028 k\n$f_{res}$: 6.106703$\\pm$2.6e-05 GHz",
    "fit_result": {
        "hanger_func_complex_SI": {
            "success": true,
            "message": "Fit succeeded.",
            "params": {
                "fr": {
                    "name": "fr",
                    "user_data": null,
                    "init_value": 6106859296.482412,
                    "min": 6085000000.0,
                    "max": 6115000000.0,
                    "brute_step": null,
                    "stderr": 26390.658422643915,
                    "correl": {
                        "Ql": 0.000504834577452548,
                        "Qe": -0.008396371687212427,
                        "A": -0.014576534909550439,
                        "theta": -0.8219770304251272,
                        "phi_v": -0.36056382873707904,
                        "phi_0": 0.3600312952201861,
                        "alpha": 0.27059695396089173
                    },
                    "value": 6106702795.036884
                },
                "Ql": {
                    "name": "Ql",
                    "user_data": null,
                    "init_value": 917.1588712167003,
                    "min": 20.356197654941376,
                    "max": 40508.833333486575,
                    "brute_step": null,
                    "stderr": 31.500814278367688,
                    "correl": {
                        "fr": 0.000504834577452548,
                        "Qe": 0.8218898876407882,
                        "A": -0.5206337474700493,
                        "theta": -0.009481966541816057,
                        "phi_v": 0.26824246079239217,
                        "phi_0": -0.2685936059441447,
                        "alpha": 0.3593610135820933
                    },
                    "value": 1909.2996242930828
                },
                "Qe": {
                    "name": "Qe",
                    "user_data": null,
                    "init_value": 898.997309410429,
                    "min": 0,
                    "max": Infinity,
                    "brute_step": null,
                    "stderr": 27.159916576391502,
                    "correl": {
                        "fr": -0.008396371687212427,
                        "Ql": 0.8218898876407882,
                        "A": -0.4677303219367147,
                        "theta": -0.0005690339494565136,
                        "phi_v": 0.35459076744843276,
                        "phi_0": -0.3550230256444883,
                        "alpha": 0.33509420622440406
                    },
                    "value": 2190.9437232669743
                },
                "A": {
                    "name": "A",
                    "user_data": null,
                    "init_value": 0.007229884464424412,
                    "min": 0,
                    "max": Infinity,
                    "brute_step": null,
                    "stderr": 3.105066957860776e-05,
                    "correl": {
                        "fr": -0.014576534909550439,
                        "Ql": -0.5206337474700493,
                        "Qe": -0.4677303219367147,
                        "theta": 0.0333241214337624,
                        "phi_v": -0.14146899052561995,
                        "phi_0": 0.14168007891405557,
                        "alpha": -0.6992732050959107
                    },
                    "value": 0.00793777037835186
                },
                "theta": {
                    "name": "theta",
                    "user_data": null,
                    "init_value": 0,
                    "min": -1.5707963267948966,
                    "max": 1.5707963267948966,
                    "brute_step": null,
                    "stderr": 0.012400782636291867,
                    "correl": {
                        "fr": -0.8219770304251272,
                        "Ql": -0.009481966541816057,
                        "Qe": -0.0005690339494565136,
                        "A": 0.0333241214337624,
                        "phi_v": 0.33659820727780476,
                        "phi_0": -0.33613528010628463,
                        "alpha": -0.3570263729819405
                    },
                    "value": 0.12817167824963693
                },
                "phi_v": {
                    "name": "phi_v",
                    "user_data": null,
                    "init_value": -1.0414471765132449e-07,
                    "min": -Infinity,
                    "max": Infinity,
                    "brute_step": null,
                    "stderr": 3.2644635686957624e-10,
                    "correl": {
                        "fr": -0.36056382873707904,
                        "Ql": 0.26824246079239217,
                        "Qe": 0.35459076744843276,
                        "A": -0.14146899052561995,
                        "theta": 0.33659820727780476,
                        "phi_0": -0.9999990088975733,
                        "alpha": -0.004587465830081893
                    },
                    "value": -7.020139847416606e-08
                },
                "phi_0": {
                    "name": "phi_0",
                    "user_data": null,
                    "init_value": 632.0324413172495,
                    "min": -Infinity,
                    "max": Infinity,
                    "brute_step": null,
                    "stderr": 1.9907753163661688,
                    "correl": {
                        "fr": 0.3600312952201861,
                        "Ql": -0.2685936059441447,
                        "Qe": -0.3550230256444883,
                        "A": 0.14168007891405557,
                        "theta": -0.33613528010628463,
                        "phi_v": -0.9999990088975733,
                        "alpha": 0.004289316589031076
                    },
                    "value": 425.5639408811991
                },
                "alpha": {
                    "name": "alpha",
                    "user_data": null,
                    "init_value": 0,
                    "min": -1,
                    "max": 1,
                    "brute_step": null,
                    "stderr": 2.426972577239278,
                    "correl": {
                        "fr": 0.27059695396089173,
                        "Ql": 0.3593610135820933,
                        "Qe": 0.33509420622440406,
                        "A": -0.6992732050959107,
                        "theta": -0.3570263729819405,
                        "phi_v": -0.004587465830081893,
                        "phi_0": 0.004289316589031076
                    },
                    "value": -0.999992014576003
                },
                "Qi": {
                    "name": "Qi",
                    "user_data": null,
                    "init_value": -45399.36412522679,
                    "min": -Infinity,
                    "max": Infinity,
                    "brute_step": null,
                    "stderr": 1030.390595532216,
                    "correl": null,
                    "value": 14070.262773288996
                },
                "Qc": {
                    "name": "Qc",
                    "user_data": null,
                    "init_value": 898.997309410429,