{
    "fit_success": true,
    "Qi": {
        "__dtype__": "UFloat",
        "nominal_value": 29010.333538743642,
        "std_dev": 1130.0189771859268
    },
    "Qe": {
        "__dtype__": "UFloat",
        "nominal_value": 3172.0633484442274,
        "std_dev": 13.315283682947777
    },
    "Ql": {
        "__dtype__": "UFloat",
        "nominal_value": 2889.5356357494475,
        "std_dev": 16.68809874533787
    },
    "Qc": {
        "__dtype__": "UFloat",
        "nominal_value": 3209.1819276151673,
        "std_dev": 13.628329864187466
    },
    "fr": {
        "__dtype__": "UFloat",
        "nominal_value": 6008044914.154411,
        "std_dev": 6003.160377876748
    },
    "fit_msg": "Summary\n$Q_I$: 29.0$\\pm$1.1 k\n$Q_C$: 3.209$\\pm$0.014 k\n$f_{res}$: 6.0080449$\\pm$6.0e-06 GHz",
    "fit_result": {
        "hanger_func_complex_SI": {
            "success": true,
            "message": "Fit succeeded.",
            "params": {
                "fr": {
                    "name": "fr",
                    "user_data": null,
                    "init_value": 6008165829.145729,
                    "min": 5975000000.0,
                    "max": 6025000000.0,
                    "brute_step": null,
                    "stderr": 6003.160377876748,
                    "correl": {
                        "Ql": 0.0002349593358256042,
                        "Qe": -0.0041908256236766125,
                        "A": -0.025811941761140104,
                        "theta": -0.7547405740511632,
                        "phi_v": -0.17798139881225533,
                        "phi_0": 0.17738828615239313,
                        "alpha": 0.21997443906276065
                    },
                    "value": 6008044914.154411
                },
                "Ql": {
                    "name": "Ql",
                    "user_data": null,
                    "init_value": 541.4019536797853,
                    "min": 12.016331658291458,
                    "max": 23912.500000060205,
                    "brute_step": null,
                    "stderr": 16.68809874533787,
                    "correl": {
                        "fr": 0.0002349593358256042,
                        "Qe": 0.7548268869605693,
                        "A": -0.3036282320182934,
                        "theta": -0.004590484205121637,
                        "phi_v": 0.219697254647943,
                        "phi_0": -0.21994643988728252,
                        "alpha": 0.17746320005818522
                    },
                    "value": 2889.5356357494475
                },
                "Qe": {
                    "name": "Qe",
                    "user_data": null,
                    "init_value": 530.6811229138489,
                    "min": 0,
                    "max": Infinity,
                    "brute_step": null,
                    "stderr": 13.315283682947777,
                    "correl": {
                        "fr": -0.0041908256236766125,
                        "Ql": 0.7548268869605693,
                        "A": -0.25066179719121473,
                        "theta": -0.00015496265890477414,
                        "phi_v": 0.3014019927329761,
                        "phi_0": -0.30173293821015723,
                        "alpha": 0.16263804724889472
                    },
                    "value": 3172.0633484442274
                },
                "A": {
                    "name": "A",
                    "user_data": null,
                    "init_value": 0.010260433815128596,
                    "min": 0,
                    "max": Infinity,
                    "brute_step": null,
                    "stderr": 8.24159423547987e-06,
                    "correl": {
                        "fr": -0.025811941761140104,
                        "Ql": -0.3036282320182934,
                        "Qe": -0.25066179719121473,
                        "theta": 0.039359130734842505,
                        "phi_v": -0.06278496216424798,
                        "phi_0": 0.06288792554800315,
                        "alpha": -0.5228467633539056
                    },
                    "value": 0.010671897758182336
                },
                "theta": {
                    "name": "theta",
                    "user_data": null,
                    "init_value": 0,
                    "min": -1.5707963267948966,
                    "max": 1.5707963267948966,
                    "brute_step": null,
                    "stderr": 0.004196549239348236,
                    "correl": {
                        "fr": -0.7547405740511632,
                        "Ql": -0.004590484205121637,
                        "Qe": -0.00015496265890477414,
                        "A": 0.039359130734842505,
                        "phi_v": 0.16360448920175696,
                        "phi_0": -0.16313769354866414,
                        "alpha": -0.3014434805641335
                    },
                    "value": 0.15224147821840628
                },
                "phi_v": {
                    "name": "phi_v",
                    "user_data": null,
                    "init_value": -8.242355950537065e-08,
                    "min": -Infinity,
                    "max": Infinity,
                    "brute_step": null,
                    "stderr": 4.590097033649253e-11,
                    "correl": {
                        "fr": -0.17798139881225533,
                        "Ql": 0.219697254647943,
                        "Qe": 0.3014019927329761,
                        "A": -0.06278496216424798,
                        "theta": 0.16360448920175696,
                        "phi_0": -0.9999971417397998,
                        "alpha": -0.004080951458609944
                    },
                    "value": -7.118647705970665e-08
                },
                "phi_0": {
                    "name": "phi_0",
                    "user_data": null,
                    "init_value": 492.37282618853874,
                    "min": -Infinity,
                    "max": Infinity,
                    "brute_step": null,
                    "stderr": 0.27537301059706104,
                    "correl": {
                        "fr": 0.17738828615239313,
                        "Ql": -0.21994643988728252,
                        "Qe": -0.30173293821015723,
                        "A": 0.06288792554800315,
                        "theta": -0.16313769354866414,
                        "phi_v": -0.9999971417397998,
                        "alpha": 0.003890643275924541
                    },
                    "value": 425.245501678302
                },
                "alpha": {
                    "name": "alpha",
                    "user_data": null,
                    "init_value": 0,
                    "min": -1,
                    "max": 1,
                    "brute_step": null,
                    "stderr": 0.3320737745386961,
                    "correl": {
                        "fr": 0.21997443906276065,
                        "Ql": 0.17746320005818522,
                        "Qe": 0.16263804724889472,
                        "A": -0.5228467633539056,
                        "theta": -0.3014434805641335,
                        "phi_v": -0.004080951458609944,
                        "phi_0": 0.003890643275924541
                    },
                    "value": 0.9999979741865634
                },
                "Qi": {
                    "name": "Qi",
                    "user_data": null,
                    "init_value": -26799.396707149328,
                    "min": -Infinity,
                    "max": Infinity,
                    "brute_step": null,
                    "stderr": 1130.0189771859268,
                    "correl": null,
                    "value": 29010.333538743642
                },
                "Qc": {
                    "name": "Qc",
                    "user_data": null,