{
    "fit_success": true,
    "Qi": {
        "__dtype__": "UFloat",
        "nominal_value": 17321.733215788576,
        "std_dev": 694.0907186065075
    },
    "Qe": {
        "__dtype__": "UFloat",
        "nominal_value": 8075.50103456406,
        "std_dev": 110.21855374361151
    },
    "Ql": {
        "__dtype__": "UFloat",
        "nominal_value": 6544.914233064818,
        "std_dev": 121.65056219561494
    },
    "Qc": {
        "__dtype__": "UFloat",
        "nominal_value": 10519.732997938236,
        "std_dev": 187.03468887468676
    },
    "fr": {
        "__dtype__": "UFloat",
        "nominal_value": 5719784070.233645,
        "std_dev": 8122.456148826891
    },
    "fit_msg": "Summary\n$Q_I$: 17.32$\\pm$0.69 k\n$Q_C$: 10.52$\\pm$0.19 k\n$f_{res}$: 5.7197841$\\pm$8.1e-06 GHz",
    "fit_result": {
        "hanger_func_complex_SI": {
            "success": true,
            "message": "Fit succeeded.",
            "params": {
                "fr": {
                    "name": "fr",
                    "user_data": null,
                    "init_value": 5720075376.884422,
                    "min": 5705000000.0,
                    "max": 5735000000.0,
                    "brute_step": null,
                    "stderr": 8122.456148826891,
                    "correl": {
                        "Ql": 6.354385694761809e-05,
                        "Qe": 0.01726262038737156,
                        "A": 0.13855224646209197,
                        "theta": -0.7416488183067568,
                        "phi_v": -0.14519521337272762,
                        "phi_0": 0.14493578895023346,
                        "alpha": 0.1820898215608098
                    },
                    "value": 5719784070.233645
                },
                "Ql": {
                    "name": "Ql",
                    "user_data": null,
                    "init_value": 859.0697150922753,
                    "min": 19.066917922948075,
                    "max": 37943.166666810204,
                    "brute_step": null,
                    "stderr": 121.65056219561494,
                    "correl": {
                        "fr": 6.354385694761809e-05,
                        "Qe": 0.7415995410772013,
                        "A": -0.17071055423617618,
                        "theta": 0.017105743165836542,
                        "phi_v": 0.18127303380755952,
                        "phi_0": -0.18148602131464925,
                        "alpha": 0.1441907838938121
                    },
                    "value": 6544.914233064818
                },
                "Qe": {
                    "name": "Qe",
                    "user_data": null,
                    "init_value": 842.0584336052995,
                    "min": 0,
                    "max": Infinity,
                    "brute_step": null,
                    "stderr": 110.21855374361151,
                    "correl": {
                        "fr": 0.01726262038737156,
                        "Ql": 0.7415995410772013,
                        "A": -0.12052132977934091,
                        "theta": -9.776120041323261e-05,
                        "phi_v": 0.24418278933035087,
                        "phi_0": -0.24447889436461104,
                        "alpha": 0.20531949565655114
                    },
                    "value": 8075.50103456406
                },
                "A": {
                    "name": "A",
                    "user_data": null,
                    "init_value": 0.0045983756703147005,
                    "min": 0,
                    "max": Infinity,
                    "brute_step": null,
                    "stderr": 7.440556880122415e-06,
                    "correl": {
                        "fr": 0.13855224646209197,
                        "Ql": -0.17071055423617618,
                        "Qe": -0.12052132977934091,
                        "theta": -0.1933900534108922,
                        "phi_v": -0.061602554519299496,
                        "phi_0": 0.061605950748220464,
                        "alpha": -0.0013038010510914363
                    },
                    "value": 0.004687808411567573
                },
                "theta": {
                    "name": "theta",
                    "user_data": null,
                    "init_value": 0,
                    "min": -1.5707963267948966,
                    "max": 1.5707963267948966,
                    "brute_step": null,
                    "stderr": 0.013649876435986065,
                    "correl": {
                        "fr": -0.7416488183067568,
                        "Ql": 0.017105743165836542,
                        "Qe": -9.776120041323261e-05,
                        "A": -0.1933900534108922,
                        "phi_v": 0.20649832226139014,
                        "phi_0": -0.20631414964213127,
                        "alpha": -0.24534247518681096
                    },
                    "value": 0.6956260132657581
                },
                "phi_v": {
                    "name": "phi_v",
                    "user_data": null,
                    "init_value": -9.50004131497663e-08,
                    "min": -Infinity,
                    "max": Infinity,
                    "brute_step": null,
                    "stderr": 1.8377800575070938e-10,
                    "correl": {
                        "fr": -0.14519521337272762,
                        "Ql": 0.18127303380755952,
                        "Qe": 0.24418278933035087,
                        "A": -0.061602554519299496,
                        "theta": 0.20649832226139014,
                        "phi_0": -0.9999988585283499,
                        "alpha": -0.004234261033160068
                    },
                    "value": -7.217329169217916e-08
                },
                "phi_0": {
                    "name": "phi_0",
                    "user_data": null,
                    "init_value": 540.6665878961976,
                    "min": -Infinity,
                    "max": Infinity,
                    "brute_step": null,
                    "stderr": 1.051167015863306,
                    "correl": {
                        "fr": 0.14493578895023346,
                        "Ql": -0.18148602131464925,
                        "Qe": -0.24447889436461104,
                        "A": 0.061605950748220464,
                        "theta": -0.20631414964213127,
                        "phi_v": -0.9999988585283499,
                        "alpha": 0.004128999976180654
                    },
                    "value": 410.40744428776236
                },
                "alpha": {
                    "name": "alpha",
                    "user_data": null,
                    "init_value": 0,
                    "min": -1,
                    "max": 1,
                    "brute_step": null,
                    "stderr": 4.004271357912274,
                    "correl": {
                        "fr": 0.1820898215608098,
                        "Ql": 0.1441907838938121,
                        "Qe": 0.20531949565655114,
                        "A": -0.0013038010510914363,
                        "theta": -0.24534247518681096,
                        "phi_v": -0.004234261033160068,
                        "phi_0": 0.004128999976180654
                    },
                    "value": -0.9999989183424439
                },
                "Qi": {
                    "name": "Qi",
                    "user_data": null,
                    "init_value": -42523.950897067676,
                    "min": -Infinity,
                    "max": Infinity,
                    "brute_step": null,
                    "stderr": 694.0907186065075,
                    "correl": null,
                    "value": 17321.733215788576
                },
                "Qc": {
                    "name": "Qc",
                    "user_data": null,