{
    "fit_success": true,
    "Qi": {
        "__dtype__": "UFloat",
        "nominal_value": 15574.33981326232,
        "std_dev": 594.1195572728394
    },
    "Qe": {
        "__dtype__": "UFloat",
        "nominal_value": 4009.273830704926,
        "std_dev": 39.006193071458206
    },
    "Ql": {
        "__dtype__": "UFloat",
        "nominal_value": 3218.4327639420494,
        "std_dev": 40.40978042971171
    },
    "Qc": {
        "__dtype__": "UFloat",
        "nominal_value": 4056.761299003788,
        "std_dev": 39.93351563876402
    },
    "fr": {
        "__dtype__": "UFloat",
        "nominal_value": 6008061150.958865,
        "std_dev": 11719.437414806807
    },
    "fit_msg": "Summary\n$Q_I$: 15.57$\\pm$0.59 k\n$Q_C$: 4.057$\\pm$0.040 k\n$f_{res}$: 6.008061$\\pm$1.2e-05 GHz",
    "fit_result": {
        "hanger_func_complex_SI": {
            "success": true,
            "message": "Fit succeeded.",
            "params": {
                "fr": {
                    "name": "fr",
                    "user_data": null,
                    "init_value": 6008148241.20603,
                    "min": 5998500000.0,
                    "max": 6018500000.0,
                    "brute_step": null,
                    "stderr": 11719.437414806807,
                    "correl": {
                        "Ql": 0.00031564311089804563,
                        "Qe": 0.01697574498905367,
                        "A": 0.07381840292297837,
                        "theta": -0.8048759308338995,
                        "phi_v": -0.03124592320607237,
                        "phi_0": 0.030850692114150653,
                        "alpha": 0.40299365371119583
                    },
                    "value": 6008061150.958865
                },
                "Ql": {
                    "name": "Ql",
                    "user_data": null,
                    "init_value": 1353.5009220301954,
                    "min": 30.04074120603015,
                    "max": 59781.07500003705,
                    "brute_step": null,
                    "stderr": 40.40978042971171,
                    "correl": {
                        "fr": 0.00031564311089804563,
                        "Qe": 0.8048759919983317,
                        "A": -0.4056131802046664,
                        "theta": 0.01629437505128548,
                        "phi_v": 0.4028296965187488,
                        "phi_0": -0.40287359948132817,
                        "alpha": 0.029633030699481585
                    },
                    "value": 3218.4327639420494
                },
                "Qe": {
                    "name": "Qe",
                    "user_data": null,
                    "init_value": 1326.698923574152,
                    "min": 0,
                    "max": Infinity,
                    "brute_step": null,
                    "stderr": 39.006193071458206,
                    "correl": {
                        "fr": 0.01697574498905367,
                        "Ql": 0.8048759919983317,
                        "A": -0.36538807552759855,
                        "theta": -0.0003546880385264719,
                        "phi_v": 0.528547686152159,
                        "phi_0": -0.528612247798381,
                        "alpha": 0.05927907515761507
                    },
                    "value": 4009.273830704926
                },
                "A": {
                    "name": "A",
                    "user_data": null,
                    "init_value": 0.007946854424921636,
                    "min": 0,
                    "max": Infinity,
                    "brute_step": null,
                    "stderr": 1.6251587088003633e-05,
                    "correl": {
                        "fr": 0.07381840292297837,
                        "Ql": -0.4056131802046664,
                        "Qe": -0.36538807552759855,
                        "theta": -0.10380505961661537,
                        "phi_v": -0.18329993281335252,
                        "phi_0": 0.18328877087522769,
                        "alpha": 0.07121738275204109
                    },
                    "value": 0.008682803630170932
                },
                "theta": {
                    "name": "theta",
                    "user_data": null,
                    "init_value": 0,
                    "min": -1.5707963267948966,
                    "max": 1.5707963267948966,
                    "brute_step": null,
                    "stderr": 0.009728735407107399,
                    "correl": {
                        "fr": -0.8048759308338995,
                        "Ql": 0.01629437505128548,
                        "Qe": -0.0003546880385264719,
                        "A": -0.10380505961661537,
                        "phi_v": 0.06154211260331445,
                        "phi_0": -0.061181863349906836,
                        "alpha": -0.5288592385661578
                    },
                    "value": 0.15315787658827595
                },
                "phi_v": {
                    "name": "phi_v",
                    "user_data": null,
                    "init_value": -1.3202398320593622e-07,
                    "min": -Infinity,
                    "max": Infinity,
                    "brute_step": null,
                    "stderr": 3.253637603422222e-10,
                    "correl": {
                        "fr": -0.03124592320607237,
                        "Ql": 0.4028296965187488,
                        "Qe": 0.528547686152159,
                        "A": -0.18329993281335252,
                        "theta": 0.06154211260331445,
                        "phi_0": -0.9999995417955039,
                        "alpha": -0.00511808864189954
                    },
                    "value": -8.829811009571666e-08
                },
                "phi_0": {
                    "name": "phi_0",
                    "user_data": null,
                    "init_value": 790.2399561081671,
                    "min": -Infinity,
                    "max": Infinity,
                    "brute_step": null,
                    "stderr": 1.9549402602288222,
                    "correl": {
                        "fr": 0.030850692114150653,
                        "Ql": -0.40287359948132817,
                        "Qe": -0.528612247798381,
                        "A": 0.18328877087522769,
                        "theta": -0.061181863349906836,
                        "phi_v": -0.9999995417955039,
                        "alpha": 0.0049306292010059
                    },
                    "value": 528.0738619449322
                },
                "alpha": {
                    "name": "alpha",
                    "user_data": null,
                    "init_value": 0,
                    "min": -1,
                    "max": 1,
                    "brute_step": null,
                    "stderr": 2.2167937890563323,
                    "correl": {
                        "fr": 0.40299365371119583,
                        "Ql": 0.029633030699481585,
                        "Qe": 0.05927907515761507,
                        "A": 0.07121738275204109,
                        "theta": -0.5288592385661578,
                        "phi_v": -0.00511808864189954,
                        "phi_0": 0.0049306292010059
                    },
                    "value": 0.9999670359982211
                },
                "Qi": {
                    "name": "Qi",
                    "user_data": null,
                    "init_value": -66998.29564049539,
                    "min": -Infinity,
                    "max": Infinity,
                    "brute_step": null,
                    "stderr": 594.1195572728394,
                    "correl": null,
                    "value": 15574.33981326232
                },
                "Qc": {
                    "name": "Qc",
                    "user_data": null,
                    "init_value": 1326.698923574152,