{
    "fit_success": true,
    "Qi": {
        "__dtype__": "UFloat",
        "nominal_value": 816.6231679127535,
        "std_dev": 176.00418265465223
    },
    "Qe": {
        "__dtype__": "UFloat",
        "nominal_value": 11727.89300938479,
        "std_dev": 5136.818088650883
    },
    "Ql": {
        "__dtype__": "UFloat",
        "nominal_value": 770.9678169144177,
        "std_dev": 178.55173133816814
    },
    "Qc": {
        "__dtype__": "UFloat",
        "nominal_value": 13790.063316573365,
        "std_dev": 7096.529625659044
    },
    "fr": {
        "__dtype__": "UFloat",
        "nominal_value": 5995856580.9892845,
        "std_dev": 900032.6887719816
    },
    "fit_msg": "Summary\n$Q_I$: 8.2e+02$\\pm$1.8e+02 \n$Q_C$: 13.8$\\pm$7.1 k\n$f_{res}$: 5.99586$\\pm$0.00090 GHz",
    "fit_result": {
        "hanger_func_complex_SI": {
            "success": true,
            "message": "Fit succeeded.",
            "params": {
                "fr": {
                    "name": "fr",
                    "user_data": null,
                    "init_value": 5996557788.944724,
                    "min": 5995000000.0,
                    "max": 6005000000.0,
                    "brute_step": null,
                    "stderr": 900032.6887719816,
                    "correl": {
                        "Ql": 0.0016220791303045642,
                        "Qe": 0.4142105303932576,
                        "A": -0.26520361921622765,
                        "theta": -0.8968384416505643,
                        "phi_v": 0.8114122970998189,
                        "phi_0": -0.8120527356932861,
                        "alpha": 0.3275968538695009
                    },
                    "value": 5995856580.9892845
                },
                "Ql": {
                    "name": "Ql",
                    "user_data": null,
                    "init_value": 2701.7797066715952,
                    "min": 59.965577889447246,
                    "max": 119331.50000120632,
                    "brute_step": null,
                    "stderr": 178.55173133816814,
                    "correl": {
                        "fr": 0.0016220791303045642,
                        "Qe": 0.8970790039800447,
                        "A": -0.922911427352969,
                        "theta": 0.4117986689978643,
                        "phi_v": 0.3956425589569762,
                        "phi_0": -0.39454846967708235,
                        "alpha": -0.8399227346335663
                    },
                    "value": 770.9678169144177
                },
                "Qe": {
                    "name": "Qe",
                    "user_data": null,
                    "init_value": 2648.279118420672,
                    "min": 0,
                    "max": Infinity,
                    "brute_step": null,
                    "stderr": 5136.818088650883,
                    "correl": {
                        "fr": 0.4142105303932576,
                        "Ql": 0.8970790039800447,
                        "A": -0.9768054876700816,
                        "theta": -0.0010428002736743254,
                        "phi_v": 0.7379983383830551,
                        "phi_0": -0.7372363270636004,
                        "alpha": -0.6578782572337425
                    },
                    "value": 11727.89300938479
                },
                "A": {
                    "name": "A",
                    "user_data": null,
                    "init_value": 0.010870786534321332,
                    "min": 0,
                    "max": Infinity,
                    "brute_step": null,
                    "stderr": 0.0001975850295127962,
                    "correl": {
                        "fr": -0.26520361921622765,
                        "Ql": -0.922911427352969,
                        "Qe": -0.9768054876700816,
                        "theta": -0.15734945724912278,
                        "phi_v": -0.6368036600953213,
                        "phi_0": 0.6358762232257851,
                        "alpha": 0.7915290913611449
                    },
                    "value": 0.011355870883490882
                },
                "theta": {
                    "name": "theta",
                    "user_data": null,
                    "init_value": 0,
                    "min": -1.5707963267948966,
                    "max": 1.5707963267948966,
                    "brute_step": null,
                    "stderr": 0.43749664577449443,
                    "correl": {
                        "fr": -0.8968384416505643,
                        "Ql": 0.4117986689978643,
                        "Qe": -0.0010428002736743254,
                        "A": -0.15734945724912278,
                        "phi_v": -0.6011824320506665,
                        "phi_0": 0.6022333587687168,
                        "alpha": -0.6865047939488031
                    },
                    "value": 0.5539377757866473
                },
                "phi_v": {
                    "name": "phi_v",
                    "user_data": null,
                    "init_value": -1.3214775432394902e-06,
                    "min": -Infinity,
                    "max": Infinity,
                    "brute_step": null,
                    "stderr": 1.389535356607177e-09,
                    "correl": {
                        "fr": 0.8114122970998189,
                        "Ql": 0.3956425589569762,
                        "Qe": 0.7379983383830551,
                        "A": -0.6368036600953213,
                        "theta": -0.6011824320506665,
                        "phi_0": -0.9999991214871179,
                        "alpha": -0.08047202779953251
                    },
                    "value": -1.3222812816731561e-06
                },
                "phi_0": {
                    "name": "phi_0",
                    "user_data": null,
                    "init_value": 7922.0459423349175,
                    "min": -Infinity,
                    "max": Infinity,
                    "brute_step": null,
                    "stderr": 8.344874326399092,
                    "correl": {
                        "fr": -0.8120527356932861,
                        "Ql": -0.39454846967708235,
                        "Qe": -0.7372363270636004,
                        "A": 0.6358762232257851,
                        "theta": 0.6022333587687168,
                        "phi_v": -0.9999991214871179,
                        "alpha": 0.07922163305992554
                    },
                    "value": 7926.924202780031
                },
                "alpha": {
                    "name": "alpha",
                    "user_data": null,
                    "init_value": 0,
                    "min": -1,
                    "max": 1,
                    "brute_step": null,
                    "stderr": 8.351539587833068,
                    "correl": {
                        "fr": 0.3275968538695009,
                        "Ql": -0.8399227346335663,
                        "Qe": -0.6578782572337425,
                        "A": 0.7915290913611449,
                        "theta": -0.6865047939488031,
                        "phi_v": -0.08047202779953251,
                        "phi_0": 0.07922163305992554
                    },
                    "value": -0.9895234684617678
                },
                "Qi": {
                    "name": "Qi",
                    "user_data": null,
                    "init_value": -133738.09548024248,
                    "min": -Infinity,
                    "max": Infinity,
                    "brute_step": null,
                    "stderr": 176.00418265465223,
                    "correl": null,
                    "value": 816.6231679127535
                },
                "Qc": {
                    "name": "Qc",
                    "user_data": null,
                    "init_value": 2648.279118420672,