{
    "fit_success": true,
    "Qi": {
        "__dtype__": "UFloat",
        "nominal_value": 18496.841652036856,
        "std_dev": 287.0103364611538
    },
    "Qe": {
        "__dtype__": "UFloat",
        "nominal_value": 3126.6226559140005,
        "std_dev": 12.182175376711484
    },
    "Ql": {
        "__dtype__": "UFloat",
        "nominal_value": 2706.259072628825,
        "std_dev": 12.613396122261005
    },
    "Qc": {
        "__dtype__": "UFloat",
        "nominal_value": 3170.069583188239,
        "std_dev": 12.522914589365412
    },
    "fr": {
        "__dtype__": "UFloat",
        "nominal_value": 6008021671.74925,
        "std_dev": 5173.107345168063
    },
    "fit_msg": "Summary\n$Q_I$: 18.50$\\pm$0.29 k\n$Q_C$: 3.170$\\pm$0.013 k\n$f_{res}$: 6.0080217$\\pm$5.2e-06 GHz",
    "fit_result": {
        "hanger_func_complex_SI": {
            "success": true,
            "message": "Fit succeeded.",
            "params": {
                "fr": {
                    "name": "fr",
                    "user_data": null,
                    "init_value": 6008218592.964824,
                    "min": 6004500000.0,
                    "max": 6014500000.0,
                    "brute_step": null,
                    "stderr": 5173.107345168063,
                    "correl": {
                        "Ql": 0.00011326764729658596,
                        "Qe": 0.08393289305487843,
                        "A": 0.19015036706373456,
                        "theta": -0.8871617713706659,
                        "phi_v": 0.22424964345811574,
                        "phi_0": -0.2245727064261951,
                        "alpha": 0.5525078211519338
                    },
                    "value": 6008021671.74925
                },
                "Ql": {
                    "name": "Ql",
                    "user_data": null,
                    "init_value": 2707.033541417098,
                    "min": 60.08218592964823,
                    "max": 119563.55000120866,
                    "brute_step": null,
                    "stderr": 12.613396122261005,
                    "correl": {
                        "fr": 0.00011326764729658596,
                        "Qe": 0.8871866262473739,
                        "A": -0.6563026840250226,
                        "theta": 0.08375646149079309,
                        "phi_v": 0.5537023808578517,
                        "phi_0": -0.5536335187687854,
                        "alpha": -0.22692835703630815
                    },
                    "value": 2706.259072628825
                },
                "Qe": {
                    "name": "Qe",
                    "user_data": null,
                    "init_value": 2653.4289168345817,
                    "min": 0,
                    "max": Infinity,
                    "brute_step": null,
                    "stderr": 12.182175376711484,
                    "correl": {
                        "fr": 0.08393289305487843,
                        "Ql": 0.8871866262473739,
                        "A": -0.5890887636300588,
                        "theta": -5.8653358015131906e-05,
                        "phi_v": 0.6937803334887855,
                        "phi_0": -0.6937324975077254,
                        "alpha": -0.14099832057948491
                    },
                    "value": 3126.6226559140005
                },
                "A": {
                    "name": "A",
                    "user_data": null,
                    "init_value": 0.004550704052701224,
                    "min": 0,
                    "max": Infinity,
                    "brute_step": null,
                    "stderr": 7.662745669561805e-06,
                    "correl": {
                        "fr": 0.19015036706373456,
                        "Ql": -0.6563026840250226,
                        "Qe": -0.5890887636300588,
                        "theta": -0.3007901438719973,
                        "phi_v": -0.33677783460772676,
                        "phi_0": 0.33666289398838495,
                        "alpha": 0.5486912204181027
                    },
                    "value": 0.005640989243169914
                },
                "theta": {
                    "name": "theta",
                    "user_data": null,
                    "init_value": 0,
                    "min": -1.5707963267948966,
                    "max": 1.5707963267948966,
                    "brute_step": null,
                    "stderr": 0.003895635072752517,
                    "correl": {
                        "fr": -0.8871617713706659,
                        "Ql": 0.08375646149079309,
                        "Qe": -5.8653358015131906e-05,
                        "A": -0.3007901438719973,
                        "phi_v": -0.1376526974110585,
                        "phi_0": 0.13796567553641498,
                        "alpha": -0.6930047042670743
                    },
                    "value": 0.1657514735867014
                },
                "phi_v": {
                    "name": "phi_v",
                    "user_data": null,
                    "init_value": -1.617878811039594e-07,
                    "min": -Infinity,
                    "max": Infinity,
                    "brute_step": null,
                    "stderr": 3.8113554556852573e-10,
                    "correl": {
                        "fr": 0.22424964345811574,
                        "Ql": 0.5537023808578517,
                        "Qe": 0.6937803334887855,
                        "A": -0.33677783460772676,
                        "theta": -0.1376526974110585,
                        "phi_0": -0.9999998743405559,
                        "alpha": -0.004683061322372671
                    },
                    "value": -7.465766706588913e-08
                },
                "phi_0": {
                    "name": "phi_0",
                    "user_data": null,
                    "init_value": 968.874277185831,
                    "min": -Infinity,
                    "max": Infinity,
                    "brute_step": null,
                    "stderr": 2.2906149205018953,
                    "correl": {
                        "fr": -0.2245727064261951,
                        "Ql": -0.5536335187687854,
                        "Qe": -0.6937324975077254,
                        "A": 0.33666289398838495,
                        "theta": 0.13796567553641498,
                        "phi_v": -0.9999998743405559,
                        "alpha": 0.0044713951846323124
                    },
                    "value": 445.97255188051287
                },
                "alpha": {
                    "name": "alpha",
                    "user_data": null,
                    "init_value": 0,
                    "min": -1,
                    "max": 1,
                    "brute_step": null,
                    "stderr": 2.105279076464066,
                    "correl": {
                        "fr": 0.5525078211519338,
                        "Ql": -0.22692835703630815,
                        "Qe": -0.14099832057948491,
                        "A": 0.5486912204181027,
                        "theta": -0.6930047042670743,
                        "phi_v": -0.004683061322372671,
                        "phi_0": 0.0044713951846323124
                    },
                    "value": -0.9998579249696166
                },
                "Qi": {
                    "name": "Qi",
                    "user_data": null,
                    "init_value": -133998.1603001473,
                    "min": -Infinity,
                    "max": Infinity,
                    "brute_step": null,
                    "stderr": 287.0103364611538,
                    "correl": null,
                    "value": 18496.841652036856
                },
                "Qc": {
                    "name": "Qc",
                    "user_data": null,
                    "init_value": 2653.4289168345817,