{
    "fit_success": true,
    "Qi": {
        "__dtype__": "UFloat",
        "nominal_value": 18091.769139061205,
        "std_dev": 5877.514327002698
    },
    "Qe": {
        "__dtype__": "UFloat",
        "nominal_value": 13326.769743905601,
        "std_dev": 2034.1521849756623
    },
    "Ql": {
        "__dtype__": "UFloat",
        "nominal_value": 7730.269766783022,
        "std_dev": 1525.0814709745866
    },
    "Qc": {
        "__dtype__": "UFloat",
        "nominal_value": 13497.492107896847,
        "std_dev": 2086.598084964984
    },
    "fr": {
        "__dtype__": "UFloat",
        "nominal_value": 5720108974.779988,
        "std_dev": 72990.3973926748
    },
    "fit_msg": "Summary\n$Q_I$: 18.1$\\pm$5.9 k\n$Q_C$: 13.5$\\pm$2.1 k\n$f_{res}$: 5.720109$\\pm$7.3e-05 GHz",
    "fit_result": {
        "hanger_func_complex_SI": {
            "success": true,
            "message": "Fit succeeded.",
            "params": {
                "fr": {
                    "name": "fr",
                    "user_data": null,
                    "init_value": 5720169095.477386,
                    "min": 5716350000.0,
                    "max": 5726350000.0,
                    "brute_step": null,
                    "stderr": 72990.3973926748,
                    "correl": {
                        "Ql": 5.508197357588085e-05,
                        "Qe": 0.0209489596938054,
                        "A": 0.1298450603642339,
                        "theta": -0.7936775222638135,
                        "phi_v": 0.09384572146202393,
                        "phi_0": -0.09403481763821595,
                        "alpha": 0.35402110877883325
                    },
                    "value": 5720108974.779988
                },
                "Ql": {
                    "name": "Ql",
                    "user_data": null,
                    "init_value": 2577.2513706751965,
                    "min": 57.20169095477387,
                    "max": 113831.36500115071,
                    "brute_step": null,
                    "stderr": 1525.0814709745866,
                    "correl": {
                        "fr": 5.508197357588085e-05,
                        "Qe": 0.7936915563109894,
                        "A": -0.37678331401707416,
                        "theta": 0.020887620728527907,
                        "phi_v": 0.35565844063115754,
                        "phi_0": -0.35564627920462677,
                        "alpha": -0.09968390636875274
                    },
                    "value": 7730.269766783022
                },
                "Qe": {
                    "name": "Qe",
                    "user_data": null,
                    "init_value": 2526.216690067767,
                    "min": 0,
                    "max": Infinity,
                    "brute_step": null,
                    "stderr": 2034.1521849756623,
                    "correl": {
                        "fr": 0.0209489596938054,
                        "Ql": 0.7936915563109894,
                        "A": -0.37787154204485074,
                        "theta": -4.265659947217949e-06,
                        "phi_v": 0.47826304610697135,
                        "phi_0": -0.47825361575065817,
                        "alpha": -0.07884557706501646
                    },
                    "value": 13326.769743905601
                },
                "A": {
                    "name": "A",
                    "user_data": null,
                    "init_value": 0.0035632076750083297,
                    "min": 0,
                    "max": Infinity,
                    "brute_step": null,
                    "stderr": 7.5572002886646e-05,
                    "correl": {
                        "fr": 0.1298450603642339,
                        "Ql": -0.37678331401707416,
                        "Qe": -0.37787154204485074,
                        "theta": -0.18775098705195906,
                        "phi_v": -0.1571052473436039,
                        "phi_0": 0.15706899724630452,
                        "alpha": 0.43438657505505457
                    },
                    "value": 0.00358783078690883
                },
                "theta": {
                    "name": "theta",
                    "user_data": null,
                    "init_value": 0,
                    "min": -1.5707963267948966,
                    "max": 1.5707963267948966,
                    "brute_step": null,
                    "stderr": 0.15262642633236528,
                    "correl": {
                        "fr": -0.7936775222638135,
                        "Ql": 0.020887620728527907,
                        "Qe": -4.265659947217949e-06,
                        "A": -0.18775098705195906,
                        "phi_v": -0.07100401810164093,
                        "phi_0": 0.07119978967598285,
                        "alpha": -0.4769663945735853
                    },
                    "value": 0.15921812034533245
                },
                "phi_v": {
                    "name": "phi_v",
                    "user_data": null,
                    "init_value": -1.2442024798519344e-07,
                    "min": -Infinity,
                    "max": Infinity,
                    "brute_step": null,
                    "stderr": 6.60468046346584e-09,
                    "correl": {
                        "fr": 0.09384572146202393,
                        "Ql": 0.35565844063115754,
                        "Qe": 0.47826304610697135,
                        "A": -0.1571052473436039,
                        "theta": -0.07100401810164093,
                        "phi_0": -0.9999998732060225,
                        "alpha": -0.01614072052242024
                    },
                    "value": -2.8057284923800206e-07
                },
                "phi_0": {
                    "name": "phi_0",
                    "user_data": null,
                    "init_value": 710.6430941977358,
                    "min": -Infinity,
                    "max": Infinity,
                    "brute_step": null,
                    "stderr": 37.78861482609917,
                    "correl": {
                        "fr": -0.09403481763821595,
                        "Ql": -0.35564627920462677,
                        "Qe": -0.47825361575065817,
                        "A": 0.15706899724630452,
                        "theta": 0.07119978967598285,
                        "phi_v": -0.9999998732060225,
                        "alpha": 0.01604846317507871
                    },
                    "value": 1603.566878686206
                },
                "alpha": {
                    "name": "alpha",
                    "user_data": null,
                    "init_value": 0,
                    "min": -1,
                    "max": 1,
                    "brute_step": null,
                    "stderr": 37.81652861236179,
                    "correl": {
                        "fr": 0.35402110877883325,
                        "Ql": -0.09968390636875274,
                        "Qe": -0.07884557706501646,
                        "A": 0.43438657505505457,
                        "theta": -0.4769663945735853,
                        "phi_v": -0.01614072052242024,
                        "phi_0": 0.01604846317507871
                    },
                    "value": -0.9989968739338536
                },
                "Qi": {
                    "name": "Qi",
                    "user_data": null,
                    "init_value": -127573.94284842322,
                    "min": -Infinity,
                    "max": Infinity,
                    "brute_step": null,
                    "stderr": 5877.514327002698,
                    "correl": null,
                    "value": 18091.769139061205
                },
                "Qc": {
                    "name": "Qc",
                    "user_data": null,
                    "init_value": 2526.216690067767,