{
    "T2*": {
        "__dtype__": "UFloat",
        "nominal_value": 5.879232242822496e-06,
        "std_dev": 2.2724841992842994e-07
    },
    "fitted_detuning": {
        "__dtype__": "UFloat",
        "nominal_value": 2743702.511115598,
        "std_dev": 1128.8432126874961
    },
    "detuning": {
        "__dtype__": "UFloat",
        "nominal_value": 2543702.511115598,
        "std_dev": 1128.8432126874961
    },
    "fit_success": true,
    "fit_msg": "Summary\n$T_2^*$: 5.88$\\pm$0.23 \u03bcs\n\nartificial detuning: 200 kHz\nfitted detuning: 2.7437$\\pm$0.0011 MHz\nactual detuning: 2.5437$\\pm$0.0011 MHz\n",
    "fit_result": {
        "Ramsey_decay": {
            "success": true,
            "message": "Fit succeeded.",
            "params": {
                "tau": {
                    "name": "tau",
                    "user_data": null,
                    "init_value": 1.0693333333333331e-05,
                    "min": 0,
                    "max": Infinity,
                    "brute_step": null,
                    "stderr": 2.2724841992842994e-07,
                    "correl": {
                        "frequency": 0.03721125821156033,
                        "phase": -0.04145436866230451,
                        "amplitude": -0.694584913205006,
                        "offset": 0.004417839030714251
                    },
                    "value": 5.879232242822496e-06
                },
                "n_factor": {
                    "name": "n_factor",
                    "user_data": null,
                    "init_value": 1,
                    "min": -Infinity,
                    "max": Infinity,
                    "brute_step": null,
                    "stderr": 0.0,
                    "correl": null,
                    "value": 1
                },
                "frequency": {
                    "name": "frequency",
                    "user_data": null,
                    "init_value": 2722772.2772277226,
                    "min": 0,
                    "max": Infinity,
                    "brute_step": null,
                    "stderr": 1128.8432126874961,
                    "correl": {
                        "tau": 0.03721125821156033,
                        "phase": -0.74472575335792,
                        "amplitude": -0.042159240102868825,
                        "offset": -0.015256963502275586
                    },
                    "value": 2743702.511115598
                },
                "phase": {
                    "name": "phase",
                    "user_data": null,
                    "init_value": 0.12441951103325977,
                    "min": -Infinity,
                    "max": Infinity,
                    "brute_step": null,
                    "stderr": 0.029053754000544014,
                    "correl": {
                        "tau": -0.04145436866230451,
                        "frequency": -0.74472575335792,
                        "amplitude": 0.04939203670376568,
                        "offset": 0.019913522955837617
                    },
                    "value": -0.00871454397410936
                },
                "amplitude": {
                    "name": "amplitude",
                    "user_data": null,
                    "init_value": 0.00030769875078289855,
                    "min": 0,
                    "max": Infinity,
                    "brute_step": null,
                    "stderr": 8.233762229420934e-06,
                    "correl": {
                        "tau": -0.694584913205006,
                        "frequency": -0.042159240102868825,
                        "phase": 0.04939203670376568,
                        "offset": -0.01089756182718765
                    },
                    "value": 0.0003279515919742959
                },
                "offset": {
                    "name": "offset",
                    "user_data": null,
                    "init_value": 0.0012691997659065731,
                    "min": -Infinity,
                    "max": Infinity,
                    "brute_step": null,
                    "stderr": 1.8569338647772704e-06,
                    "correl": {
                        "tau": 0.004417839030714251,
                        "frequency": -0.015256963502275586,
                        "phase": 0.019913522955837617,
                        "amplitude": -0.01089756182718765
                    },
                    "value": 0.001268020574494856
                }
            }
        }
    }
}