{
    "a": {
        "__dtype__": "UFloat",
        "nominal_value": -20777130689.764595,
        "std_dev": 28865951450.27957
    },
    "b": {
        "__dtype__": "UFloat",
        "nominal_value": 1635371113.5369148,
        "std_dev": 3932973844.678926
    },
    "c": {
        "__dtype__": "UFloat",
        "nominal_value": 3897840241.0293775,
        "std_dev": 115191426.54843178
    },
    "fit_success": true,
    "offset_0": {
        "__dtype__": "UFloat",
        "nominal_value": 0.03935507597164379,
        "std_dev": 0.10930472523565338
    },
    "freq_0": {
        "__dtype__": "UFloat",
        "nominal_value": 3930020318.236916,
        "std_dev": 198054303.7903684
    },
    "fit_msg": "Summary:\noffset_0: 39.$\\pm$1.1e+02 mV\nfreq_0: 3.93$\\pm$0.20 GHz\n",
    "fit_result": {
        "poly2": {
            "success": true,
            "message": "Fit succeeded.",
            "params": {
                "a": {
                    "name": "a",
                    "user_data": null,
                    "init_value": -20777130689.764595,
                    "min": -Infinity,
                    "max": Infinity,
                    "brute_step": null,
                    "stderr": 28865951450.27957,
                    "correl": {
                        "b": -0.9840122198540932,
                        "c": 0.8819110855680455
                    },
                    "value": -20777130689.764595
                },
                "b": {
                    "name": "b",
                    "user_data": null,
                    "init_value": 1635371113.5369148,
                    "min": -Infinity,
                    "max": Infinity,
                    "brute_step": null,
                    "stderr": 3932973844.678926,
                    "correl": {
                        "a": -0.9840122198540932,
                        "c": -0.9447880081886095
                    },
                    "value": 1635371113.5369148
                },
                "c": {
                    "name": "c",
                    "user_data": null,
                    "init_value": 3897840241.0293775,
                    "min": -Infinity,
                    "max": Infinity,
                    "brute_step": null,
                    "stderr": 115191426.54843178,
                    "correl": {
                        "a": 0.8819110855680455,
                        "b": -0.9447880081886095
                    },
                    "value": 3897840241.0293775
                }
            }
        }
    }
}