{
    "fit_success": true,
    "frequency_01": {
        "__dtype__": "UFloat",
        "nominal_value": 3796755753.39523,
        "std_dev": 5908065.576840331
    },
    "fit_msg": "Summary\nFrequency 0-1: 3.7968$\\pm$0.0059 GHz\nPeak width: 14$\\pm$18 MHz\n",
    "fit_result": {
        "Lorentzian_peak": {
            "success": true,
            "message": "Fit succeeded.",
            "params": {
                "x0": {
                    "name": "x0",
                    "user_data": null,
                    "init_value": 3798875248.5535707,
                    "min": -Infinity,
                    "max": Infinity,
                    "brute_step": null,
                    "stderr": 5908065.576840331,
                    "correl": {
                        "width": -0.44296685348438847,
                        "a": -0.4569932387095158,
                        "c": 0.10717073369431811
                    },
                    "value": 3796755753.39523
                },
                "width": {
                    "name": "width",
                    "user_data": null,
                    "init_value": 10050378.152591283,
                    "min": -Infinity,
                    "max": Infinity,
                    "brute_step": null,
                    "stderr": 17754104.43731789,
                    "correl": {
                        "x0": -0.44296685348438847,
                        "a": 0.8908140540247799,
                        "c": -0.48104277428344616
                    },
                    "value": 13642323.625999508
                },
                "a": {
                    "name": "a",
                    "user_data": null,
                    "init_value": 1836.601869658388,
                    "min": -Infinity,
                    "max": Infinity,
                    "brute_step": null,
                    "stderr": 250.5260762192471,
                    "correl": {
                        "x0": -0.4569932387095158,
                        "width": 0.8908140540247799,
                        "c": -0.6169695149974728
                    },
                    "value": 222.7808322620997
                },
                "c": {
                    "name": "c",
                    "user_data": null,
                    "init_value": 0.0009702272752353495,
                    "min": -Infinity,
                    "max": Infinity,
                    "brute_step": null,
                    "stderr": 3.024164157627677e-06,
                    "correl": {
                        "x0": 0.10717073369431811,
                        "width": -0.48104277428344616,
                        "a": -0.6169695149974728
                    },
                    "value": 0.0009676047812241584
                }
            }
        }
    }
}