{
    "fit_success": true,
    "Qi": {
        "__dtype__": "UFloat",
        "nominal_value": 10460.18689585593,
        "std_dev": 11013.409594265586
    },
    "Qe": {
        "__dtype__": "UFloat",
        "nominal_value": 359420.8332122404,
        "std_dev": 306757.02007037716
    },
    "Ql": {
        "__dtype__": "UFloat",
        "nominal_value": 10453.697510055015,
        "std_dev": 11079.183390544385
    },
    "Qc": {
        "__dtype__": "UFloat",
        "nominal_value": 16850227.90485036,
        "std_dev": 684824577.1307672
    },
    "fr": {
        "__dtype__": "UFloat",
        "nominal_value": 6103808789.032418,
        "std_dev": 306092.54554642417
    },
    "fit_msg": "Summary\n$Q_I$: 10$\\pm$11 k\n$Q_C$: 17.$\\pm$6.8e+02 M\n$f_{res}$: 6.10381$\\pm$0.00031 GHz",
    "fit_result": {
        "hanger_func_complex_SI": {
            "success": true,
            "message": "Fit succeeded.",
            "params": {
                "fr": {
                    "name": "fr",
                    "user_data": null,
                    "init_value": 6105000000.0,
                    "min": 6095000000.0,
                    "max": 6105000000.0,
                    "brute_step": null,
                    "stderr": 306092.54554642417,
                    "correl": {
                        "Ql": -0.38232503538475143,
                        "Qe": -0.20307912567324654,
                        "A": 0.469221033099417,
                        "theta": -0.8255951559670716,
                        "phi_v": 0.031793286293930766,
                        "phi_0": -0.03163188141107239,
                        "alpha": 0.40829495180376385
                    },
                    "value": 6103808789.032418
                },
                "Ql": {
                    "name": "Ql",
                    "user_data": null,
                    "init_value": 2750.6388981423906,
                    "min": 61.050000000000004,
                    "max": 121489.50000122814,
                    "brute_step": null,
                    "stderr": 11079.183390544385,
                    "correl": {
                        "fr": -0.38232503538475143,
                        "Qe": 0.8134697232911287,
                        "A": -0.10967357480284264,
                        "theta": 0.29610554906609937,
                        "phi_v": -0.3719529300325279,
                        "phi_0": 0.3717810804276139,
                        "alpha": -0.21969212417061645
                    },
                    "value": 10453.697510055015
                },
                "Qe": {
                    "name": "Qe",
                    "user_data": null,
                    "init_value": 2696.170801149472,
                    "min": 0,
                    "max": Infinity,
                    "brute_step": null,
                    "stderr": 306757.02007037716,
                    "correl": {
                        "fr": -0.20307912567324654,
                        "Ql": 0.8134697232911287,
                        "A": -0.0194775388441184,
                        "theta": 0.1508136451200611,
                        "phi_v": -0.5175804809414194,
                        "phi_0": 0.5173975016156281,
                        "alpha": -0.18605407522920897
                    },
                    "value": 359420.8332122404
                },
                "A": {
                    "name": "A",
                    "user_data": null,
                    "init_value": 0.0076996276875541895,
                    "min": 0,
                    "max": Infinity,
                    "brute_step": null,
                    "stderr": 5.770484232799826e-05,
                    "correl": {
                        "fr": 0.469221033099417,
                        "Ql": -0.10967357480284264,
                        "Qe": -0.0194775388441184,
                        "theta": -0.6221087430084833,
                        "phi_v": 0.017570763682929997,
                        "phi_0": -0.017465390079732215,
                        "alpha": 0.845417987398959
                    },
                    "value": 0.007663724867250199
                },
                "theta": {
                    "name": "theta",
                    "user_data": null,
                    "init_value": 0,
                    "min": -1.5707963267948966,
                    "max": 1.5707963267948966,
                    "brute_step": null,
                    "stderr": 0.8641682794065775,
                    "correl": {
                        "fr": -0.8255951559670716,
                        "Ql": 0.29610554906609937,
                        "Qe": 0.1508136451200611,
                        "A": -0.6221087430084833,
                        "phi_v": 0.01413887783965081,
                        "phi_0": -0.014325401336392467,
                        "alpha": -0.5291681878230166
                    },
                    "value": 1.549464384231836
                },
                "phi_v": {
                    "name": "phi_v",
                    "user_data": null,
                    "init_value": -1.3571208614163017e-06,
                    "min": -Infinity,
                    "max": Infinity,
                    "brute_step": null,
                    "stderr": 1.435635727046068e-09,
                    "correl": {
                        "fr": 0.031793286293930766,
                        "Ql": -0.3719529300325279,
                        "Qe": -0.5175804809414194,
                        "A": 0.017570763682929997,
                        "theta": 0.01413887783965081,
                        "phi_0": -0.9999998851026832,
                        "alpha": 0.10829679140567264
                    },
                    "value": -1.3413048834650317e-06
                },
                "phi_0": {
                    "name": "phi_0",
                    "user_data": null,
                    "init_value": 8272.888315598218,
                    "min": -Infinity,
                    "max": Infinity,
                    "brute_step": null,
                    "stderr": 8.75638292718911,
                    "correl": {
                        "fr": -0.03163188141107239,
                        "Ql": 0.3717810804276139,
                        "Qe": 0.5173975016156281,
                        "A": -0.017465390079732215,
                        "theta": -0.014325401336392467,
                        "phi_v": -0.9999998851026832,
                        "alpha": -0.10818696287477841
                    },
                    "value": 8176.566101995686
                },
                "alpha": {
                    "name": "alpha",
                    "user_data": null,
                    "init_value": 0,
                    "min": -1,
                    "max": 1,
                    "brute_step": null,
                    "stderr": 9.207858260859277,
                    "correl": {
                        "fr": 0.40829495180376385,
                        "Ql": -0.21969212417061645,
                        "Qe": -0.18605407522920897,
                        "A": 0.845417987398959,
                        "theta": -0.5291681878230166,
                        "phi_v": 0.10829679140567264,
                        "phi_0": -0.10818696287477841
                    },
                    "value": -0.9927225412470713
                },
                "Qi": {
                    "name": "Qi",
                    "user_data": null,
                    "init_value": -136156.625458048,
                    "min": -Infinity,
                    "max": Infinity,
                    "brute_step": null,
                    "stderr": 11013.409594265586,
                    "correl": null,
                    "value": 10460.18689585593
                },
                "Qc": {
                    "name": "Qc",
                    "user_data": null,
                    "init_value": 2696.170801149472,