{
    "fit_success": true,
    "Qi": {
        "__dtype__": "UFloat",
        "nominal_value": 57540.83625911181,
        "std_dev": 15634.22182579754
    },
    "Qe": {
        "__dtype__": "UFloat",
        "nominal_value": 3286.9208776283476,
        "std_dev": 57.011754633400514
    },
    "Ql": {
        "__dtype__": "UFloat",
        "nominal_value": 4025.884553874764,
        "std_dev": 91.6772898399328
    },
    "Qc": {
        "__dtype__": "UFloat",
        "nominal_value": 4328.748443772311,
        "std_dev": 98.87016169380095
    },
    "fr": {
        "__dtype__": "UFloat",
        "nominal_value": 5834415662.879996,
        "std_dev": 16499.50551392387
    },
    "fit_msg": "Summary\n$Q_I$: 58$\\pm$16 k\n$Q_C$: 4.329$\\pm$0.099 k\n$f_{res}$: 5.834416$\\pm$1.6e-05 GHz",
    "fit_result": {
        "hanger_func_complex_SI": {
            "success": true,
            "message": "Fit succeeded.",
            "params": {
                "fr": {
                    "name": "fr",
                    "user_data": null,
                    "init_value": 5835050251.256282,
                    "min": 5825000000.0,
                    "max": 5845000000.0,
                    "brute_step": null,
                    "stderr": 16499.50551392387,
                    "correl": {
                        "Ql": 0.0001835956183956865,
                        "Qe": 0.06653112870120896,
                        "A": 0.22070994733689953,
                        "theta": -0.7713111519298537,
                        "phi_v": -0.205869888670049,
                        "phi_0": 0.20559345838548146,
                        "alpha": 0.29566755969267633
                    },
                    "value": 5834415662.879996
                },
                "Ql": {
                    "name": "Ql",
                    "user_data": null,
                    "init_value": 1314.505830765349,
                    "min": 29.175251256281413,
                    "max": 58058.750000035994,
                    "brute_step": null,
                    "stderr": 91.6772898399328,
                    "correl": {
                        "fr": 0.0001835956183956865,
                        "Qe": 0.7713723498974927,
                        "A": -0.27750502410964045,
                        "theta": 0.06623004194316082,
                        "phi_v": 0.29467932995670537,
                        "phi_0": -0.2948923632323092,
                        "alpha": 0.20459403153033082
                    },
                    "value": 4025.884553874764
                },
                "Qe": {
                    "name": "Qe",
                    "user_data": null,
                    "init_value": 1288.4760123343517,
                    "min": 0,
                    "max": Infinity,
                    "brute_step": null,
                    "stderr": 57.011754633400514,
                    "correl": {
                        "fr": 0.06653112870120896,
                        "Ql": 0.7713723498974927,
                        "A": -0.11669130115515149,
                        "theta": -9.054718222490659e-05,
                        "phi_v": 0.36193829279838885,
                        "phi_0": -0.3622351911548085,
                        "alpha": 0.3052013498919512
                    },
                    "value": 3286.9208776283476
                },
                "A": {
                    "name": "A",
                    "user_data": null,
                    "init_value": 0.16762994421583421,
                    "min": 0,
                    "max": Infinity,
                    "brute_step": null,
                    "stderr": 0.0008024938416482799,
                    "correl": {
                        "fr": 0.22070994733689953,
                        "Ql": -0.27750502410964045,
                        "Qe": -0.11669130115515149,
                        "theta": -0.30711064430750573,
                        "phi_v": -0.130536885332578,
                        "phi_0": 0.1305372485043516,
                        "alpha": 0.01627600220906977
                    },
                    "value": 0.17583318036930984
                },
                "theta": {
                    "name": "theta",
                    "user_data": null,
                    "init_value": 0,
                    "min": -1.5707963267948966,
                    "max": 1.5707963267948966,
                    "brute_step": null,
                    "stderr": 0.017342588265433095,
                    "correl": {
                        "fr": -0.7713111519298537,
                        "Ql": 0.06623004194316082,
                        "Qe": -9.054718222490659e-05,
                        "A": -0.30711064430750573,
                        "phi_v": 0.3070206053127032,
                        "phi_0": -0.30690019047323824,
                        "alpha": -0.36338629214721185
                    },
                    "value": 0.708523308836611
                },
                "phi_v": {
                    "name": "phi_v",
                    "user_data": null,
                    "init_value": -1.1051055808298872e-07,
                    "min": -Infinity,
                    "max": Infinity,
                    "brute_step": null,
                    "stderr": 7.97421439552112e-10,
                    "correl": {
                        "fr": -0.205869888670049,
                        "Ql": 0.29467932995670537,
                        "Qe": 0.36193829279838885,
                        "A": -0.130536885332578,
                        "theta": 0.3070206053127032,
                        "phi_0": -0.9999995184575464,
                        "alpha": -0.005368233136404005
                    },
                    "value": -9.424362091650423e-08
                },
                "phi_0": {
                    "name": "phi_0",
                    "user_data": null,
                    "init_value": 643.5577358469345,
                    "min": -Infinity,
                    "max": Infinity,
                    "brute_step": null,
                    "stderr": 4.652567863642871,
                    "correl": {
                        "fr": 0.20559345838548146,
                        "Ql": -0.2948923632323092,
                        "Qe": -0.3622351911548085,
                        "A": 0.1305372485043516,
                        "theta": -0.30690019047323824,
                        "phi_v": -0.9999995184575464,
                        "alpha": 0.005235337130678376
                    },
                    "value": 548.8589009159608
                },
                "alpha": {
                    "name": "alpha",
                    "user_data": null,
                    "init_value": 0,
                    "min": -1,
                    "max": 1,
                    "brute_step": null,
                    "stderr": 5.362456515269653,
                    "correl": {
                        "fr": 0.29566755969267633,
                        "Ql": 0.20459403153033082,
                        "Qe": 0.3052013498919512,
                        "A": 0.01627600220906977,
                        "theta": -0.36338629214721185,
                        "phi_v": -0.005368233136404005,
                        "phi_0": 0.005235337130678376
                    },
                    "value": 0.9998531944780531
                },
                "Qi": {
                    "name": "Qi",
                    "user_data": null,
                    "init_value": -65068.03862288427,
                    "min": -Infinity,
                    "max": Infinity,
                    "brute_step": null,
                    "stderr": 15634.22182579754,
                    "correl": null,
                    "value": 57540.83625911181
                },
                "Qc": {
                    "name": "Qc",
                    "user_data": null,
                    "init_value": 1288.4760123343517,