{
    "fit_success": true,
    "Qi": {
        "__dtype__": "UFloat",
        "nominal_value": 17392.071030265593,
        "std_dev": 339.9015542204642
    },
    "Qe": {
        "__dtype__": "UFloat",
        "nominal_value": 3129.193947279435,
        "std_dev": 11.871586120896188
    },
    "Ql": {
        "__dtype__": "UFloat",
        "nominal_value": 2705.4423981523696,
        "std_dev": 13.413203837811988
    },
    "Qc": {
        "__dtype__": "UFloat",
        "nominal_value": 3203.815357193227,
        "std_dev": 12.443929115413715
    },
    "fr": {
        "__dtype__": "UFloat",
        "nominal_value": 6007969089.903649,
        "std_dev": 5506.066202252978
    },
    "fit_msg": "Summary\n$Q_I$: 17.39$\\pm$0.34 k\n$Q_C$: 3.204$\\pm$0.012 k\n$f_{res}$: 6.0079691$\\pm$5.5e-06 GHz",
    "fit_result": {
        "hanger_func_complex_SI": {
            "success": true,
            "message": "Fit succeeded.",
            "params": {
                "fr": {
                    "name": "fr",
                    "user_data": null,
                    "init_value": 6008165829.145729,
                    "min": 5995000000.0,
                    "max": 6015000000.0,
                    "brute_step": null,
                    "stderr": 5506.066202252978,
                    "correl": {
                        "Ql": 0.0002528827328374398,
                        "Qe": 0.0021286902394907566,
                        "A": 0.0015340150965723882,
                        "theta": -0.8212183790768173,
                        "phi_v": -0.29893155254266673,
                        "phi_0": 0.2985489567286409,
                        "alpha": 0.3320879071702993
                    },
                    "value": 6007969089.903649
                },
                "Ql": {
                    "name": "Ql",
                    "user_data": null,
                    "init_value": 1353.5048841981788,
                    "min": 30.040829145728647,
                    "max": 59781.250000037064,
                    "brute_step": null,
                    "stderr": 13.413203837811988,
                    "correl": {
                        "fr": 0.0002528827328374398,
                        "Qe": 0.8211396148030968,
                        "A": -0.49777549810737126,
                        "theta": 0.001580383814833871,
                        "phi_v": 0.330268231270075,
                        "phi_0": -0.33048328981424,
                        "alpha": 0.2972381398451418
                    },
                    "value": 2705.4423981523696
                },
                "Qe": {
                    "name": "Qe",
                    "user_data": null,
                    "init_value": 1326.7028072833632,
                    "min": 0,
                    "max": Infinity,
                    "brute_step": null,
                    "stderr": 11.871586120896188,
                    "correl": {
                        "fr": 0.0021286902394907566,
                        "Ql": 0.8211396148030968,
                        "A": -0.45246994481018205,
                        "theta": -0.00029415161548510747,
                        "phi_v": 0.4272356691424209,
                        "phi_0": -0.4275056793938185,
                        "alpha": 0.300022375116857
                    },
                    "value": 3129.193947279435
                },
                "A": {
                    "name": "A",
                    "user_data": null,
                    "init_value": 0.00790672195112093,
                    "min": 0,
                    "max": Infinity,
                    "brute_step": null,
                    "stderr": 8.979982210482366e-06,
                    "correl": {
                        "fr": 0.0015340150965723882,
                        "Ql": -0.49777549810737126,
                        "Qe": -0.45246994481018205,
                        "theta": 0.0042026332860804596,
                        "phi_v": -0.18319803286188116,
                        "phi_0": 0.18331857083196298,
                        "alpha": -0.5538677367370689
                    },
                    "value": 0.008693604849034253
                },
                "theta": {
                    "name": "theta",
                    "user_data": null,
                    "init_value": 0,
                    "min": -1.5707963267948966,
                    "max": 1.5707963267948966,
                    "brute_step": null,
                    "stderr": 0.0037948721374230433,
                    "correl": {
                        "fr": -0.8212183790768173,
                        "Ql": 0.001580383814833871,
                        "Qe": -0.00029415161548510747,
                        "A": 0.0042026332860804596,
                        "phi_v": 0.30208891861163656,
                        "phi_0": -0.3017603056077728,
                        "alpha": -0.4291678208920411
                    },
                    "value": 0.21625171033933155
                },
                "phi_v": {
                    "name": "phi_v",
                    "user_data": null,
                    "init_value": -1.243213022597398e-07,
                    "min": -Infinity,
                    "max": Infinity,
                    "brute_step": null,
                    "stderr": 1.4964090579758317e-10,
                    "correl": {
                        "fr": -0.29893155254266673,
                        "Ql": 0.330268231270075,
                        "Qe": 0.4272356691424209,
                        "A": -0.18319803286188116,
                        "theta": 0.30208891861163656,
                        "phi_0": -0.99999954167466,
                        "alpha": -0.00481306613023102
                    },
                    "value": -7.649815975373525e-08
                },
                "phi_0": {
                    "name": "phi_0",
                    "user_data": null,
                    "init_value": 745.9975309008111,
                    "min": -Infinity,
                    "max": Infinity,
                    "brute_step": null,
                    "stderr": 0.8984652573641656,
                    "correl": {
                        "fr": 0.2985489567286409,
                        "Ql": -0.33048328981424,
                        "Qe": -0.4275056793938185,
                        "A": 0.18331857083196298,
                        "theta": -0.3017603056077728,
                        "phi_v": -0.99999954167466,
                        "alpha": 0.004599265011934726
                    },
                    "value": 459.3672028755264
                },
                "alpha": {
                    "name": "alpha",
                    "user_data": null,
                    "init_value": 0,
                    "min": -1,
                    "max": 1,
                    "brute_step": null,
                    "stderr": 1.0688818661564927,
                    "correl": {
                        "fr": 0.3320879071702993,
                        "Ql": 0.2972381398451418,
                        "Qe": 0.300022375116857,
                        "A": -0.5538677367370689,
                        "theta": -0.4291678208920411,
                        "phi_v": -0.00481306613023102,
                        "phi_0": 0.004599265011934726
                    },
                    "value": -0.9999651961097727
                },
                "Qi": {
                    "name": "Qi",
                    "user_data": null,
                    "init_value": -66998.49176780936,
                    "min": -Infinity,
                    "max": Infinity,
                    "brute_step": null,
                    "stderr": 339.9015542204642,
                    "correl": null,
                    "value": 17392.071030265593
                },
                "Qc": {
                    "name": "Qc",
                    "user_data": null,
                    "init_value": 1326.7028072833632,