{
    "fit_success": true,
    "frequency_01": {
        "__dtype__": "UFloat",
        "nominal_value": 3840148173.7703247,
        "std_dev": 910135.1001407715
    },
    "fit_msg": "Summary\nFrequency 0-1: 3.84015$\\pm$0.00091 GHz\nPeak width: 41.8$\\pm$8.0 MHz\n",
    "fit_result": {
        "Lorentzian_peak": {
            "success": true,
            "message": "Fit succeeded.",
            "params": {
                "x0": {
                    "name": "x0",
                    "user_data": null,
                    "init_value": 3836552016.2303386,
                    "min": -Infinity,
                    "max": Infinity,
                    "brute_step": null,
                    "stderr": 910135.1001407715,
                    "correl": {
                        "width": 0.032688674495822,
                        "a": 0.03875159585506504,
                        "c": -0.04254414245833849
                    },
                    "value": 3840148173.7703247
                },
                "width": {
                    "name": "width",
                    "user_data": null,
                    "init_value": 8040302.522073026,
                    "min": -Infinity,
                    "max": Infinity,
                    "brute_step": null,
                    "stderr": 7981035.554566434,
                    "correl": {
                        "x0": 0.032688674495822,
                        "a": 0.9705327873045821,
                        "c": -0.938091279707586
                    },
                    "value": 41816550.55461944
                },
                "a": {
                    "name": "a",
                    "user_data": null,
                    "init_value": 7154.229077241765,
                    "min": -Infinity,
                    "max": Infinity,
                    "brute_step": null,
                    "stderr": 6486.003500699366,
                    "correl": {
                        "x0": 0.03875159585506504,
                        "width": 0.9705327873045821,
                        "c": -0.9877679060199053
                    },
                    "value": 21621.570969297936
                },
                "c": {
                    "name": "c",
                    "user_data": null,
                    "init_value": 0.0010513386430920234,
                    "min": -Infinity,
                    "max": Infinity,
                    "brute_step": null,
                    "stderr": 7.087219105161726e-05,
                    "correl": {
                        "x0": -0.04254414245833849,
                        "width": -0.938091279707586,
                        "a": -0.9877679060199053
                    },
                    "value": 0.0007368154552287172
                }
            }
        }
    }
}