{
    "fit_success": true,
    "Qi": {
        "__dtype__": "UFloat",
        "nominal_value": 416.24667277319173,
        "std_dev": 3470.1994015788064
    },
    "Qe": {
        "__dtype__": "UFloat",
        "nominal_value": 25260.475232716366,
        "std_dev": 496561.91575994634
    },
    "Ql": {
        "__dtype__": "UFloat",
        "nominal_value": 409.66323861219337,
        "std_dev": 3487.8434980181323
    },
    "Qc": {
        "__dtype__": "UFloat",
        "nominal_value": 25901.521282010628,
        "std_dev": 521968.46976939676
    },
    "fr": {
        "__dtype__": "UFloat",
        "nominal_value": 5804901779.131782,
        "std_dev": 60407467.86315664
    },
    "fit_msg": "Summary\n$Q_I$: 4.2e+02$\\pm$3.5e+03 \n$Q_C$: 26.$\\pm$5.2e+02 k\n$f_{res}$: 5.805$\\pm$0.060 GHz",
    "fit_result": {
        "hanger_func_complex_SI": {
            "success": true,
            "message": "Fit succeeded.",
            "params": {
                "fr": {
                    "name": "fr",
                    "user_data": null,
                    "init_value": 5795000000.0,
                    "min": 5795000000.0,
                    "max": 5805000000.0,
                    "brute_step": null,
                    "stderr": 60407467.86315664,
                    "correl": {
                        "Ql": -4.107280930499059e-06,
                        "Qe": -0.4292466393469291,
                        "A": 0.49966156694611064,
                        "theta": -0.8980019123048811,
                        "phi_v": -0.9183057986375326,
                        "phi_0": 0.9175518716083375,
                        "alpha": 0.3401676824567109
                    },
                    "value": 5804901779.131782
                },
                "Ql": {
                    "name": "Ql",
                    "user_data": null,
                    "init_value": 2610.966816500435,
                    "min": 57.95,
                    "max": 115320.50000116577,
                    "brute_step": null,
                    "stderr": 3487.8434980181323,
                    "correl": {
                        "fr": -4.107280930499059e-06,
                        "Qe": 0.8976687304405961,
                        "A": -0.8500108131558601,
                        "theta": -0.4285441621755525,
                        "phi_v": 0.27429725906368485,
                        "phi_0": -0.27659815057591064,
                        "alpha": 0.8959203520836018
                    },
                    "value": 409.66323861219337
                },
                "Qe": {
                    "name": "Qe",
                    "user_data": null,
                    "init_value": 2559.2645033024064,
                    "min": 0,
                    "max": Infinity,
                    "brute_step": null,
                    "stderr": 496561.91575994634,
                    "correl": {
                        "fr": -0.4292466393469291,
                        "Ql": 0.8976687304405961,
                        "A": -0.9938269635720737,
                        "theta": 0.0007776422827719013,
                        "phi_v": 0.658899687258327,
                        "phi_0": -0.6606796707633574,
                        "alpha": 0.6767751506493985
                    },
                    "value": 25260.475232716366
                },
                "A": {
                    "name": "A",
                    "user_data": null,
                    "init_value": 0.005258465514571677,
                    "min": 0,
                    "max": Infinity,
                    "brute_step": null,
                    "stderr": 0.0010947569253987855,
                    "correl": {
                        "fr": 0.49966156694611064,
                        "Ql": -0.8500108131558601,
                        "Qe": -0.9938269635720737,
                        "theta": -0.08238527743295924,
                        "phi_v": -0.7180581495194904,
                        "phi_0": 0.719701993324349,
                        "alpha": -0.627914170916003
                    },
                    "value": 0.005327749751729893
                },
                "theta": {
                    "name": "theta",
                    "user_data": null,
                    "init_value": 0,
                    "min": -1.5707963267948966,
                    "max": 1.5707963267948966,
                    "brute_step": null,
                    "stderr": 19.63553518932725,
                    "correl": {
                        "fr": -0.8980019123048811,
                        "Ql": -0.4285441621755525,
                        "Qe": 0.0007776422827719013,
                        "A": -0.08238527743295924,
                        "phi_v": 0.7270559223193481,
                        "phi_0": -0.7253815323320815,
                        "alpha": -0.7093315117627639
                    },
                    "value": -0.222944507233783
                },
                "phi_v": {
                    "name": "phi_v",
                    "user_data": null,
                    "init_value": -1.2967929344220429e-06,
                    "min": -Infinity,
                    "max": Infinity,
                    "brute_step": null,
                    "stderr": 1.046247243444064e-08,
                    "correl": {
                        "fr": -0.9183057986375326,
                        "Ql": 0.27429725906368485,
                        "Qe": 0.658899687258327,
                        "A": -0.7180581495194904,
                        "theta": 0.7270559223193481,
                        "phi_0": -0.9999969810581676,
                        "alpha": -0.07264389011557087
                    },
                    "value": -1.293097610365003e-06
                },
                "phi_0": {
                    "name": "phi_0",
                    "user_data": null,
                    "init_value": 7516.161623327134,
                    "min": -Infinity,
                    "max": Infinity,
                    "brute_step": null,
                    "stderr": 60.596132437172784,
                    "correl": {
                        "fr": 0.9175518716083375,
                        "Ql": -0.27659815057591064,
                        "Qe": -0.6606796707633574,
                        "A": 0.719701993324349,
                        "theta": -0.7253815323320815,
                        "phi_v": -0.9999969810581676,
                        "alpha": 0.07023278688868244
                    },
                    "value": 7494.749362814641
                },
                "alpha": {
                    "name": "alpha",
                    "user_data": null,
                    "init_value": 0,
                    "min": -1,
                    "max": 1,
                    "brute_step": null,
                    "stderr": 63.82839164069254,
                    "correl": {
                        "fr": 0.3401676824567109,
                        "Ql": 0.8959203520836018,
                        "Qe": 0.6767751506493985,
                        "A": -0.627914170916003,
                        "theta": -0.7093315117627639,
                        "phi_v": -0.07264389011557087,
                        "phi_0": 0.07023278688868244
                    },
                    "value": 0.9872785724698281
                },
                "Qi": {
                    "name": "Qi",
                    "user_data": null,
                    "init_value": -129242.85741677064,
                    "min": -Infinity,
                    "max": Infinity,
                    "brute_step": null,
                    "stderr": 3470.1994015788064,
                    "correl": null,
                    "value": 416.24667277319173
                },
                "Qc": {
                    "name": "Qc",
                    "user_data": null,
                    "init_value": 2559.2645033024064,
                    "min": -Infinity,