{
    "amplitude": {
        "__dtype__": "UFloat",
        "nominal_value": 347323.32887616707,
        "std_dev": 18934.514354724542
    },
    "frequency": {
        "__dtype__": "UFloat",
        "nominal_value": 9.347138756055966,
        "std_dev": 0.30452925014994303
    },
    "shift": {
        "__dtype__": "UFloat",
        "nominal_value": 0.9965505431082429,
        "std_dev": 0.05437656993951783
    },
    "offset": {
        "__dtype__": "UFloat",
        "nominal_value": 6106833333.333334,
        "std_dev": 49888.76515699642
    },
    "offset_0": {
        "__dtype__": "UFloat",
        "nominal_value": 0.061435461553900936,
        "std_dev": 0.006152158485197503
    },
    "freq_0": 6107180656.66221,
    "fit_success": true,
    "fit_msg": "Summary:\nf_0: 6.1072 GHz\noffset_0: 61.4$\\pm$6.2 mV\n",
    "fit_result": {
        "sin": {
            "success": true,
            "message": "Fit succeeded.",
            "params": {
                "amplitude": {
                    "name": "amplitude",
                    "user_data": null,
                    "init_value": 338996.73842492176,
                    "min": 0,
                    "max": Infinity,
                    "brute_step": null,
                    "stderr": 18934.514354724542,
                    "correl": {
                        "frequency": -0.14309856657091252,
                        "shift": 0.10286009603899211
                    },
                    "value": 347323.32887616707
                },
                "frequency": {
                    "name": "frequency",
                    "user_data": null,
                    "init_value": 10.053096491487338,
                    "min": 0,
                    "max": Infinity,
                    "brute_step": null,
                    "stderr": 0.30452925014994303,
                    "correl": {
                        "amplitude": -0.14309856657091252,
                        "shift": -0.2706185381477224
                    },
                    "value": 9.347138756055966
                },
                "shift": {
                    "name": "shift",
                    "user_data": null,
                    "init_value": 1.1423973285781066,
                    "min": -6.283195307179586,
                    "max": 6.283195307179586,
                    "brute_step": null,
                    "stderr": 0.05437656993951783,
                    "correl": {
                        "amplitude": 0.10286009603899211,
                        "frequency": -0.2706185381477224
                    },
                    "value": 0.9965505431082429
                },
                "offset": {
                    "name": "offset",
                    "user_data": null,
                    "init_value": 6106833333.333334,
                    "min": -Infinity,
                    "max": Infinity,
                    "brute_step": null,
                    "stderr": 49888.76515699642,
                    "correl": null,
                    "value": 6106833333.333334
                }
            }
        }
    }
}