{
    "fit_success": true,
    "Qi": {
        "__dtype__": "UFloat",
        "nominal_value": 28497.103822799236,
        "std_dev": 1091.8263274792894
    },
    "Qe": {
        "__dtype__": "UFloat",
        "nominal_value": 3172.8112516460355,
        "std_dev": 13.315686390653706
    },
    "Ql": {
        "__dtype__": "UFloat",
        "nominal_value": 2885.271137841608,
        "std_dev": 16.657973239423136
    },
    "Qc": {
        "__dtype__": "UFloat",
        "nominal_value": 3210.3079925353813,
        "std_dev": 13.631876337671262
    },
    "fr": {
        "__dtype__": "UFloat",
        "nominal_value": 6008040385.799391,
        "std_dev": 6010.025541414052
    },
    "fit_msg": "Summary\n$Q_I$: 28.5$\\pm$1.1 k\n$Q_C$: 3.210$\\pm$0.014 k\n$f_{res}$: 6.0080404$\\pm$6.0e-06 GHz",
    "fit_result": {
        "hanger_func_complex_SI": {
            "success": true,
            "message": "Fit succeeded.",
            "params": {
                "fr": {
                    "name": "fr",
                    "user_data": null,
                    "init_value": 6008165829.145729,
                    "min": 5975000000.0,
                    "max": 6025000000.0,
                    "brute_step": null,
                    "stderr": 6010.025541414052,
                    "correl": {
                        "Ql": 0.00023490016545599232,
                        "Qe": -0.004143298150041814,
                        "A": -0.025579454636317344,
                        "theta": -0.7548409653374879,
                        "phi_v": -0.1782041526804366,
                        "phi_0": 0.17761069868131987,
                        "alpha": -0.22004144890349367
                    },
                    "value": 6008040385.799391
                },
                "Ql": {
                    "name": "Ql",
                    "user_data": null,
                    "init_value": 541.4019536797853,
                    "min": 12.016331658291458,
                    "max": 23912.500000060205,
                    "brute_step": null,
                    "stderr": 16.657973239423136,
                    "correl": {
                        "fr": 0.00023490016545599232,
                        "Qe": 0.7549274046250678,
                        "A": -0.30386336481635745,
                        "theta": -0.004542839987621186,
                        "phi_v": 0.21976405243844854,
                        "phi_0": -0.22001386754554011,
                        "alpha": -0.17768614802126795
                    },
                    "value": 2885.271137841608
                },
                "Qe": {
                    "name": "Qe",
                    "user_data": null,
                    "init_value": 530.6811229138489,
                    "min": 0,
                    "max": Infinity,
                    "brute_step": null,
                    "stderr": 13.315686390653706,
                    "correl": {
                        "fr": -0.004143298150041814,
                        "Ql": 0.7549274046250678,
                        "A": -0.2511969683112176,
                        "theta": -0.00015483945852131823,
                        "phi_v": 0.3014669319023144,
                        "phi_0": -0.30179871528480257,
                        "alpha": -0.16309829386824018
                    },
                    "value": 3172.8112516460355
                },
                "A": {
                    "name": "A",
                    "user_data": null,
                    "init_value": 0.010270251712999867,
                    "min": 0,
                    "max": Infinity,
                    "brute_step": null,
                    "stderr": 8.237608471904707e-06,
                    "correl": {
                        "fr": -0.025579454636317344,
                        "Ql": -0.30386336481635745,
                        "Qe": -0.2511969683112176,
                        "theta": 0.03903925833374146,
                        "phi_v": -0.06299751840565011,
                        "phi_0": 0.06310074689161004,
                        "alpha": 0.5227041744309857
                    },
                    "value": 0.010681921805963723
                },
                "theta": {
                    "name": "theta",
                    "user_data": null,
                    "init_value": 0,
                    "min": -1.5707963267948966,
                    "max": 1.5707963267948966,
                    "brute_step": null,
                    "stderr": 0.0041956775765360005,
                    "correl": {
                        "fr": -0.7548409653374879,
                        "Ql": -0.004542839987621186,
                        "Qe": -0.00015483945852131823,
                        "A": 0.03903925833374146,
                        "phi_v": 0.16406423659398736,
                        "phi_0": -0.16359659912571162,
                        "alpha": 0.30150952245176715
                    },
                    "value": 0.15298964397028048
                },
                "phi_v": {
                    "name": "phi_v",
                    "user_data": null,
                    "init_value": -8.432315185787007e-08,
                    "min": -Infinity,
                    "max": Infinity,
                    "brute_step": null,
                    "stderr": 4.5840412673622324e-11,
                    "correl": {
                        "fr": -0.1782041526804366,
                        "Ql": 0.21976405243844854,
                        "Qe": 0.3014669319023144,
                        "A": -0.06299751840565011,
                        "theta": 0.16406423659398736,
                        "phi_0": -0.9999971417378315,
                        "alpha": 0.004079013881342955
                    },
                    "value": -7.116350598625244e-08
                },
                "phi_0": {
                    "name": "phi_0",
                    "user_data": null,
                    "init_value": 503.7185497863201,
                    "min": -Infinity,
                    "max": Infinity,
                    "brute_step": null,
                    "stderr": 0.2750096514875915,
                    "correl": {
                        "fr": 0.17761069868131987,
                        "Ql": -0.22001386754554011,
                        "Qe": -0.30179871528480257,
                        "A": 0.06310074689161004,
                        "theta": -0.16359659912571162,
                        "phi_v": -0.9999971417378315,
                        "alpha": -0.003888139860075483
                    },
                    "value": 425.10842751534244
                },
                "alpha": {
                    "name": "alpha",
                    "user_data": null,
                    "init_value": 0,
                    "min": -1,
                    "max": 1,
                    "brute_step": null,
                    "stderr": 0.33649995451008374,
                    "correl": {
                        "fr": -0.22004144890349367,
                        "Ql": -0.17768614802126795,
                        "Qe": -0.16309829386824018,
                        "A": 0.5227041744309857,
                        "theta": 0.30150952245176715,
                        "phi_v": 0.004079013881342955,
                        "phi_0": -0.003888139860075483
                    },
                    "value": 0.9999976263784704
                },
                "Qi": {
                    "name": "Qi",
                    "user_data": null,
                    "init_value": -26799.396707149328,
                    "min": -Infinity,
                    "max": Infinity,
                    "brute_step": null,
                    "stderr": 1091.8263274792894,
                    "correl": null,
                    "value": 28497.103822799236
                },
                "Qc": {
                    "name": "Qc",
                    "user_data": null,