{
    "amplitude": {
        "__dtype__": "UFloat",
        "nominal_value": 893020.3419058461,
        "std_dev": 18180.89041272919
    },
    "frequency": {
        "__dtype__": "UFloat",
        "nominal_value": 10.241530153797074,
        "std_dev": 0.11894790467244495
    },
    "shift": {
        "__dtype__": "UFloat",
        "nominal_value": 0.8528414216030695,
        "std_dev": 0.021173567552826778
    },
    "offset": {
        "__dtype__": "UFloat",
        "nominal_value": 5719572002.79462,
        "std_dev": 127024.05721400856
    },
    "offset_0": {
        "__dtype__": "UFloat",
        "nominal_value": 0.07010230838656892,
        "std_dev": 0.002221966616001919
    },
    "freq_0": 5720465023.136525,
    "fit_success": true,
    "fit_msg": "Summary:\nf_0: 5.7205 GHz\noffset_0: 70.1$\\pm$2.2 mV\n",
    "fit_result": {
        "sin": {
            "success": true,
            "message": "Fit succeeded.",
            "params": {
                "amplitude": {
                    "name": "amplitude",
                    "user_data": null,
                    "init_value": 893684.3436232355,
                    "min": 0,
                    "max": Infinity,
                    "brute_step": null,
                    "stderr": 18180.89041272919,
                    "correl": {
                        "frequency": -0.03259788152082286,
                        "shift": -0.008967807556705464
                    },
                    "value": 893020.3419058461
                },
                "frequency": {
                    "name": "frequency",
                    "user_data": null,
                    "init_value": 10.053096491487338,
                    "min": 0,
                    "max": Infinity,
                    "brute_step": null,
                    "stderr": 0.11894790467244495,
                    "correl": {
                        "amplitude": -0.03259788152082286,
                        "shift": -0.26801803165090704
                    },
                    "value": 10.241530153797074
                },
                "shift": {
                    "name": "shift",
                    "user_data": null,
                    "init_value": 1.1423973285781066,
                    "min": -6.283195307179586,
                    "max": 6.283195307179586,
                    "brute_step": null,
                    "stderr": 0.021173567552826778,
                    "correl": {
                        "amplitude": -0.008967807556705464,
                        "frequency": -0.26801803165090704
                    },
                    "value": 0.8528414216030695
                },
                "offset": {
                    "name": "offset",
                    "user_data": null,
                    "init_value": 5719572002.79462,
                    "min": -Infinity,
                    "max": Infinity,
                    "brute_step": null,
                    "stderr": 127024.05721400856,
                    "correl": null,
                    "value": 5719572002.79462
                }
            }
        }
    }
}