{
    "fit_success": true,
    "Qi": {
        "__dtype__": "UFloat",
        "nominal_value": 13843.310779993379,
        "std_dev": 1005.6132323707411
    },
    "Qe": {
        "__dtype__": "UFloat",
        "nominal_value": 2201.466404812218,
        "std_dev": 27.55195739404857
    },
    "Ql": {
        "__dtype__": "UFloat",
        "nominal_value": 1913.0146574402181,
        "std_dev": 31.856483252980123
    },
    "Qc": {
        "__dtype__": "UFloat",
        "nominal_value": 2219.7652227227445,
        "std_dev": 28.010023879736735
    },
    "fr": {
        "__dtype__": "UFloat",
        "nominal_value": 6106711239.60894,
        "std_dev": 26585.127014343674
    },
    "fit_msg": "Summary\n$Q_I$: 13.8$\\pm$1.0 k\n$Q_C$: 2.220$\\pm$0.028 k\n$f_{res}$: 6.106711$\\pm$2.7e-05 GHz",
    "fit_result": {
        "hanger_func_complex_SI": {
            "success": true,
            "message": "Fit succeeded.",
            "params": {
                "fr": {
                    "name": "fr",
                    "user_data": null,
                    "init_value": 6106859296.482412,
                    "min": 6085000000.0,
                    "max": 6115000000.0,
                    "brute_step": null,
                    "stderr": 26585.127014343674,
                    "correl": {
                        "Ql": 0.0005048341531180306,
                        "Qe": -0.00829706631675754,
                        "A": -0.01415065702576305,
                        "theta": -0.8219470932557581,
                        "phi_v": -0.36065079677128253,
                        "phi_0": 0.36011887110261337,
                        "alpha": 0.2699270153247939
                    },
                    "value": 6106711239.60894
                },
                "Ql": {
                    "name": "Ql",
                    "user_data": null,
                    "init_value": 917.1588712167003,
                    "min": 20.356197654941376,
                    "max": 40508.833333486575,
                    "brute_step": null,
                    "stderr": 31.856483252980123,
                    "correl": {
                        "fr": 0.0005048341531180306,
                        "Qe": 0.8218602608390522,
                        "A": -0.5203735187559033,
                        "theta": -0.009382767457193502,
                        "phi_v": 0.26757118092219917,
                        "phi_0": -0.2679225705587951,
                        "alpha": 0.3594510381157829
                    },
                    "value": 1913.0146574402181
                },
                "Qe": {
                    "name": "Qe",
                    "user_data": null,
                    "init_value": 898.997309410429,
                    "min": 0,
                    "max": Infinity,
                    "brute_step": null,
                    "stderr": 27.55195739404857,
                    "correl": {
                        "fr": -0.00829706631675754,
                        "Ql": 0.8218602608390522,
                        "A": -0.4681846055214776,
                        "theta": -0.0005692671268518905,
                        "phi_v": 0.3537253588018822,
                        "phi_0": -0.35415798744089666,
                        "alpha": 0.33567687237883936
                    },
                    "value": 2201.466404812218
                },
                "A": {
                    "name": "A",
                    "user_data": null,
                    "init_value": 0.007313860905776921,
                    "min": 0,
                    "max": Infinity,
                    "brute_step": null,
                    "stderr": 3.1592553800141574e-05,
                    "correl": {
                        "fr": -0.01415065702576305,
                        "Ql": -0.5203735187559033,
                        "Qe": -0.4681846055214776,
                        "theta": 0.03274854383937168,
                        "phi_v": -0.14142879863364843,
                        "phi_0": 0.14164002999908298,
                        "alpha": -0.6995730303631658
                    },
                    "value": 0.00802815095768361
                },
                "theta": {
                    "name": "theta",
                    "user_data": null,
                    "init_value": 0,
                    "min": -1.5707963267948966,
                    "max": 1.5707963267948966,
                    "brute_step": null,
                    "stderr": 0.012519647645082324,
                    "correl": {
                        "fr": -0.8219470932557581,
                        "Ql": -0.009382767457193502,
                        "Qe": -0.0005692671268518905,
                        "A": 0.03274854383937168,
                        "phi_v": 0.33717746009609323,
                        "phi_0": -0.3367144335889064,
                        "alpha": -0.356164677743996
                    },
                    "value": 0.12849072844468812
                },
                "phi_v": {
                    "name": "phi_v",
                    "user_data": null,
                    "init_value": -1.0589920735455011e-07,
                    "min": -Infinity,
                    "max": Infinity,
                    "brute_step": null,
                    "stderr": 3.2825223814367847e-10,
                    "correl": {
                        "fr": -0.36065079677128253,
                        "Ql": 0.26757118092219917,
                        "Qe": 0.3537253588018822,
                        "A": -0.14142879863364843,
                        "theta": 0.33717746009609323,
                        "phi_0": -0.9999990087881875,
                        "alpha": -0.0045901488668866446
                    },
                    "value": -7.024424103364916e-08
                },
                "phi_0": {
                    "name": "phi_0",
                    "user_data": null,
                    "init_value": 642.7089878571014,
                    "min": -Infinity,
                    "max": Infinity,
                    "brute_step": null,
                    "stderr": 2.0017884904727183,
                    "correl": {
                        "fr": 0.36011887110261337,
                        "Ql": -0.2679225705587951,
                        "Qe": -0.35415798744089666,
                        "A": 0.14164002999908298,
                        "theta": -0.3367144335889064,
                        "phi_v": -0.9999990087881875,
                        "alpha": 0.004291924222691131
                    },
                    "value": 425.82239098800403
                },
                "alpha": {
                    "name": "alpha",
                    "user_data": null,
                    "init_value": 0,
                    "min": -1,
                    "max": 1,
                    "brute_step": null,
                    "stderr": 1.5713120922989194,
                    "correl": {
                        "fr": 0.2699270153247939,
                        "Ql": 0.3594510381157829,
                        "Qe": 0.33567687237883936,
                        "A": -0.6995730303631658,
                        "theta": -0.356164677743996,
                        "phi_v": -0.0045901488668866446,
                        "phi_0": 0.004291924222691131
                    },
                    "value": -0.999990546843192
                },
                "Qi": {
                    "name": "Qi",
                    "user_data": null,
                    "init_value": -45399.36412522679,
                    "min": -Infinity,
                    "max": Infinity,
                    "brute_step": null,
                    "stderr": 1005.6132323707411,
                    "correl": null,
                    "value": 13843.310779993379
                },
                "Qc": {
                    "name": "Qc",
                    "user_data": null,
                    "init_value": 898.997309410429,