{
    "fit_success": true,
    "Qi": {
        "__dtype__": "UFloat",
        "nominal_value": 25793.89931882722,
        "std_dev": 3433.7808929660832
    },
    "Qe": {
        "__dtype__": "UFloat",
        "nominal_value": 2693.7928925118554,
        "std_dev": 39.41436462488569
    },
    "Ql": {
        "__dtype__": "UFloat",
        "nominal_value": 3210.571648981527,
        "std_dev": 64.03293222709738
    },
    "Qc": {
        "__dtype__": "UFloat",
        "nominal_value": 3667.004397243307,
        "std_dev": 73.03987484716431
    },
    "fr": {
        "__dtype__": "UFloat",
        "nominal_value": 5837640821.997342,
        "std_dev": 18134.52895305001
    },
    "fit_msg": "Summary\n$Q_I$: 25.8$\\pm$3.4 k\n$Q_C$: 3.667$\\pm$0.073 k\n$f_{res}$: 5.837641$\\pm$1.8e-05 GHz",
    "fit_result": {
        "hanger_func_complex_SI": {
            "success": true,
            "message": "Fit succeeded.",
            "params": {
                "fr": {
                    "name": "fr",
                    "user_data": null,
                    "init_value": 5838366834.170855,
                    "min": 5815000000.0,
                    "max": 5845000000.0,
                    "brute_step": null,
                    "stderr": 18134.52895305001,
                    "correl": {
                        "Ql": 9.940061953963729e-05,
                        "Qe": 0.08264353895857596,
                        "A": 0.2269028919094187,
                        "theta": -0.7601750168249186,
                        "phi_v": -0.3520097559312132,
                        "phi_0": 0.35182614196999423,
                        "alpha": -0.02179385342350803
                    },
                    "value": 5837640821.997342
                },
                "Ql": {
                    "name": "Ql",
                    "user_data": null,
                    "init_value": 876.835321629484,
                    "min": 19.461222780569514,
                    "max": 38727.83333347984,
                    "brute_step": null,
                    "stderr": 64.03293222709738,
                    "correl": {
                        "fr": 9.940061953963729e-05,
                        "Qe": 0.7600980699963324,
                        "A": -0.344328691186557,
                        "theta": 0.08247241508903037,
                        "phi_v": -0.022867530700912308,
                        "phi_0": 0.02240567029227713,
                        "alpha": 0.3518449667735694
                    },
                    "value": 3210.571648981527
                },
                "Qe": {
                    "name": "Qe",
                    "user_data": null,
                    "init_value": 859.4722459536526,
                    "min": 0,
                    "max": Infinity,
                    "brute_step": null,
                    "stderr": 39.41436462488569,
                    "correl": {
                        "fr": 0.08264353895857596,
                        "Ql": 0.7600980699963324,
                        "A": -0.16061995791313,
                        "theta": -8.689192228519432e-05,
                        "phi_v": -0.07775645840587199,
                        "phi_0": 0.07714247530089302,
                        "alpha": 0.270370372244177
                    },
                    "value": 2693.7928925118554
                },
                "A": {
                    "name": "A",
                    "user_data": null,
                    "init_value": 0.007090468526122904,
                    "min": 0,
                    "max": Infinity,
                    "brute_step": null,
                    "stderr": 3.7543127993727836e-05,
                    "correl": {
                        "fr": 0.2269028919094187,
                        "Ql": -0.344328691186557,
                        "Qe": -0.16061995791313,
                        "theta": -0.3382184935265583,
                        "phi_v": -0.07213977912518955,
                        "phi_0": 0.07227082008096566,
                        "alpha": -0.7373966772638019
                    },
                    "value": 0.007161420568237098
                },
                "theta": {
                    "name": "theta",
                    "user_data": null,
                    "init_value": 0,
                    "min": -1.5707963267948966,
                    "max": 1.5707963267948966,
                    "brute_step": null,
                    "stderr": 0.014633733758705149,
                    "correl": {
                        "fr": -0.7601750168249186,
                        "Ql": 0.08247241508903037,
                        "Qe": -8.689192228519432e-05,
                        "A": -0.3382184935265583,
                        "phi_v": 0.2705025183051827,
                        "phi_0": -0.2705886059898911,
                        "alpha": 0.07710563781939107
                    },
                    "value": 0.7457147625449858
                },
                "phi_v": {
                    "name": "phi_v",
                    "user_data": null,
                    "init_value": -9.852691697764296e-08,
                    "min": -Infinity,
                    "max": Infinity,
                    "brute_step": null,
                    "stderr": 4.1375547553666933e-10,
                    "correl": {
                        "fr": -0.3520097559312132,
                        "Ql": -0.022867530700912308,
                        "Qe": -0.07775645840587199,
                        "A": -0.07213977912518955,
                        "theta": 0.2705025183051827,
                        "phi_0": -0.9999989203739578,
                        "alpha": -0.003975843902367581
                    },
                    "value": -7.113183659751111e-08
                },
                "phi_0": {
                    "name": "phi_0",
                    "user_data": null,
                    "init_value": 571.2772882552581,
                    "min": -Infinity,
                    "max": Infinity,
                    "brute_step": null,
                    "stderr": 2.4114923192802387,
                    "correl": {
                        "fr": 0.35182614196999423,
                        "Ql": 0.02240567029227713,
                        "Qe": 0.07714247530089302,
                        "A": 0.07227082008096566,
                        "theta": -0.2705886059898911,
                        "phi_v": -0.9999989203739578,
                        "alpha": 0.0038006769000670246
                    },
                    "value": 412.0483096242048
                },
                "alpha": {
                    "name": "alpha",
                    "user_data": null,
                    "init_value": 0,
                    "min": -1,
                    "max": 1,
                    "brute_step": null,
                    "stderr": 1.4883312720029764,
                    "correl": {
                        "fr": -0.02179385342350803,
                        "Ql": 0.3518449667735694,
                        "Qe": 0.270370372244177,
                        "A": -0.7373966772638019,
                        "theta": 0.07710563781939107,
                        "phi_v": -0.003975843902367581,
                        "phi_0": 0.0038006769000670246
                    },
                    "value": 0.9998885618372628
                },
                "Qi": {
                    "name": "Qi",
                    "user_data": null,
                    "init_value": -43403.348420659444,
                    "min": -Infinity,
                    "max": Infinity,
                    "brute_step": null,
                    "stderr": 3433.7808929660832,
                    "correl": null,
                    "value": 25793.89931882722
                },
                "Qc": {
                    "name": "Qc",
                    "user_data": null,
                    "init_value": 859.4722459536526,