{
    "fit_success": true,
    "Qi": {
        "__dtype__": "UFloat",
        "nominal_value": 494.61607748906584,
        "std_dev": 39.71851695398659
    },
    "Qe": {
        "__dtype__": "UFloat",
        "nominal_value": 801.0302799396634,
        "std_dev": 168.84511064115435
    },
    "Ql": {
        "__dtype__": "UFloat",
        "nominal_value": 309.62523746559066,
        "std_dev": 40.492645972247736
    },
    "Qc": {
        "__dtype__": "UFloat",
        "nominal_value": 827.8551544899033,
        "std_dev": 188.2419987805261
    },
    "fr": {
        "__dtype__": "UFloat",
        "nominal_value": 5629361013.06789,
        "std_dev": 988148.9324632055
    },
    "fit_msg": "Summary\n$Q_I$: 495$\\pm$40 \n$Q_C$: 8.3e+02$\\pm$1.9e+02 \n$f_{res}$: 5.62936$\\pm$0.00099 GHz",
    "fit_result": {
        "hanger_func_complex_SI": {
            "success": true,
            "message": "Fit succeeded.",
            "params": {
                "fr": {
                    "name": "fr",
                    "user_data": null,
                    "init_value": 5626000000.0,
                    "min": 5626000000.0,
                    "max": 5646000000.0,
                    "brute_step": null,
                    "stderr": 988148.9324632055,
                    "correl": {
                        "Ql": 0.4192153610043834,
                        "Qe": 0.37256578374310323,
                        "A": -0.6943536196443845,
                        "theta": -0.980993310205663,
                        "phi_v": 0.9113722213479514,
                        "phi_0": -0.9115723012401836,
                        "alpha": 0.08357162374561675
                    },
                    "value": 5629361013.06789
                },
                "Ql": {
                    "name": "Ql",
                    "user_data": null,
                    "init_value": 1267.4115021192194,
                    "min": 28.130000000000003,
                    "max": 55978.7000000347,
                    "brute_step": null,
                    "stderr": 40.492645972247736,
                    "correl": {
                        "fr": 0.4192153610043834,
                        "Qe": 0.991773152595172,
                        "A": -0.9075358500093831,
                        "theta": -0.28338203753412805,
                        "phi_v": 0.4267691486742365,
                        "phi_0": -0.4244826418424843,
                        "alpha": 0.8581644058655374
                    },
                    "value": 309.62523746559066
                },
                "Qe": {
                    "name": "Qe",
                    "user_data": null,
                    "init_value": 1242.314244651512,
                    "min": 0,
                    "max": Infinity,
                    "brute_step": null,
                    "stderr": 168.84511064115435,
                    "correl": {
                        "fr": 0.37256578374310323,
                        "Ql": 0.991773152595172,
                        "A": -0.9061662183960569,
                        "theta": -0.23587730372823995,
                        "phi_v": 0.38448187908489323,
                        "phi_0": -0.38209534965278014,
                        "alpha": 0.9069238803187769
                    },
                    "value": 801.0302799396634
                },
                "A": {
                    "name": "A",
                    "user_data": null,
                    "init_value": 0.3079208755761872,
                    "min": 0,
                    "max": Infinity,
                    "brute_step": null,
                    "stderr": 0.022228829343989287,
                    "correl": {
                        "fr": -0.6943536196443845,
                        "Ql": -0.9075358500093831,
                        "Qe": -0.9061662183960569,
                        "theta": 0.6006846638408161,
                        "phi_v": -0.7044944825155158,
                        "phi_0": 0.7027649450815834,
                        "alpha": -0.7570659247790525
                    },
                    "value": 0.3799567286823624
                },
                "theta": {
                    "name": "theta",
                    "user_data": null,
                    "init_value": 0,
                    "min": -1.5707963267948966,
                    "max": 1.5707963267948966,
                    "brute_step": null,
                    "stderr": 0.18777663578605608,
                    "correl": {
                        "fr": -0.980993310205663,
                        "Ql": -0.28338203753412805,
                        "Qe": -0.23587730372823995,
                        "A": 0.6006846638408161,
                        "phi_v": -0.9330191294903345,
                        "phi_0": 0.9335794340429487,
                        "alpha": 0.04477982662359578
                    },
                    "value": -0.2552621347886548
                },
                "phi_v": {
                    "name": "phi_v",
                    "user_data": null,
                    "init_value": -1.362996170055483e-07,
                    "min": -Infinity,
                    "max": Infinity,
                    "brute_step": null,
                    "stderr": 2.3703566747575425e-09,
                    "correl": {
                        "fr": 0.9113722213479514,
                        "Ql": 0.4267691486742365,
                        "Qe": 0.38448187908489323,
                        "A": -0.7044944825155158,
                        "theta": -0.9330191294903345,
                        "phi_0": -0.999996403313489,
                        "alpha": 0.1223496769916728
                    },
                    "value": -1.4316807422172652e-07
                },
                "phi_0": {
                    "name": "phi_0",
                    "user_data": null,
                    "init_value": 763.7389753292473,
                    "min": -Infinity,
                    "max": Infinity,
                    "brute_step": null,
                    "stderr": 13.377003566558624,
                    "correl": {
                        "fr": -0.9115723012401836,
                        "Ql": -0.4244826418424843,
                        "Qe": -0.38209534965278014,
                        "A": 0.7027649450815834,
                        "theta": 0.9335794340429487,
                        "phi_v": -0.999996403313489,
                        "alpha": -0.11982855153952221
                    },
                    "value": 802.4456028535692
                },
                "alpha": {
                    "name": "alpha",
                    "user_data": null,
                    "init_value": 0,
                    "min": -1,
                    "max": 1,
                    "brute_step": null,
                    "stderr": 2385.571640051046,
                    "correl": {
                        "fr": 0.08357162374561675,
                        "Ql": 0.8581644058655374,
                        "Qe": 0.9069238803187769,
                        "A": -0.7570659247790525,
                        "theta": 0.04477982662359578,
                        "phi_v": 0.1223496769916728,
                        "phi_0": -0.11982855153952221
                    },
                    "value": -0.9999999985096883
                },
                "Qi": {
                    "name": "Qi",
                    "user_data": null,
                    "init_value": -62736.86935490087,
                    "min": -Infinity,
                    "max": Infinity,
                    "brute_step": null,
                    "stderr": 39.71851695398659,
                    "correl": null,
                    "value": 494.61607748906584
                },
                "Qc": {
                    "name": "Qc",
                    "user_data": null,
                    "init_value": 1242.314244651512,
                    "min": -Infinity,