{
    "fit_success": true,
    "frequency_01": {
        "__dtype__": "UFloat",
        "nominal_value": 4247834043.36805,
        "std_dev": 630821.8597438813
    },
    "fit_msg": "Summary\nFrequency 0-1: 4.24783$\\pm$0.00063 GHz\nPeak width: 10.5$\\pm$1.7 MHz\n",
    "fit_result": {
        "Lorentzian_peak": {
            "success": true,
            "message": "Fit succeeded.",
            "params": {
                "x0": {
                    "name": "x0",
                    "user_data": null,
                    "init_value": 4247967853.854423,
                    "min": -Infinity,
                    "max": Infinity,
                    "brute_step": null,
                    "stderr": 630821.8597438813,
                    "correl": {
                        "width": -0.005233764943821871,
                        "a": -0.0023279302776595193,
                        "c": 0.0015382636740494666
                    },
                    "value": 4247834043.36805
                },
                "width": {
                    "name": "width",
                    "user_data": null,
                    "init_value": 20100756.30518254,
                    "min": -Infinity,
                    "max": Infinity,
                    "brute_step": null,
                    "stderr": 1740263.3314200435,
                    "correl": {
                        "x0": -0.005233764943821871,
                        "a": 0.766124447849612,
                        "c": -0.41689072902526264
                    },
                    "value": 10451471.77150735
                },
                "a": {
                    "name": "a",
                    "user_data": null,
                    "init_value": 44945.23255783325,
                    "min": -Infinity,
                    "max": Infinity,
                    "brute_step": null,
                    "stderr": 994.5240168827379,
                    "correl": {
                        "x0": -0.0023279302776595193,
                        "width": 0.766124447849612,
                        "c": -0.5600925726928014
                    },
                    "value": 7699.201029524198
                },
                "c": {
                    "name": "c",
                    "user_data": null,
                    "init_value": 0.0009704981073287613,
                    "min": -Infinity,
                    "max": Infinity,
                    "brute_step": null,
                    "stderr": 1.4405019117791397e-05,
                    "correl": {
                        "x0": 0.0015382636740494666,
                        "width": -0.41689072902526264,
                        "a": -0.5600925726928014
                    },
                    "value": 0.0009055118481802148
                }
            }
        }
    }
}