{
    "a": {
        "__dtype__": "UFloat",
        "nominal_value": -8866574021.63453,
        "std_dev": 5496730707.551242
    },
    "b": {
        "__dtype__": "UFloat",
        "nominal_value": 2602970467.1532617,
        "std_dev": 1438117348.4804602
    },
    "c": {
        "__dtype__": "UFloat",
        "nominal_value": 3829204993.261893,
        "std_dev": 89468696.90322231
    },
    "fit_success": true,
    "offset_0": {
        "__dtype__": "UFloat",
        "nominal_value": 0.14678558261635147,
        "std_dev": 0.12189125431243418
    },
    "freq_0": {
        "__dtype__": "UFloat",
        "nominal_value": 4020244261.5390167,
        "std_dev": 258054223.3806154
    },
    "fit_msg": "Summary:\noffset_0: 1.5e+02$\\pm$1.2e+02 mV\nfreq_0: 4.02$\\pm$0.26 GHz\n",
    "fit_result": {
        "poly2": {
            "success": true,
            "message": "Fit succeeded.",
            "params": {
                "a": {
                    "name": "a",
                    "user_data": null,
                    "init_value": -8866574021.63453,
                    "min": -Infinity,
                    "max": Infinity,
                    "brute_step": null,
                    "stderr": 5496730707.551242,
                    "correl": {
                        "b": -0.9931994964596884,
                        "c": 0.9674415468857854
                    },
                    "value": -8866574021.63453
                },
                "b": {
                    "name": "b",
                    "user_data": null,
                    "init_value": 2602970467.1532617,
                    "min": -Infinity,
                    "max": Infinity,
                    "brute_step": null,
                    "stderr": 1438117348.4804602,
                    "correl": {
                        "a": -0.9931994964596884,
                        "c": -0.9894018228910914
                    },
                    "value": 2602970467.1532617
                },
                "c": {
                    "name": "c",
                    "user_data": null,
                    "init_value": 3829204993.261893,
                    "min": -Infinity,
                    "max": Infinity,
                    "brute_step": null,
                    "stderr": 89468696.90322231,
                    "correl": {
                        "a": 0.9674415468857854,
                        "b": -0.9894018228910914
                    },
                    "value": 3829204993.261893
                }
            }
        }
    }
}