{
    "amplitude": {
        "__dtype__": "UFloat",
        "nominal_value": 617872.7552049882,
        "std_dev": 18877.89462511876
    },
    "frequency": {
        "__dtype__": "UFloat",
        "nominal_value": 9.767978223634474,
        "std_dev": 0.1759034696027971
    },
    "shift": {
        "__dtype__": "UFloat",
        "nominal_value": 1.1981500423407088,
        "std_dev": 0.029759892102851834
    },
    "offset": {
        "__dtype__": "UFloat",
        "nominal_value": 5838193333.333334,
        "std_dev": 87269.69691709024
    },
    "offset_0": {
        "__dtype__": "UFloat",
        "nominal_value": 0.03814978657021754,
        "std_dev": 0.0031231765477886353
    },
    "freq_0": 5838811206.088539,
    "fit_success": true,
    "fit_msg": "Summary:\nf_0: 5.8388 GHz\noffset_0: 38.1$\\pm$3.1 mV\n",
    "fit_result": {
        "sin": {
            "success": true,
            "message": "Fit succeeded.",
            "params": {
                "amplitude": {
                    "name": "amplitude",
                    "user_data": null,
                    "init_value": 610435.0932554107,
                    "min": 0,
                    "max": Infinity,
                    "brute_step": null,
                    "stderr": 18877.89462511876,
                    "correl": {
                        "frequency": -0.23053326188717377,
                        "shift": 0.06735317247415001
                    },
                    "value": 617872.7552049882
                },
                "frequency": {
                    "name": "frequency",
                    "user_data": null,
                    "init_value": 10.053096491487338,
                    "min": 0,
                    "max": Infinity,
                    "brute_step": null,
                    "stderr": 0.1759034696027971,
                    "correl": {
                        "amplitude": -0.23053326188717377,
                        "shift": -0.21003876186141188
                    },
                    "value": 9.767978223634474
                },
                "shift": {
                    "name": "shift",
                    "user_data": null,
                    "init_value": 1.1423973285781066,
                    "min": -6.283195307179586,
                    "max": 6.283195307179586,
                    "brute_step": null,
                    "stderr": 0.029759892102851834,
                    "correl": {
                        "amplitude": 0.06735317247415001,
                        "frequency": -0.21003876186141188
                    },
                    "value": 1.1981500423407088
                },
                "offset": {
                    "name": "offset",
                    "user_data": null,
                    "init_value": 5838193333.333334,
                    "min": -Infinity,
                    "max": Infinity,
                    "brute_step": null,
                    "stderr": 87269.69691709024,
                    "correl": null,
                    "value": 5838193333.333334
                }
            }
        }
    }
}