{
    "fit_success": true,
    "Qi": {
        "__dtype__": "UFloat",
        "nominal_value": 1182.7559505548124,
        "std_dev": 189.56237333221134
    },
    "Qe": {
        "__dtype__": "UFloat",
        "nominal_value": 13271.303039564134,
        "std_dev": 3740.330947695213
    },
    "Ql": {
        "__dtype__": "UFloat",
        "nominal_value": 1150.1484131658,
        "std_dev": 200.71075224399834
    },
    "Qc": {
        "__dtype__": "UFloat",
        "nominal_value": 41718.72482929097,
        "std_dev": 36912.18781233062
    },
    "fr": {
        "__dtype__": "UFloat",
        "nominal_value": 5995000058.496895,
        "std_dev": 455454.0331810431
    },
    "fit_msg": "Summary\n$Q_I$: 1.18$\\pm$0.19 k\n$Q_C$: 42$\\pm$37 k\n$f_{res}$: 5.99500$\\pm$0.00046 GHz",
    "fit_result": {
        "hanger_func_complex_SI": {
            "success": true,
            "message": "Fit succeeded.",
            "params": {
                "fr": {
                    "name": "fr",
                    "user_data": null,
                    "init_value": 5995854271.356784,
                    "min": 5995000000.0,
                    "max": 6005000000.0,
                    "brute_step": null,
                    "stderr": 455454.0331810431,
                    "correl": {
                        "Ql": 0.0012801262896608393,
                        "Qe": 0.5688656206177412,
                        "A": -0.0018584241684985194,
                        "theta": -0.8029638818466923,
                        "phi_v": 0.7671150030806027,
                        "phi_0": -0.7676529518868405,
                        "alpha": 0.36121899584385886
                    },
                    "value": 5995000058.496895
                },
                "Ql": {
                    "name": "Ql",
                    "user_data": null,
                    "init_value": 2701.462733232952,
                    "min": 59.958542713567844,
                    "max": 119317.50000120618,
                    "brute_step": null,
                    "stderr": 200.71075224399834,
                    "correl": {
                        "fr": 0.0012801262896608393,
                        "Qe": 0.8033657378185523,
                        "A": -0.9419019679780628,
                        "theta": 0.5673484730853281,
                        "phi_v": 0.42520733016031714,
                        "phi_0": -0.4245202735941193,
                        "alpha": -0.7980936488131091
                    },
                    "value": 1150.1484131658
                },
                "Qe": {
                    "name": "Qe",
                    "user_data": null,
                    "init_value": 2647.968421683784,
                    "min": 0,
                    "max": Infinity,
                    "brute_step": null,
                    "stderr": 3740.330947695213,
                    "correl": {
                        "fr": 0.5688656206177412,
                        "Ql": 0.8033657378185523,
                        "A": -0.7966535732392611,
                        "theta": -0.0005787575269240917,
                        "phi_v": 0.8464050629687976,
                        "phi_0": -0.8461187370214469,
                        "alpha": -0.4675029705032865
                    },
                    "value": 13271.303039564134
                },
                "A": {
                    "name": "A",
                    "user_data": null,
                    "init_value": 0.010962659117984672,
                    "min": 0,
                    "max": Infinity,
                    "brute_step": null,
                    "stderr": 0.00014968531487632582,
                    "correl": {
                        "fr": -0.0018584241684985194,
                        "Ql": -0.9419019679780628,
                        "Qe": -0.7966535732392611,
                        "theta": -0.5743741874160622,
                        "phi_v": -0.454096167233365,
                        "phi_0": 0.45336170263208203,
                        "alpha": 0.8997054572344904
                    },
                    "value": 0.011408354234320406
                },
                "theta": {
                    "name": "theta",
                    "user_data": null,
                    "init_value": 0,
                    "min": -1.5707963267948966,
                    "max": 1.5707963267948966,
                    "brute_step": null,
                    "stderr": 0.2814757030513489,
                    "correl": {
                        "fr": -0.8029638818466923,
                        "Ql": 0.5673484730853281,
                        "Qe": -0.0005787575269240917,
                        "A": -0.5743741874160622,
                        "phi_v": -0.40141617121758316,
                        "phi_0": 0.4022687089712901,
                        "alpha": -0.8111638673838167
                    },
                    "value": 1.247057033451799
                },
                "phi_v": {
                    "name": "phi_v",
                    "user_data": null,
                    "init_value": -1.3243056001496012e-06,
                    "min": -Infinity,
                    "max": Infinity,
                    "brute_step": null,
                    "stderr": 1.0602909650419917e-09,
                    "correl": {
                        "fr": 0.7671150030806027,
                        "Ql": 0.42520733016031714,
                        "Qe": 0.8464050629687976,
                        "A": -0.454096167233365,
                        "theta": -0.40141617121758316,
                        "phi_0": -0.9999995438930026,
                        "alpha": -0.08014509236547401
                    },
                    "value": -1.3229131541687018e-06
                },
                "phi_0": {
                    "name": "phi_0",
                    "user_data": null,
                    "init_value": 7939.059958103663,
                    "min": -Infinity,
                    "max": Infinity,
                    "brute_step": null,
                    "stderr": 6.368082246683967,
                    "correl": {
                        "fr": -0.7676529518868405,
                        "Ql": -0.4245202735941193,
                        "Qe": -0.8461187370214469,
                        "A": 0.45336170263208203,
                        "theta": 0.4022687089712901,
                        "phi_v": -0.9999995438930026,
                        "alpha": 0.07929474161520499
                    },
                    "value": 7930.803441153321
                },
                "alpha": {
                    "name": "alpha",
                    "user_data": null,
                    "init_value": 0,
                    "min": -1,
                    "max": 1,
                    "brute_step": null,
                    "stderr": 6.511579706736671,
                    "correl": {
                        "fr": 0.36121899584385886,
                        "Ql": -0.7980936488131091,
                        "Qe": -0.4675029705032865,
                        "A": 0.8997054572344904,
                        "theta": -0.8111638673838167,
                        "phi_v": -0.08014509236547401,
                        "phi_0": 0.07929474161520499
                    },
                    "value": -0.9961672817191404
                },
                "Qi": {
                    "name": "Qi",
                    "user_data": null,
                    "init_value": -133722.40529503027,
                    "min": -Infinity,
                    "max": Infinity,
                    "brute_step": null,
                    "stderr": 189.56237333221134,
                    "correl": null,
                    "value": 1182.7559505548124
                },
                "Qc": {
                    "name": "Qc",
                    "user_data": null,
                    "init_value": 2647.968421683784,
                    "min": -Infinity,