{
    "fit_success": true,
    "Qi": {
        "__dtype__": "UFloat",
        "nominal_value": 1697.9027697438742,
        "std_dev": 1332.4820353491623
    },
    "Qe": {
        "__dtype__": "UFloat",
        "nominal_value": 336207.01030966674,
        "std_dev": 390270.48054726166
    },
    "Ql": {
        "__dtype__": "UFloat",
        "nominal_value": 1697.9027498228008,
        "std_dev": 1327.0297387923063
    },
    "Qc": {
        "__dtype__": "UFloat",
        "nominal_value": 144714782819.0698,
        "std_dev": 7.074499899475181e+16
    },
    "fr": {
        "__dtype__": "UFloat",
        "nominal_value": 5895006437.066688,
        "std_dev": 1356781.2248365213
    },
    "fit_msg": "Summary\n$Q_I$: 1.7$\\pm$1.3 k\n$Q_C$: 1.4e+02$\\pm$7.1e+07 G\n$f_{res}$: 5.8950$\\pm$0.0014 GHz",
    "fit_result": {
        "hanger_func_complex_SI": {
            "success": true,
            "message": "Fit succeeded.",
            "params": {
                "fr": {
                    "name": "fr",
                    "user_data": null,
                    "init_value": 5895552763.819096,
                    "min": 5895000000.0,
                    "max": 5905000000.0,
                    "brute_step": null,
                    "stderr": 1356781.2248365213,
                    "correl": {
                        "Ql": -0.00012062785688875782,
                        "Qe": 0.557361352962654,
                        "A": -0.10525542394140887,
                        "theta": -0.7997581527222699,
                        "phi_v": -0.6874215483248437,
                        "phi_0": 0.6878958860088727,
                        "alpha": 0.4130388764457553
                    },
                    "value": 5895006437.066688
                },
                "Ql": {
                    "name": "Ql",
                    "user_data": null,
                    "init_value": 2656.271377266451,
                    "min": 58.955527638190965,
                    "max": 117321.500001186,
                    "brute_step": null,
                    "stderr": 1327.0297387923063,
                    "correl": {
                        "fr": -0.00012062785688875782,
                        "Qe": 0.7996447017856604,
                        "A": 0.9031490004557664,
                        "theta": 0.557401773264488,
                        "phi_v": -0.4666952968231562,
                        "phi_0": 0.4662954118368458,
                        "alpha": -0.721222757494698
                    },
                    "value": 1697.9027498228008
                },
                "Qe": {
                    "name": "Qe",
                    "user_data": null,
                    "init_value": 2603.6719440532543,
                    "min": 0,
                    "max": Infinity,
                    "brute_step": null,
                    "stderr": 390270.48054726166,
                    "correl": {
                        "fr": 0.557361352962654,
                        "Ql": 0.7996447017856604,
                        "A": 0.7128874347661073,
                        "theta": -6.687435219318698e-05,
                        "phi_v": -0.8542586132516007,
                        "phi_0": 0.8541657640697589,
                        "alpha": -0.3845561469357285
                    },
                    "value": 336207.01030966674
                },
                "A": {
                    "name": "A",
                    "user_data": null,
                    "init_value": 0.01009432025165407,
                    "min": 0,
                    "max": Infinity,
                    "brute_step": null,
                    "stderr": 2.7014193491798314e-05,
                    "correl": {
                        "fr": -0.10525542394140887,
                        "Ql": 0.9031490004557664,
                        "Qe": 0.7128874347661073,
                        "theta": 0.6570367527917961,
                        "phi_v": -0.40434899050521445,
                        "phi_0": 0.4038521949812961,
                        "alpha": -0.9101387284572727
                    },
                    "value": 0.010069212994496812
                },
                "theta": {
                    "name": "theta",
                    "user_data": null,
                    "init_value": 0,
                    "min": -1.5707963267948966,
                    "max": 1.5707963267948966,
                    "brute_step": null,
                    "stderr": 1.1356189476508083,
                    "correl": {
                        "fr": -0.7997581527222699,
                        "Ql": 0.557401773264488,
                        "Qe": -6.687435219318698e-05,
                        "A": 0.6570367527917961,
                        "phi_v": 0.32026347115154985,
                        "phi_0": -0.32090017848991986,
                        "alpha": -0.8274103087422724
                    },
                    "value": -1.5707940035560142
                },
                "phi_v": {
                    "name": "phi_v",
                    "user_data": null,
                    "init_value": -1.304725296007009e-06,
                    "min": -Infinity,
                    "max": Infinity,
                    "brute_step": null,
                    "stderr": 2.453250155597632e-10,
                    "correl": {
                        "fr": -0.6874215483248437,
                        "Ql": -0.4666952968231562,
                        "Qe": -0.8542586132516007,
                        "A": -0.40434899050521445,
                        "theta": 0.32026347115154985,
                        "phi_0": -0.9999997309697032,
                        "alpha": 0.07644052701033507
                    },
                    "value": -1.3065509496143233e-06
                },
                "phi_0": {
                    "name": "phi_0",
                    "user_data": null,
                    "init_value": 7688.929939370662,
                    "min": -Infinity,
                    "max": Infinity,
                    "brute_step": null,
                    "stderr": 1.4486978916830973,
                    "correl": {
                        "fr": 0.6878958860088727,
                        "Ql": 0.4662954118368458,
                        "Qe": 0.8541657640697589,
                        "A": 0.4038521949812961,
                        "theta": -0.32090017848991986,
                        "phi_v": -0.9999997309697032,
                        "alpha": -0.07585494747550107
                    },
                    "value": 7699.683612245649
                },
                "alpha": {
                    "name": "alpha",
                    "user_data": null,
                    "init_value": 0,
                    "min": -1,
                    "max": 1,
                    "brute_step": null,
                    "stderr": 1.6909743102691264,
                    "correl": {
                        "fr": 0.4130388764457553,
                        "Ql": -0.721222757494698,
                        "Qe": -0.3845561469357285,
                        "A": -0.9101387284572727,
                        "theta": -0.8274103087422724,
                        "phi_v": 0.07644052701033507,
                        "phi_0": -0.07585494747550107
                    },
                    "value": 0.9987531916392274
                },
                "Qi": {
                    "name": "Qi",
                    "user_data": null,
                    "init_value": -131485.4331746898,
                    "min": -Infinity,
                    "max": Infinity,
                    "brute_step": null,
                    "stderr": 1332.4820353491623,
                    "correl": null,
                    "value": 1697.9027697438742
                },
                "Qc": {
                    "name": "Qc",
                    "user_data": null,
                    "init_value": 2603.6719440532543,