{
    "fit_success": true,
    "Qi": {
        "__dtype__": "UFloat",
        "nominal_value": 22238.420253282842,
        "std_dev": 411.9439636353765
    },
    "Qe": {
        "__dtype__": "UFloat",
        "nominal_value": 3171.696485344495,
        "std_dev": 9.29379316861209
    },
    "Ql": {
        "__dtype__": "UFloat",
        "nominal_value": 2808.5289111689317,
        "std_dev": 10.817445593906413
    },
    "Qc": {
        "__dtype__": "UFloat",
        "nominal_value": 3214.492820384163,
        "std_dev": 9.545990300476339
    },
    "fr": {
        "__dtype__": "UFloat",
        "nominal_value": 6008030622.626208,
        "std_dev": 4119.101952730409
    },
    "fit_msg": "Summary\n$Q_I$: 22.24$\\pm$0.41 k\n$Q_C$: 3.2145$\\pm$0.0095 k\n$f_{res}$: 6.0080306$\\pm$4.1e-06 GHz",
    "fit_result": {
        "hanger_func_complex_SI": {
            "success": true,
            "message": "Fit succeeded.",
            "params": {
                "fr": {
                    "name": "fr",
                    "user_data": null,
                    "init_value": 6008165829.145729,
                    "min": 5995000000.0,
                    "max": 6015000000.0,
                    "brute_step": null,
                    "stderr": 4119.101952730409,
                    "correl": {
                        "Ql": 0.0001927171832541332,
                        "Qe": -0.0054331610506098554,
                        "A": -0.02560344505901793,
                        "theta": -0.8169693100397631,
                        "phi_v": -0.27880941397721626,
                        "phi_0": 0.2784258326917375,
                        "alpha": 0.33928165027254525
                    },
                    "value": 6008030622.626208
                },
                "Ql": {
                    "name": "Ql",
                    "user_data": null,
                    "init_value": 1353.5048841981788,
                    "min": 30.040829145728647,
                    "max": 59781.250000037064,
                    "brute_step": null,
                    "stderr": 10.817445593906413,
                    "correl": {
                        "fr": 0.0001927171832541332,
                        "Qe": 0.8170275421251433,
                        "A": -0.4859999138344534,
                        "theta": -0.005792864417966085,
                        "phi_v": 0.33838375749943395,
                        "phi_0": -0.3385726100650694,
                        "alpha": 0.2776991010438465
                    },
                    "value": 2808.5289111689317
                },
                "Qe": {
                    "name": "Qe",
                    "user_data": null,
                    "init_value": 1326.7028072833632,
                    "min": 0,
                    "max": Infinity,
                    "brute_step": null,
                    "stderr": 9.29379316861209,
                    "correl": {
                        "fr": -0.0054331610506098554,
                        "Ql": 0.8170275421251433,
                        "A": -0.43237986721418037,
                        "theta": -0.0001558813111826205,
                        "phi_v": 0.4425670020080633,
                        "phi_0": -0.4428015861033504,
                        "alpha": 0.26840880805178075
                    },
                    "value": 3171.696485344495
                },
                "A": {
                    "name": "A",
                    "user_data": null,
                    "init_value": 0.008021952612443546,
                    "min": 0,
                    "max": Infinity,
                    "brute_step": null,
                    "stderr": 7.107750831179627e-06,
                    "correl": {
                        "fr": -0.02560344505901793,
                        "Ql": -0.4859999138344534,
                        "Qe": -0.43237986721418037,
                        "theta": 0.04330411284154151,
                        "phi_v": -0.16395807968238138,
                        "phi_0": 0.1640705551261361,
                        "alpha": -0.5539521968499775
                    },
                    "value": 0.00882744375613087
                },
                "theta": {
                    "name": "theta",
                    "user_data": null,
                    "init_value": 0,
                    "min": -1.5707963267948966,
                    "max": 1.5707963267948966,
                    "brute_step": null,
                    "stderr": 0.0029295054023430367,
                    "correl": {
                        "fr": -0.8169693100397631,
                        "Ql": -0.005792864417966085,
                        "Qe": -0.0001558813111826205,
                        "A": 0.04330411284154151,
                        "phi_v": 0.2699935591320027,
                        "phi_0": -0.2696645092081741,
                        "alpha": -0.443356388046912
                    },
                    "value": 0.16335975421184967
                },
                "phi_v": {
                    "name": "phi_v",
                    "user_data": null,
                    "init_value": -1.1872554043232961e-07,
                    "min": -Infinity,
                    "max": Infinity,
                    "brute_step": null,
                    "stderr": 1.1708732826791516e-10,
                    "correl": {
                        "fr": -0.27880941397721626,
                        "Ql": 0.33838375749943395,
                        "Qe": 0.4425670020080633,
                        "A": -0.16395807968238138,
                        "theta": 0.2699935591320027,
                        "phi_0": -0.9999995435056837,
                        "alpha": -0.004022261748697683
                    },
                    "value": -7.024463600983028e-08
                },
                "phi_0": {
                    "name": "phi_0",
                    "user_data": null,
                    "init_value": 710.2228404492347,
                    "min": -Infinity,
                    "max": Infinity,
                    "brute_step": null,
                    "stderr": 0.7030186468278885,
                    "correl": {
                        "fr": 0.2784258326917375,
                        "Ql": -0.3385726100650694,
                        "Qe": -0.4428015861033504,
                        "A": 0.1640705551261361,
                        "theta": -0.2696645092081741,
                        "phi_v": -0.9999995435056837,
                        "alpha": 0.003821723839368268
                    },
                    "value": 419.6527587315626
                },
                "alpha": {
                    "name": "alpha",
                    "user_data": null,
                    "init_value": 0,
                    "min": -1,
                    "max": 1,
                    "brute_step": null,
                    "stderr": 0.5385821053756168,
                    "correl": {
                        "fr": 0.33928165027254525,
                        "Ql": 0.2776991010438465,
                        "Qe": 0.26840880805178075,
                        "A": -0.5539521968499775,
                        "theta": -0.443356388046912,
                        "phi_v": -0.004022261748697683,
                        "phi_0": 0.003821723839368268
                    },
                    "value": 0.9999851298159426
                },
                "Qi": {
                    "name": "Qi",
                    "user_data": null,
                    "init_value": -66998.49176780936,
                    "min": -Infinity,
                    "max": Infinity,
                    "brute_step": null,
                    "stderr": 411.9439636353765,
                    "correl": null,
                    "value": 22238.420253282842
                },
                "Qc": {
                    "name": "Qc",
                    "user_data": null,
                    "init_value": 1326.7028072833632,