{
    "fit_success": true,
    "Qi": {
        "__dtype__": "UFloat",
        "nominal_value": 12798.814461148957,
        "std_dev": 329.7534454412578
    },
    "Qe": {
        "__dtype__": "UFloat",
        "nominal_value": 7937.1635614670895,
        "std_dev": 99.60744668469218
    },
    "Ql": {
        "__dtype__": "UFloat",
        "nominal_value": 5758.854123372477,
        "std_dev": 89.11817929532783
    },
    "Qc": {
        "__dtype__": "UFloat",
        "nominal_value": 10469.733052096515,
        "std_dev": 173.3185483247768
    },
    "fr": {
        "__dtype__": "UFloat",
        "nominal_value": 5719813012.524811,
        "std_dev": 7685.183416328311
    },
    "fit_msg": "Summary\n$Q_I$: 12.80$\\pm$0.33 k\n$Q_C$: 10.47$\\pm$0.17 k\n$f_{res}$: 5.7198130$\\pm$7.7e-06 GHz",
    "fit_result": {
        "hanger_func_complex_SI": {
            "success": true,
            "message": "Fit succeeded.",
            "params": {
                "fr": {
                    "name": "fr",
                    "user_data": null,
                    "init_value": 5720118844.221106,
                    "min": 5716350000.0,
                    "max": 5726350000.0,
                    "brute_step": null,
                    "stderr": 7685.183416328311,
                    "correl": {
                        "Ql": 3.299213667930146e-05,
                        "Qe": 0.08166034724626027,
                        "A": 0.3548336978399705,
                        "theta": -0.8097354417772892,
                        "phi_v": -0.07559147737439972,
                        "phi_0": 0.07538295013102218,
                        "alpha": 0.41788551015318265
                    },
                    "value": 5719813012.524811
                },
                "Ql": {
                    "name": "Ql",
                    "user_data": null,
                    "init_value": 2577.2287297152934,
                    "min": 57.20118844221106,
                    "max": 113830.36500115071,
                    "brute_step": null,
                    "stderr": 89.11817929532783,
                    "correl": {
                        "fr": 3.299213667930146e-05,
                        "Qe": 0.8097239870753367,
                        "A": -0.321696680469603,
                        "theta": 0.08164253455202261,
                        "phi_v": 0.41754727571865863,
                        "phi_0": -0.41763663385687144,
                        "alpha": 0.07348972025457759
                    },
                    "value": 5758.854123372477
                },
                "Qe": {
                    "name": "Qe",
                    "user_data": null,
                    "init_value": 2526.1944974437038,
                    "min": 0,
                    "max": Infinity,
                    "brute_step": null,
                    "stderr": 99.60744668469218,
                    "correl": {
                        "fr": 0.08166034724626027,
                        "Ql": 0.8097239870753367,
                        "A": -0.21940961428889827,
                        "theta": 1.61652190437201e-05,
                        "phi_v": 0.5268568607902571,
                        "phi_0": -0.5269925613281042,
                        "alpha": 0.2121123691355789
                    },
                    "value": 7937.1635614670895
                },
                "A": {
                    "name": "A",
                    "user_data": null,
                    "init_value": 0.002190231937659121,
                    "min": 0,
                    "max": Infinity,
                    "brute_step": null,
                    "stderr": 5.8109512199192596e-06,
                    "correl": {
                        "fr": 0.3548336978399705,
                        "Ql": -0.321696680469603,
                        "Qe": -0.21940961428889827,
                        "theta": -0.4871330517356688,
                        "phi_v": -0.2106367638378705,
                        "phi_0": 0.21057697997450153,
                        "alpha": 0.48408416652981057
                    },
                    "value": 0.002360481003928383
                },
                "theta": {
                    "name": "theta",
                    "user_data": null,
                    "init_value": 0,
                    "min": -1.5707963267948966,
                    "max": 1.5707963267948966,
                    "brute_step": null,
                    "stderr": 0.012550127023323443,
                    "correl": {
                        "fr": -0.8097354417772892,
                        "Ql": 0.08164253455202261,
                        "Qe": 1.61652190437201e-05,
                        "A": -0.4871330517356688,
                        "phi_v": 0.21473578800550822,
                        "phi_0": -0.2145471428974242,
                        "alpha": -0.5278496624810038
                    },
                    "value": 0.7103930271553782
                },
                "phi_v": {
                    "name": "phi_v",
                    "user_data": null,
                    "init_value": -1.3492114640201035e-07,
                    "min": -Infinity,
                    "max": Infinity,
                    "brute_step": null,
                    "stderr": 7.445160698579035e-10,
                    "correl": {
                        "fr": -0.07559147737439972,
                        "Ql": 0.41754727571865863,
                        "Qe": 0.5268568607902571,
                        "A": -0.2106367638378705,
                        "theta": 0.21473578800550822,
                        "phi_0": -0.9999998714452475,
                        "alpha": -0.004657288053746019
                    },
                    "value": -7.922346633400192e-08
                },
                "phi_0": {
                    "name": "phi_0",
                    "user_data": null,
                    "init_value": 770.5536538807129,
                    "min": -Infinity,
                    "max": Infinity,
                    "brute_step": null,
                    "stderr": 4.259683134893314,
                    "correl": {
                        "fr": 0.07538295013102218,
                        "Ql": -0.41763663385687144,
                        "Qe": -0.5269925613281042,
                        "A": 0.21057697997450153,
                        "theta": -0.2145471428974242,
                        "phi_v": -0.9999998714452475,
                        "alpha": 0.00453146782339312
                    },
                    "value": 452.19154046466446
                },
                "alpha": {
                    "name": "alpha",
                    "user_data": null,
                    "init_value": 0,
                    "min": -1,
                    "max": 1,
                    "brute_step": null,
                    "stderr": 4.464296647364455,
                    "correl": {
                        "fr": 0.41788551015318265,
                        "Ql": 0.07348972025457759,
                        "Qe": 0.2121123691355789,
                        "A": 0.48408416652981057,
                        "theta": -0.5278496624810038,
                        "phi_v": -0.004657288053746019,
                        "phi_0": 0.00453146782339312
                    },
                    "value": -0.9999182293455542
                },
                "Qi": {
                    "name": "Qi",
                    "user_data": null,
                    "init_value": -127572.82212090786,
                    "min": -Infinity,
                    "max": Infinity,
                    "brute_step": null,
                    "stderr": 329.7534454412578,
                    "correl": null,
                    "value": 12798.814461148957
                },
                "Qc": {
                    "name": "Qc",
                    "user_data": null,
                    "init_value": 2526.1944974437038,