{
    "T2*": {
        "__dtype__": "UFloat",
        "nominal_value": 4.871969544906207e-06,
        "std_dev": 4.0596291592743745e-07
    },
    "fitted_detuning": {
        "__dtype__": "UFloat",
        "nominal_value": 1977790.084680574,
        "std_dev": 2864.8080156692668
    },
    "detuning": {
        "__dtype__": "UFloat",
        "nominal_value": 977790.084680574,
        "std_dev": 2864.8080156692668
    },
    "fit_success": true,
    "fit_msg": "Summary\n$T_2^*$: 4.87$\\pm$0.41 \u03bcs\n\nartificial detuning: 1 MHz\nfitted detuning: 1.9778$\\pm$0.0029 MHz\nactual detuning: 977.8$\\pm$2.9 kHz\n",
    "fit_result": {
        "Ramsey_decay": {
            "success": true,
            "message": "Fit succeeded.",
            "params": {
                "tau": {
                    "name": "tau",
                    "user_data": null,
                    "init_value": 5.3599999999999995e-06,
                    "min": 0,
                    "max": Infinity,
                    "brute_step": null,
                    "stderr": 4.0596291592743745e-07,
                    "correl": {
                        "frequency": 0.018776227709833525,
                        "phase": -0.03144472258068949,
                        "amplitude": -0.7386991669191472,
                        "offset": 0.008999774000207942
                    },
                    "value": 4.871969544906207e-06
                },
                "n_factor": {
                    "name": "n_factor",
                    "user_data": null,
                    "init_value": 1,
                    "min": -Infinity,
                    "max": Infinity,
                    "brute_step": null,
                    "stderr": 0.0,
                    "correl": null,
                    "value": 1
                },
                "frequency": {
                    "name": "frequency",
                    "user_data": null,
                    "init_value": 1960784.3137254904,
                    "min": 0,
                    "max": Infinity,
                    "brute_step": null,
                    "stderr": 2864.8080156692668,
                    "correl": {
                        "tau": 0.018776227709833525,
                        "phase": -0.7639046168345759,
                        "amplitude": -0.03237008562413139,
                        "offset": -0.04958907645624873
                    },
                    "value": 1977790.084680574
                },
                "phase": {
                    "name": "phase",
                    "user_data": null,
                    "init_value": -0.12319971190548351,
                    "min": -Infinity,
                    "max": Infinity,
                    "brute_step": null,
                    "stderr": 0.05103809394373725,
                    "correl": {
                        "tau": -0.03144472258068949,
                        "frequency": -0.7639046168345759,
                        "amplitude": 0.04576687815971876,
                        "offset": 0.051584900417131284
                    },
                    "value": -0.0015136024530571265
                },
                "amplitude": {
                    "name": "amplitude",
                    "user_data": null,
                    "init_value": 0.0003022994746521316,
                    "min": 0,
                    "max": Infinity,
                    "brute_step": null,
                    "stderr": 1.499873340931423e-05,
                    "correl": {
                        "tau": -0.7386991669191472,
                        "frequency": -0.03237008562413139,
                        "phase": 0.04576687815971876,
                        "offset": -0.016750248618528973
                    },
                    "value": 0.000316911105940898
                },
                "offset": {
                    "name": "offset",
                    "user_data": null,
                    "init_value": 0.0012728059137903473,
                    "min": -Infinity,
                    "max": Infinity,
                    "brute_step": null,
                    "stderr": 3.932863089347813e-06,
                    "correl": {
                        "tau": 0.008999774000207942,
                        "frequency": -0.04958907645624873,
                        "phase": 0.051584900417131284,
                        "amplitude": -0.016750248618528973
                    },
                    "value": 0.001270736133542739
                }
            }
        }
    }
}