{
    "fit_success": true,
    "Qi": {
        "__dtype__": "UFloat",
        "nominal_value": 16560.50016981737,
        "std_dev": 277.48016758537227
    },
    "Qe": {
        "__dtype__": "UFloat",
        "nominal_value": 4025.493693307076,
        "std_dev": 19.825462103107316
    },
    "Ql": {
        "__dtype__": "UFloat",
        "nominal_value": 3506.815599431815,
        "std_dev": 20.832876618106567
    },
    "Qc": {
        "__dtype__": "UFloat",
        "nominal_value": 4448.90636178391,
        "std_dev": 24.21235615821612
    },
    "fr": {
        "__dtype__": "UFloat",
        "nominal_value": 5913489445.783603,
        "std_dev": 5008.775992683547
    },
    "fit_msg": "Summary\n$Q_I$: 16.56$\\pm$0.28 k\n$Q_C$: 4.449$\\pm$0.024 k\n$f_{res}$: 5.9134894$\\pm$5.0e-06 GHz",
    "fit_result": {
        "hanger_func_complex_SI": {
            "success": true,
            "message": "Fit succeeded.",
            "params": {
                "fr": {
                    "name": "fr",
                    "user_data": null,
                    "init_value": 5913774371.859297,
                    "min": 5908900000.0,
                    "max": 5918900000.0,
                    "brute_step": null,
                    "stderr": 5008.775992683547,
                    "correl": {
                        "Ql": 0.0002749733279728025,
                        "Qe": 0.07981613680787451,
                        "A": 0.23182114066844348,
                        "theta": -0.8538830543661303,
                        "phi_v": -0.15191126800152013,
                        "phi_0": 0.15164067994003952,
                        "alpha": 0.5034956608560467
                    },
                    "value": 5913489445.783603
                },
                "Ql": {
                    "name": "Ql",
                    "user_data": null,
                    "init_value": 2664.481215736899,
                    "min": 59.13774371859297,
                    "max": 117684.11000118966,
                    "brute_step": null,
                    "stderr": 20.832876618106567,
                    "correl": {
                        "fr": 0.0002749733279728025,
                        "Qe": 0.8538957558533236,
                        "A": -0.5222243033916026,
                        "theta": 0.07926086192039723,
                        "phi_v": 0.5028546423375742,
                        "phi_0": -0.5029523252926942,
                        "alpha": 0.15015483336961272
                    },
                    "value": 3506.815599431815
                },
                "Qe": {
                    "name": "Qe",
                    "user_data": null,
                    "init_value": 2611.7192114648806,
                    "min": 0,
                    "max": Infinity,
                    "brute_step": null,
                    "stderr": 19.825462103107316,
                    "correl": {
                        "fr": 0.07981613680787451,
                        "Ql": 0.8538957558533236,
                        "A": -0.44168911826578305,
                        "theta": -0.00027374139839288675,
                        "phi_v": 0.604419820461781,
                        "phi_0": -0.6045627819465663,
                        "alpha": 0.25810570151201645
                    },
                    "value": 4025.493693307076
                },
                "A": {
                    "name": "A",
                    "user_data": null,
                    "init_value": 0.0043197203576222955,
                    "min": 0,
                    "max": Infinity,
                    "brute_step": null,
                    "stderr": 6.439623900049961e-06,
                    "correl": {
                        "fr": 0.23182114066844348,
                        "Ql": -0.5222243033916026,
                        "Qe": -0.44168911826578305,
                        "theta": -0.32859413437386487,
                        "phi_v": -0.32635444221933385,
                        "phi_0": 0.32634187836483725,
                        "alpha": 0.07859114352590854
                    },
                    "value": 0.0049963217769193324
                },
                "theta": {
                    "name": "theta",
                    "user_data": null,
                    "init_value": 0,
                    "min": -1.5707963267948966,
                    "max": 1.5707963267948966,
                    "brute_step": null,
                    "stderr": 0.004924432926626999,
                    "correl": {
                        "fr": -0.8538830543661303,
                        "Ql": 0.07926086192039723,
                        "Qe": -0.00027374139839288675,
                        "A": -0.32859413437386487,
                        "phi_v": 0.26031596252602657,
                        "phi_0": -0.26008018189748117,
                        "alpha": -0.6055012290163838
                    },
                    "value": 0.4398214599396346
                },
                "phi_v": {
                    "name": "phi_v",
                    "user_data": null,
                    "init_value": -1.368653731516149e-07,
                    "min": -Infinity,
                    "max": Infinity,
                    "brute_step": null,
                    "stderr": 4.3857187336506764e-10,
                    "correl": {
                        "fr": -0.15191126800152013,
                        "Ql": 0.5028546423375742,
                        "Qe": 0.604419820461781,
                        "A": -0.32635444221933385,
                        "theta": 0.26031596252602657,
                        "phi_0": -0.9999998755049022,
                        "alpha": -0.004142351853245602
                    },
                    "value": -7.287621816011106e-08
                },
                "phi_0": {
                    "name": "phi_0",
                    "user_data": null,
                    "init_value": 806.770114080982,
                    "min": -Infinity,
                    "max": Infinity,
                    "brute_step": null,
                    "stderr": 2.593591418855374,
                    "correl": {
                        "fr": 0.15164067994003952,
                        "Ql": -0.5029523252926942,
                        "Qe": -0.6045627819465663,
                        "A": 0.32634187836483725,
                        "theta": -0.26008018189748117,
                        "phi_v": -0.9999998755049022,
                        "alpha": 0.00396957537662818
                    },
                    "value": 428.812725894035
                },
                "alpha": {
                    "name": "alpha",
                    "user_data": null,
                    "init_value": 0,
                    "min": -1,
                    "max": 1,
                    "brute_step": null,
                    "stderr": 3.44715548198897,
                    "correl": {
                        "fr": 0.5034956608560467,
                        "Ql": 0.15015483336961272,
                        "Qe": 0.25810570151201645,
                        "A": 0.07859114352590854,
                        "theta": -0.6055012290163838,
                        "phi_v": -0.004142351853245602,
                        "phi_0": 0.00396957537662818
                    },
                    "value": 0.9998752813143457
                },
                "Qi": {
                    "name": "Qi",
                    "user_data": null,
                    "init_value": -131891.82017897486,
                    "min": -Infinity,
                    "max": Infinity,
                    "brute_step": null,
                    "stderr": 277.48016758537227,
                    "correl": null,
                    "value": 16560.50016981737
                },
                "Qc": {
                    "name": "Qc",
                    "user_data": null,
                    "init_value": 2611.7192114648806,