{
    "amplitude": {
        "__dtype__": "UFloat",
        "nominal_value": 906087.6572003313,
        "std_dev": 28709.23559801695
    },
    "frequency": {
        "__dtype__": "UFloat",
        "nominal_value": 10.194392373635827,
        "std_dev": 0.175822047794752
    },
    "shift": {
        "__dtype__": "UFloat",
        "nominal_value": 0.6217030454348533,
        "std_dev": 0.03244303836271189
    },
    "offset": {
        "__dtype__": "UFloat",
        "nominal_value": 5719480000.0,
        "std_dev": 129243.95537122204
    },
    "offset_0": {
        "__dtype__": "UFloat",
        "nominal_value": 0.0930995440017137,
        "std_dev": 0.0035645668419748925
    },
    "freq_0": 5720386087.6572,
    "fit_success": true,
    "fit_msg": "Summary:\nf_0: 5.7204 GHz\noffset_0: 93.1$\\pm$3.6 mV\n",
    "fit_result": {
        "sin": {
            "success": true,
            "message": "Fit succeeded.",
            "params": {
                "amplitude": {
                    "name": "amplitude",
                    "user_data": null,
                    "init_value": 903762.1633482111,
                    "min": 0,
                    "max": Infinity,
                    "brute_step": null,
                    "stderr": 28709.23559801695,
                    "correl": {
                        "frequency": 0.090742265689476,
                        "shift": -0.035460787242091056
                    },
                    "value": 906087.6572003313
                },
                "frequency": {
                    "name": "frequency",
                    "user_data": null,
                    "init_value": 10.053096491487338,
                    "min": 0,
                    "max": Infinity,
                    "brute_step": null,
                    "stderr": 0.175822047794752,
                    "correl": {
                        "amplitude": 0.090742265689476,
                        "shift": -0.25004226112671757
                    },
                    "value": 10.194392373635827
                },
                "shift": {
                    "name": "shift",
                    "user_data": null,
                    "init_value": 0.5711986642890533,
                    "min": -6.283195307179586,
                    "max": 6.283195307179586,
                    "brute_step": null,
                    "stderr": 0.03244303836271189,
                    "correl": {
                        "amplitude": -0.035460787242091056,
                        "frequency": -0.25004226112671757
                    },
                    "value": 0.6217030454348533
                },
                "offset": {
                    "name": "offset",
                    "user_data": null,
                    "init_value": 5719480000.0,
                    "min": -Infinity,
                    "max": Infinity,
                    "brute_step": null,
                    "stderr": 129243.95537122204,
                    "correl": null,
                    "value": 5719480000.0
                }
            }
        }
    }
}