{
    "fit_success": true,
    "Qi": {
        "__dtype__": "UFloat",
        "nominal_value": 20876.1436932391,
        "std_dev": 969.7866873364673
    },
    "Qe": {
        "__dtype__": "UFloat",
        "nominal_value": 4006.0707768673187,
        "std_dev": 32.0069328459368
    },
    "Ql": {
        "__dtype__": "UFloat",
        "nominal_value": 3588.8020823106463,
        "std_dev": 39.893601077232475
    },
    "Qc": {
        "__dtype__": "UFloat",
        "nominal_value": 4333.827007245043,
        "std_dev": 37.45877539143405
    },
    "fr": {
        "__dtype__": "UFloat",
        "nominal_value": 5913526026.291994,
        "std_dev": 9158.59921520378
    },
    "fit_msg": "Summary\n$Q_I$: 20.88$\\pm$0.97 k\n$Q_C$: 4.334$\\pm$0.037 k\n$f_{res}$: 5.9135260$\\pm$9.2e-06 GHz",
    "fit_result": {
        "hanger_func_complex_SI": {
            "success": true,
            "message": "Fit succeeded.",
            "params": {
                "fr": {
                    "name": "fr",
                    "user_data": null,
                    "init_value": 5913693467.336683,
                    "min": 5875000000.0,
                    "max": 5925000000.0,
                    "brute_step": null,
                    "stderr": 9158.59921520378,
                    "correl": {
                        "Ql": 0.00013331734910840802,
                        "Qe": 0.014999611779856885,
                        "A": 0.07877278631932558,
                        "theta": -0.748647608922256,
                        "phi_v": -0.2580016832647154,
                        "phi_0": 0.25758845184276696,
                        "alpha": 0.06724347365768202
                    },
                    "value": 5913526026.291994
                },
                "Ql": {
                    "name": "Ql",
                    "user_data": null,
                    "init_value": 532.8889527562682,
                    "min": 11.827386934673367,
                    "max": 23536.50000005926,
                    "brute_step": null,
                    "stderr": 39.893601077232475,
                    "correl": {
                        "fr": 0.00013331734910840802,
                        "Qe": 0.748637330335261,
                        "A": -0.3030043166029399,
                        "theta": 0.014905524974067497,
                        "phi_v": 0.06670680434654007,
                        "phi_0": -0.06714785204537674,
                        "alpha": 0.25757550512244265
                    },
                    "value": 3588.8020823106463
                },
                "Qe": {
                    "name": "Qe",
                    "user_data": null,
                    "init_value": 522.3366962660451,
                    "min": 0,
                    "max": Infinity,
                    "brute_step": null,
                    "stderr": 32.0069328459368,
                    "correl": {
                        "fr": 0.014999611779856885,
                        "Ql": 0.748637330335261,
                        "A": -0.24382008526090293,
                        "theta": 2.60067256282047e-05,
                        "phi_v": 0.08600743311706882,
                        "phi_0": -0.08660978159825973,
                        "alpha": 0.23709171381342106
                    },
                    "value": 4006.0707768673187
                },
                "A": {
                    "name": "A",
                    "user_data": null,
                    "init_value": 0.009449959625925805,
                    "min": 0,
                    "max": Infinity,
                    "brute_step": null,
                    "stderr": 1.539366520962191e-05,
                    "correl": {
                        "fr": 0.07877278631932558,
                        "Ql": -0.3030043166029399,
                        "Qe": -0.24382008526090293,
                        "theta": -0.11140889868290837,
                        "phi_v": -0.04253365638747503,
                        "phi_0": 0.04265359175850278,
                        "alpha": -0.7159763251938281
                    },
                    "value": 0.009680780715798365
                },
                "theta": {
                    "name": "theta",
                    "user_data": null,
                    "init_value": 0,
                    "min": -1.5707963267948966,
                    "max": 1.5707963267948966,
                    "brute_step": null,
                    "stderr": 0.00798956029264206,
                    "correl": {
                        "fr": -0.748647608922256,
                        "Ql": 0.014905524974067497,
                        "Qe": 2.60067256282047e-05,
                        "A": -0.11140889868290837,
                        "phi_v": 0.2377163079518985,
                        "phi_0": -0.23745841216202818,
                        "alpha": -0.08621556328233398
                    },
                    "value": 0.3914087215738453
                },
                "phi_v": {
                    "name": "phi_v",
                    "user_data": null,
                    "init_value": -8.008791456958478e-08,
                    "min": -Infinity,
                    "max": Infinity,
                    "brute_step": null,
                    "stderr": 7.73940245508283e-11,
                    "correl": {
                        "fr": -0.2580016832647154,
                        "Ql": 0.06670680434654007,
                        "Qe": 0.08600743311706882,
                        "A": -0.04253365638747503,
                        "theta": 0.2377163079518985,
                        "phi_0": -0.9999970441331624,
                        "alpha": -0.0039967186425543385
                    },
                    "value": -7.043042654881471e-08
                },
                "phi_0": {
                    "name": "phi_0",
                    "user_data": null,
                    "init_value": 470.92344357529475,
                    "min": -Infinity,
                    "max": Infinity,
                    "brute_step": null,
                    "stderr": 0.45653440612951357,
                    "correl": {
                        "fr": 0.25758845184276696,
                        "Ql": -0.06714785204537674,
                        "Qe": -0.08660978159825973,
                        "A": 0.04265359175850278,
                        "theta": -0.23745841216202818,
                        "phi_v": -0.9999970441331624,
                        "alpha": 0.00383339874457045
                    },
                    "value": 414.1731897640378
                },
                "alpha": {
                    "name": "alpha",
                    "user_data": null,
                    "init_value": 0,
                    "min": -1,
                    "max": 1,
                    "brute_step": null,
                    "stderr": 0.514814320340283,
                    "correl": {
                        "fr": 0.06724347365768202,
                        "Ql": 0.25757550512244265,
                        "Qe": 0.23709171381342106,
                        "A": -0.7159763251938281,
                        "theta": -0.08621556328233398,
                        "phi_v": -0.0039967186425543385,
                        "phi_0": 0.00383339874457045
                    },
                    "value": 0.9999969813673819
                },
                "Qi": {
                    "name": "Qi",
                    "user_data": null,
                    "init_value": -26378.00316143546,
                    "min": -Infinity,
                    "max": Infinity,
                    "brute_step": null,
                    "stderr": 969.7866873364673,
                    "correl": null,
                    "value": 20876.1436932391
                },
                "Qc": {
                    "name": "Qc",
                    "user_data": null,
                    "init_value": 522.3366962660451,