{
    "fit_success": true,
    "Qi": {
        "__dtype__": "UFloat",
        "nominal_value": 364.1319105146878,
        "std_dev": 3573.053608705018
    },
    "Qe": {
        "__dtype__": "UFloat",
        "nominal_value": 304153.9661342824,
        "std_dev": 7548399.231485633
    },
    "Ql": {
        "__dtype__": "UFloat",
        "nominal_value": 363.7043862208129,
        "std_dev": 3575.3797534463497
    },
    "Qc": {
        "__dtype__": "UFloat",
        "nominal_value": 309775.08159088774,
        "std_dev": 7828572.948155641
    },
    "fr": {
        "__dtype__": "UFloat",
        "nominal_value": 5896917995.626156,
        "std_dev": 79853415.37602687
    },
    "fit_msg": "Summary\n$Q_I$: 3.6e+02$\\pm$3.6e+03 \n$Q_C$: 3.1e+02$\\pm$7.8e+03 k\n$f_{res}$: 5.897$\\pm$0.080 GHz",
    "fit_result": {
        "hanger_func_complex_SI": {
            "success": true,
            "message": "Fit succeeded.",
            "params": {
                "fr": {
                    "name": "fr",
                    "user_data": null,
                    "init_value": 5897110552.763819,
                    "min": 5895000000.0,
                    "max": 5905000000.0,
                    "brute_step": null,
                    "stderr": 79853415.37602687,
                    "correl": {
                        "Ql": 0.0012211972295132077,
                        "Qe": 0.2606617532047607,
                        "A": 0.4354109723294643,
                        "theta": -0.9608339313494905,
                        "phi_v": 0.6197967056690841,
                        "phi_0": -0.6219137404784457,
                        "alpha": -0.6866107712965742
                    },
                    "value": 5896917995.626156
                },
                "Ql": {
                    "name": "Ql",
                    "user_data": null,
                    "init_value": 2656.9732470234453,
                    "min": 58.971105527638194,
                    "max": 117352.5000011863,
                    "brute_step": null,
                    "stderr": 3575.3797534463497,
                    "correl": {
                        "fr": 0.0012211972295132077,
                        "Qe": 0.9607883422567137,
                        "A": -0.8882997362376281,
                        "theta": 0.25817129051950316,
                        "phi_v": 0.7351769672132862,
                        "phi_0": -0.7334354981599798,
                        "alpha": 0.6715879608621182
                    },
                    "value": 363.7043862208129
                },
                "Qe": {
                    "name": "Qe",
                    "user_data": null,
                    "init_value": 2604.3599153992186,
                    "min": 0,
                    "max": Infinity,
                    "brute_step": null,
                    "stderr": 7548399.231485633,
                    "correl": {
                        "fr": 0.2606617532047607,
                        "Ql": 0.9607883422567137,
                        "A": -0.7539322628568242,
                        "theta": -0.001363461138909585,
                        "phi_v": 0.89056160094162,
                        "phi_0": -0.8894124264551712,
                        "alpha": 0.4793500438215264
                    },
                    "value": 304153.9661342824
                },
                "A": {
                    "name": "A",
                    "user_data": null,
                    "init_value": 0.010081460040100963,
                    "min": 0,
                    "max": Infinity,
                    "brute_step": null,
                    "stderr": 0.00020204490378531248,
                    "correl": {
                        "fr": 0.4354109723294643,
                        "Ql": -0.8882997362376281,
                        "Qe": -0.7539322628568242,
                        "theta": -0.6507611310536032,
                        "phi_v": -0.41471688508933263,
                        "phi_0": 0.4122016666388884,
                        "alpha": -0.920025585840345
                    },
                    "value": 0.010083387324137938
                },
                "theta": {
                    "name": "theta",
                    "user_data": null,
                    "init_value": 0,
                    "min": -1.5707963267948966,
                    "max": 1.5707963267948966,
                    "brute_step": null,
                    "stderr": 24.86887100647762,
                    "correl": {
                        "fr": -0.9608339313494905,
                        "Ql": 0.25817129051950316,
                        "Qe": -0.001363461138909585,
                        "A": -0.6507611310536032,
                        "phi_v": -0.4157857743278187,
                        "phi_0": 0.41830276536387384,
                        "alpha": 0.856816541575374
                    },
                    "value": 0.19079277498221425
                },
                "phi_v": {
                    "name": "phi_v",
                    "user_data": null,
                    "init_value": -1.3024644424263896e-06,
                    "min": -Infinity,
                    "max": Infinity,
                    "brute_step": null,
                    "stderr": 1.0240318599795918e-09,
                    "correl": {
                        "fr": 0.6197967056690841,
                        "Ql": 0.7351769672132862,
                        "Qe": 0.89056160094162,
                        "A": -0.41471688508933263,
                        "theta": -0.4157857743278187,
                        "phi_0": -0.9999961509380734,
                        "alpha": 0.07406516035845072
                    },
                    "value": -1.3057611298536673e-06
                },
                "phi_0": {
                    "name": "phi_0",
                    "user_data": null,
                    "init_value": 7675.535926335048,
                    "min": -Infinity,
                    "max": Infinity,
                    "brute_step": null,
                    "stderr": 6.047250092624049,
                    "correl": {
                        "fr": -0.6219137404784457,
                        "Ql": -0.7334354981599798,
                        "Qe": -0.8894124264551712,
                        "A": 0.4122016666388884,
                        "theta": 0.41830276536387384,
                        "phi_v": -0.9999961509380734,
                        "alpha": -0.07133179763672505
                    },
                    "value": 7694.9662577891
                },
                "alpha": {
                    "name": "alpha",
                    "user_data": null,
                    "init_value": 0,
                    "min": -1,
                    "max": 1,
                    "brute_step": null,
                    "stderr": 6.006415024907501,
                    "correl": {
                        "fr": -0.6866107712965742,
                        "Ql": 0.6715879608621182,
                        "Qe": 0.4793500438215264,
                        "A": -0.920025585840345,
                        "theta": 0.856816541575374,
                        "phi_v": 0.07406516035845072,
                        "phi_0": -0.07133179763672505
                    },
                    "value": 0.9995883733791775
                },
                "Qi": {
                    "name": "Qi",
                    "user_data": null,
                    "init_value": -131520.17572766045,
                    "min": -Infinity,
                    "max": Infinity,
                    "brute_step": null,
                    "stderr": 3573.053608705018,
                    "correl": null,
                    "value": 364.1319105146878
                },
                "Qc": {
                    "name": "Qc",
                    "user_data": null,
                    "init_value": 2604.3599153992186,
                    "min": -Infinity,