{
    "fit_success": true,
    "frequency_01": {
        "__dtype__": "UFloat",
        "nominal_value": 4292833508.8033204,
        "std_dev": 14760687.02569596
    },
    "fit_msg": "Summary\nFrequency 0-1: 4.293$\\pm$0.015 GHz\nPeak width: 40$\\pm$45 MHz\n",
    "fit_result": {
        "Lorentzian_peak": {
            "success": true,
            "message": "Fit succeeded.",
            "params": {
                "x0": {
                    "name": "x0",
                    "user_data": null,
                    "init_value": 4316883353.122913,
                    "min": -Infinity,
                    "max": Infinity,
                    "brute_step": null,
                    "stderr": 14760687.02569596,
                    "correl": {
                        "width": 0.19315294810588293,
                        "a": 0.18390324349793397,
                        "c": 0.002708020949542525
                    },
                    "value": 4292833508.8033204
                },
                "width": {
                    "name": "width",
                    "user_data": null,
                    "init_value": 40201512.61036511,
                    "min": -Infinity,
                    "max": Infinity,
                    "brute_step": null,
                    "stderr": 45434787.38089967,
                    "correl": {
                        "x0": 0.19315294810588293,
                        "a": 0.8362101032933171,
                        "c": -0.4005746890364721
                    },
                    "value": 40458453.66064596
                },
                "a": {
                    "name": "a",
                    "user_data": null,
                    "init_value": 1315797.3905142539,
                    "min": -Infinity,
                    "max": Infinity,
                    "brute_step": null,
                    "stderr": 520057.34827090363,
                    "correl": {
                        "x0": 0.18390324349793397,
                        "width": 0.8362101032933171,
                        "c": -0.5655436299338217
                    },
                    "value": 577332.1831694378
                },
                "c": {
                    "name": "c",
                    "user_data": null,
                    "init_value": 0.09394106363536993,
                    "min": -Infinity,
                    "max": Infinity,
                    "brute_step": null,
                    "stderr": 0.0022162424969062785,
                    "correl": {
                        "x0": 0.002708020949542525,
                        "width": -0.4005746890364721,
                        "a": -0.5655436299338217
                    },
                    "value": 0.09203634340182153
                }
            }
        }
    }
}