{
    "fit_success": true,
    "Qi": {
        "__dtype__": "UFloat",
        "nominal_value": 18507.551960822428,
        "std_dev": 317.4881242676644
    },
    "Qe": {
        "__dtype__": "UFloat",
        "nominal_value": 8709.553823476826,
        "std_dev": 59.50784699438741
    },
    "Ql": {
        "__dtype__": "UFloat",
        "nominal_value": 6760.9596766651375,
        "std_dev": 58.872680981976586
    },
    "Qc": {
        "__dtype__": "UFloat",
        "nominal_value": 10652.350017261373,
        "std_dev": 89.00934813546985
    },
    "fr": {
        "__dtype__": "UFloat",
        "nominal_value": 5718155305.052096,
        "std_dev": 3682.593006489871
    },
    "fit_msg": "Summary\n$Q_I$: 18.51$\\pm$0.32 k\n$Q_C$: 10.652$\\pm$0.089 k\n$f_{res}$: 5.7181553$\\pm$3.7e-06 GHz",
    "fit_result": {
        "hanger_func_complex_SI": {
            "success": true,
            "message": "Fit succeeded.",
            "params": {
                "fr": {
                    "name": "fr",
                    "user_data": null,
                    "init_value": 5718415326.633165,
                    "min": 5715350000.0,
                    "max": 5725350000.0,
                    "brute_step": null,
                    "stderr": 3682.593006489871,
                    "correl": {
                        "Ql": 0.0001915226249581195,
                        "Qe": 0.08199639141385376,
                        "A": 0.3143705078093644,
                        "theta": -0.7989929416565924,
                        "phi_v": 0.06366179992082484,
                        "phi_0": -0.06386421833503034,
                        "alpha": 0.39886920765935047
                    },
                    "value": 5718155305.052096
                },
                "Ql": {
                    "name": "Ql",
                    "user_data": null,
                    "init_value": 2576.46120117458,
                    "min": 57.18415326633166,
                    "max": 113796.46500115035,
                    "brute_step": null,
                    "stderr": 58.872680981976586,
                    "correl": {
                        "fr": 0.0001915226249581195,
                        "Qe": 0.798962087095029,
                        "A": -0.3482012141067558,
                        "theta": 0.081594417134655,
                        "phi_v": 0.39905766662614506,
                        "phi_0": -0.3990960215416918,
                        "alpha": -0.06515776833802993
                    },
                    "value": 6760.9596766651375
                },
                "Qe": {
                    "name": "Qe",
                    "user_data": null,
                    "init_value": 2525.4421674879545,
                    "min": 0,
                    "max": Infinity,
                    "brute_step": null,
                    "stderr": 59.50784699438741,
                    "correl": {
                        "fr": 0.08199639141385376,
                        "Ql": 0.798962087095029,
                        "A": -0.24191222957166236,
                        "theta": -0.00022130253043021298,
                        "phi_v": 0.5270546608093098,
                        "phi_0": -0.5271267556766034,
                        "alpha": 0.06408493897722689
                    },
                    "value": 8709.553823476826
                },
                "A": {
                    "name": "A",
                    "user_data": null,
                    "init_value": 0.38103290157855535,
                    "min": 0,
                    "max": Infinity,
                    "brute_step": null,
                    "stderr": 0.0006343861266043427,
                    "correl": {
                        "fr": 0.3143705078093644,
                        "Ql": -0.3482012141067558,
                        "Qe": -0.24191222957166236,
                        "theta": -0.4471372212450687,
                        "phi_v": -0.14821720865152893,
                        "phi_0": 0.1481533334415646,
                        "alpha": 0.6405362386998705
                    },
                    "value": 0.4104459978405075
                },
                "theta": {
                    "name": "theta",
                    "user_data": null,
                    "init_value": 0,
                    "min": -1.5707963267948966,
                    "max": 1.5707963267948966,
                    "brute_step": null,
                    "stderr": 0.0068328395710340216,
                    "correl": {
                        "fr": -0.7989929416565924,
                        "Ql": 0.081594417134655,
                        "Qe": -0.00022130253043021298,
                        "A": -0.4471372212450687,
                        "phi_v": 0.06608834643356483,
                        "phi_0": -0.06590057935277917,
                        "alpha": -0.5274346027736366
                    },
                    "value": 0.6135345622623758
                },
                "phi_v": {
                    "name": "phi_v",
                    "user_data": null,
                    "init_value": -1.0757142291113265e-07,
                    "min": -Infinity,
                    "max": Infinity,
                    "brute_step": null,
                    "stderr": 4.138144581616004e-10,
                    "correl": {
                        "fr": 0.06366179992082484,
                        "Ql": 0.39905766662614506,
                        "Qe": 0.5270546608093098,
                        "A": -0.14821720865152893,
                        "theta": 0.06608834643356483,
                        "phi_0": -0.9999998737270851,
                        "alpha": -0.004316438506471785
                    },
                    "value": -7.731528483758899e-08
                },
                "phi_0": {
                    "name": "phi_0",
                    "user_data": null,
                    "init_value": 613.9410686750464,
                    "min": -Infinity,
                    "max": Infinity,
                    "brute_step": null,
                    "stderr": 2.367245294291554,
                    "correl": {
                        "fr": -0.06386421833503034,
                        "Ql": -0.3990960215416918,
                        "Qe": -0.5271267556766034,
                        "A": 0.1481533334415646,
                        "theta": -0.06590057935277917,
                        "phi_v": -0.9999998737270851,
                        "alpha": 0.004215473196548472
                    },
                    "value": 441.0984671148973
                },
                "alpha": {
                    "name": "alpha",
                    "user_data": null,
                    "init_value": 0,
                    "min": -1,
                    "max": 1,
                    "brute_step": null,
                    "stderr": 2.652259234824094,
                    "correl": {
                        "fr": 0.39886920765935047,
                        "Ql": -0.06515776833802993,
                        "Qe": 0.06408493897722689,
                        "A": 0.6405362386998705,
                        "theta": -0.5274346027736366,
                        "phi_v": -0.004316438506471785,
                        "phi_0": 0.004215473196548472
                    },
                    "value": 0.9999571804449867
                },
                "Qi": {
                    "name": "Qi",
                    "user_data": null,
                    "init_value": -127534.82945814214,
                    "min": -Infinity,
                    "max": Infinity,
                    "brute_step": null,
                    "stderr": 317.4881242676644,
                    "correl": null,
                    "value": 18507.551960822428
                },
                "Qc": {
                    "name": "Qc",
                    "user_data": null,
                    "init_value": 2525.4421674879545,