{
    "fit_success": true,
    "Qi": {
        "__dtype__": "UFloat",
        "nominal_value": 1374.8229049431102,
        "std_dev": 767.2989970240279
    },
    "Qe": {
        "__dtype__": "UFloat",
        "nominal_value": 21281.18254921238,
        "std_dev": 18554.63526524435
    },
    "Ql": {
        "__dtype__": "UFloat",
        "nominal_value": 1306.6123928072398,
        "std_dev": 714.7530760965586
    },
    "Qc": {
        "__dtype__": "UFloat",
        "nominal_value": 26335.539629664323,
        "std_dev": 28427.906811900506
    },
    "fr": {
        "__dtype__": "UFloat",
        "nominal_value": 5795000663.105137,
        "std_dev": 1216303.3825213173
    },
    "fit_msg": "Summary\n$Q_I$: 1.37$\\pm$0.77 k\n$Q_C$: 26$\\pm$28 k\n$f_{res}$: 5.7950$\\pm$0.0012 GHz",
    "fit_result": {
        "hanger_func_complex_SI": {
            "success": true,
            "message": "Fit succeeded.",
            "params": {
                "fr": {
                    "name": "fr",
                    "user_data": null,
                    "init_value": 5795150753.768845,
                    "min": 5795000000.0,
                    "max": 5805000000.0,
                    "brute_step": null,
                    "stderr": 1216303.3825213173,
                    "correl": {
                        "Ql": 0.000953101380854033,
                        "Qe": 0.5309531172397111,
                        "A": -0.872743103772561,
                        "theta": -0.8244934593470734,
                        "phi_v": 0.08411410575363765,
                        "phi_0": -0.08337713353513838,
                        "alpha": -0.8591352161873574
                    },
                    "value": 5795000663.105137
                },
                "Ql": {
                    "name": "Ql",
                    "user_data": null,
                    "init_value": 2611.034739380144,
                    "min": 57.95150753768846,
                    "max": 115323.50000116581,
                    "brute_step": null,
                    "stderr": 714.7530760965586,
                    "correl": {
                        "fr": 0.000953101380854033,
                        "Qe": 0.8243402873315646,
                        "A": 0.31714113987865494,
                        "theta": 0.5291252917789598,
                        "phi_v": -0.854998149410438,
                        "phi_0": 0.8552269367472356,
                        "alpha": -0.021330331525963878
                    },
                    "value": 1306.6123928072398
                },
                "Qe": {
                    "name": "Qe",
                    "user_data": null,
                    "init_value": 2559.331081174597,
                    "min": 0,
                    "max": Infinity,
                    "brute_step": null,
                    "stderr": 18554.63526524435,
                    "correl": {
                        "fr": 0.5309531172397111,
                        "Ql": 0.8243402873315646,
                        "A": -0.22398793185616783,
                        "theta": -0.0012315071635861236,
                        "phi_v": -0.7265461114294816,
                        "phi_0": 0.7271313060390465,
                        "alpha": -0.5228257739067127
                    },
                    "value": 21281.18254921238
                },
                "A": {
                    "name": "A",
                    "user_data": null,
                    "init_value": 0.005496336038686655,
                    "min": 0,
                    "max": Infinity,
                    "brute_step": null,
                    "stderr": 0.00014781492555920265,
                    "correl": {
                        "fr": -0.872743103772561,
                        "Ql": 0.31714113987865494,
                        "Qe": -0.22398793185616783,
                        "theta": 0.9530734845760802,
                        "phi_v": -0.3991590004472905,
                        "phi_0": 0.39849947293181615,
                        "alpha": 0.9188034571098584
                    },
                    "value": 0.00550254023848562
                },
                "theta": {
                    "name": "theta",
                    "user_data": null,
                    "init_value": 0,
                    "min": -1.5707963267948966,
                    "max": 1.5707963267948966,
                    "brute_step": null,
                    "stderr": 0.8715623699987419,
                    "correl": {
                        "fr": -0.8244934593470734,
                        "Ql": 0.5291252917789598,
                        "Qe": -0.0012315071635861236,
                        "A": 0.9530734845760802,
                        "phi_v": -0.5773544894501507,
                        "phi_0": 0.5768166460661278,
                        "alpha": 0.7681719908374472
                    },
                    "value": -0.6299134951134445
                },
                "phi_v": {
                    "name": "phi_v",
                    "user_data": null,
                    "init_value": -1.2887043111198906e-06,
                    "min": -Infinity,
                    "max": Infinity,
                    "brute_step": null,
                    "stderr": 2.249615703033881e-09,
                    "correl": {
                        "fr": 0.08411410575363765,
                        "Ql": -0.854998149410438,
                        "Qe": -0.7265461114294816,
                        "A": -0.3991590004472905,
                        "theta": -0.5773544894501507,
                        "phi_0": -0.9999996236768054,
                        "alpha": -0.07425492908842458
                    },
                    "value": -1.2941129568511322e-06
                },
                "phi_0": {
                    "name": "phi_0",
                    "user_data": null,
                    "init_value": 7470.1574908485245,
                    "min": -Infinity,
                    "max": Infinity,
                    "brute_step": null,
                    "stderr": 13.061027347514257,
                    "correl": {
                        "fr": -0.08337713353513838,
                        "Ql": 0.8552269367472356,
                        "Qe": 0.7271313060390465,
                        "A": 0.39849947293181615,
                        "theta": 0.5768166460661278,
                        "phi_v": -0.9999996236768054,
                        "alpha": 0.07351250851754292
                    },
                    "value": 7501.445119120625
                },
                "alpha": {
                    "name": "alpha",
                    "user_data": null,
                    "init_value": 0,
                    "min": -1,
                    "max": 1,
                    "brute_step": null,
                    "stderr": 28.73080994123668,
                    "correl": {
                        "fr": -0.8591352161873574,
                        "Ql": -0.021330331525963878,
                        "Qe": -0.5228257739067127,
                        "A": 0.9188034571098584,
                        "theta": 0.7681719908374472,
                        "phi_v": -0.07425492908842458,
                        "phi_0": 0.07351250851754292
                    },
                    "value": 0.9868949517240551
                },
                "Qi": {
                    "name": "Qi",
                    "user_data": null,
                    "init_value": -129246.21959931872,
                    "min": -Infinity,
                    "max": Infinity,
                    "brute_step": null,
                    "stderr": 767.2989970240279,
                    "correl": null,
                    "value": 1374.8229049431102
                },
                "Qc": {
                    "name": "Qc",
                    "user_data": null,
                    "init_value": 2559.331081174597,
                    "min": -Infinity,