{
    "amplitude": {
        "__dtype__": "UFloat",
        "nominal_value": 451429.6383717606,
        "std_dev": 22619.33540119793
    },
    "frequency": {
        "__dtype__": "UFloat",
        "nominal_value": 10.770928297765657,
        "std_dev": 0.24167316547041856
    },
    "shift": {
        "__dtype__": "UFloat",
        "nominal_value": 0.1849395037850874,
        "std_dev": 0.04665542478346771
    },
    "offset": {
        "__dtype__": "UFloat",
        "nominal_value": 6008064989.481186,
        "std_dev": 58470.53462047606
    },
    "offset_0": {
        "__dtype__": "UFloat",
        "nominal_value": 0.1286664236078235,
        "std_dev": 0.005205511028277908
    },
    "freq_0": 6008516419.119557,
    "fit_success": true,
    "fit_msg": "Summary:\nf_0: 6.0085 GHz\noffset_0: 128.7$\\pm$5.2 mV\n",
    "fit_result": {
        "sin": {
            "success": true,
            "message": "Fit succeeded.",
            "params": {
                "amplitude": {
                    "name": "amplitude",
                    "user_data": null,
                    "init_value": 435310.7849935362,
                    "min": 0,
                    "max": Infinity,
                    "brute_step": null,
                    "stderr": 22619.33540119793,
                    "correl": {
                        "frequency": 0.1937570806972327,
                        "shift": -0.03561066048645913
                    },
                    "value": 451429.6383717606
                },
                "frequency": {
                    "name": "frequency",
                    "user_data": null,
                    "init_value": 10.122909661567112,
                    "min": 0,
                    "max": Infinity,
                    "brute_step": null,
                    "stderr": 0.24167316547041856,
                    "correl": {
                        "amplitude": 0.1937570806972327,
                        "shift": -0.07587151221738492
                    },
                    "value": 10.770928297765657
                },
                "shift": {
                    "name": "shift",
                    "user_data": null,
                    "init_value": 0.0,
                    "min": -6.283195307179586,
                    "max": 6.283195307179586,
                    "brute_step": null,
                    "stderr": 0.04665542478346771,
                    "correl": {
                        "amplitude": -0.03561066048645913,
                        "frequency": -0.07587151221738492
                    },
                    "value": 0.1849395037850874
                },
                "offset": {
                    "name": "offset",
                    "user_data": null,
                    "init_value": 6008064989.481186,
                    "min": -Infinity,
                    "max": Infinity,
                    "brute_step": null,
                    "stderr": 58470.53462047606,
                    "correl": null,
                    "value": 6008064989.481186
                }
            }
        }
    }
}