{
    "fit_success": true,
    "Qi": {
        "__dtype__": "UFloat",
        "nominal_value": 1229.937536995585,
        "std_dev": 1361.5973986864312
    },
    "Qe": {
        "__dtype__": "UFloat",
        "nominal_value": 676402.0594642285,
        "std_dev": 1233217.4348535945
    },
    "Ql": {
        "__dtype__": "UFloat",
        "nominal_value": 1229.8458463947875,
        "std_dev": 1362.567818409643
    },
    "Qc": {
        "__dtype__": "UFloat",
        "nominal_value": 16497149.740949258,
        "std_dev": 733508993.1148676
    },
    "fr": {
        "__dtype__": "UFloat",
        "nominal_value": 5896768343.333788,
        "std_dev": 2657074.4123981255
    },
    "fit_msg": "Summary\n$Q_I$: 1.2$\\pm$1.4 k\n$Q_C$: 16.$\\pm$7.3e+02 M\n$f_{res}$: 5.8968$\\pm$0.0027 GHz",
    "fit_result": {
        "hanger_func_complex_SI": {
            "success": true,
            "message": "Fit succeeded.",
            "params": {
                "fr": {
                    "name": "fr",
                    "user_data": null,
                    "init_value": 5897412060.301508,
                    "min": 5895000000.0,
                    "max": 5905000000.0,
                    "brute_step": null,
                    "stderr": 2657074.4123981255,
                    "correl": {
                        "Ql": 0.0009435067504447377,
                        "Qe": 0.25306331478806987,
                        "A": 0.8414938497529211,
                        "theta": -0.9344713399600455,
                        "phi_v": -0.11450293151884419,
                        "phi_0": 0.11369834240658175,
                        "alpha": -0.8086679923948145
                    },
                    "value": 5896768343.333788
                },
                "Ql": {
                    "name": "Ql",
                    "user_data": null,
                    "init_value": 2657.109092782864,
                    "min": 58.97412060301508,
                    "max": 117358.50000118637,
                    "brute_step": null,
                    "stderr": 1362.567818409643,
                    "correl": {
                        "fr": 0.0009435067504447377,
                        "Qe": 0.934417280604132,
                        "A": -0.4133790972015613,
                        "theta": 0.2511082659741803,
                        "phi_v": 0.8020403815546077,
                        "phi_0": -0.8022713574669019,
                        "alpha": -0.05411266752992665
                    },
                    "value": 1229.8458463947875
                },
                "Qe": {
                    "name": "Qe",
                    "user_data": null,
                    "init_value": 2604.4930711435995,
                    "min": 0,
                    "max": Infinity,
                    "brute_step": null,
                    "stderr": 1233217.4348535945,
                    "correl": {
                        "fr": 0.25306331478806987,
                        "Ql": 0.934417280604132,
                        "A": -0.18520458852272048,
                        "theta": -0.0011068614482321777,
                        "phi_v": 0.8270065316511541,
                        "phi_0": -0.8274440872137502,
                        "alpha": -0.29874704273349256
                    },
                    "value": 676402.0594642285
                },
                "A": {
                    "name": "A",
                    "user_data": null,
                    "init_value": 0.01018719953310147,
                    "min": 0,
                    "max": Infinity,
                    "brute_step": null,
                    "stderr": 2.1551499835648153e-05,
                    "correl": {
                        "fr": 0.8414938497529211,
                        "Ql": -0.4133790972015613,
                        "Qe": -0.18520458852272048,
                        "theta": -0.9685598409907266,
                        "phi_v": -0.5119465950120418,
                        "phi_0": 0.5112788325689782,
                        "alpha": -0.8248163702474408
                    },
                    "value": 0.010185669880919068
                },
                "theta": {
                    "name": "theta",
                    "user_data": null,
                    "init_value": 0,
                    "min": -1.5707963267948966,
                    "max": 1.5707963267948966,
                    "brute_step": null,
                    "stderr": 1.8231071268532606,
                    "correl": {
                        "fr": -0.9344713399600455,
                        "Ql": 0.2511082659741803,
                        "Qe": -0.0011068614482321777,
                        "A": -0.9685598409907266,
                        "phi_v": 0.361636635148329,
                        "phi_0": -0.360869467947543,
                        "alpha": 0.852558807893078
                    },
                    "value": 1.529783683428505
                },
                "phi_v": {
                    "name": "phi_v",
                    "user_data": null,
                    "init_value": -1.3040023756776708e-06,
                    "min": -Infinity,
                    "max": Infinity,
                    "brute_step": null,
                    "stderr": 2.1166068009872527e-10,
                    "correl": {
                        "fr": -0.11450293151884419,
                        "Ql": 0.8020403815546077,
                        "Qe": 0.8270065316511541,
                        "A": -0.5119465950120418,
                        "theta": 0.361636635148329,
                        "phi_0": -0.9999995730790472,
                        "alpha": 0.07604964638312942
                    },
                    "value": -1.3038095399497415e-06
                },
                "phi_0": {
                    "name": "phi_0",
                    "user_data": null,
                    "init_value": 7684.4892807792585,
                    "min": -Infinity,
                    "max": Infinity,
                    "brute_step": null,
                    "stderr": 1.2494602061795703,
                    "correl": {
                        "fr": 0.11369834240658175,
                        "Ql": -0.8022713574669019,
                        "Qe": -0.8274440872137502,
                        "A": 0.5112788325689782,
                        "theta": -0.360869467947543,
                        "phi_v": -0.9999995730790472,
                        "alpha": -0.07524079239575462
                    },
                    "value": 7683.346803631049
                },
                "alpha": {
                    "name": "alpha",
                    "user_data": null,
                    "init_value": 0,
                    "min": -1,
                    "max": 1,
                    "brute_step": null,
                    "stderr": 1.2498945038616631,
                    "correl": {
                        "fr": -0.8086679923948145,
                        "Ql": -0.05411266752992665,
                        "Qe": -0.29874704273349256,
                        "A": -0.8248163702474408,
                        "theta": 0.852558807893078,
                        "phi_v": 0.07604964638312942,
                        "phi_0": -0.07524079239575462
                    },
                    "value": 0.996904027087087
                },
                "Qi": {
                    "name": "Qi",
                    "user_data": null,
                    "init_value": -131526.9000927521,
                    "min": -Infinity,
                    "max": Infinity,
                    "brute_step": null,
                    "stderr": 1361.5973986864312,
                    "correl": null,
                    "value": 1229.937536995585
                },
                "Qc": {
                    "name": "Qc",
                    "user_data": null,
                    "init_value": 2604.4930711435995,
                    "min": -Infinity,