{
    "fit_success": true,
    "Qi": {
        "__dtype__": "UFloat",
        "nominal_value": 1887.8690003922293,
        "std_dev": 2346.750747119277
    },
    "Qe": {
        "__dtype__": "UFloat",
        "nominal_value": 112661.05960202412,
        "std_dev": 204862.36514009268
    },
    "Ql": {
        "__dtype__": "UFloat",
        "nominal_value": 1860.9686931083447,
        "std_dev": 2334.1166224936333
    },
    "Qc": {
        "__dtype__": "UFloat",
        "nominal_value": 130603.15889121302,
        "std_dev": 275332.0677332508
    },
    "fr": {
        "__dtype__": "UFloat",
        "nominal_value": 5795470578.141504,
        "std_dev": 1952331.6810740377
    },
    "fit_msg": "Summary\n$Q_I$: 1.9$\\pm$2.3 k\n$Q_C$: 1.3e+02$\\pm$2.8e+02 k\n$f_{res}$: 5.7955$\\pm$0.0020 GHz",
    "fit_result": {
        "hanger_func_complex_SI": {
            "success": true,
            "message": "Fit succeeded.",
            "params": {
                "fr": {
                    "name": "fr",
                    "user_data": null,
                    "init_value": 5795703517.587939,
                    "min": 5795000000.0,
                    "max": 5805000000.0,
                    "brute_step": null,
                    "stderr": 1952331.6810740377,
                    "correl": {
                        "Ql": 0.00026547123159269834,
                        "Qe": 0.42506954074246167,
                        "A": -0.4579860163878676,
                        "theta": -0.8665941419136679,
                        "phi_v": 0.780085473631776,
                        "phi_0": -0.7801788736725311,
                        "alpha": 0.16654396986867165
                    },
                    "value": 5795470578.141504
                },
                "Ql": {
                    "name": "Ql",
                    "user_data": null,
                    "init_value": 2611.283789939077,
                    "min": 57.95703517587939,
                    "max": 115334.5000011659,
                    "brute_step": null,
                    "stderr": 2334.1166224936333,
                    "correl": {
                        "fr": 0.00026547123159269834,
                        "Qe": 0.8668824194596826,
                        "A": -0.7524610143294356,
                        "theta": 0.42516129026213817,
                        "phi_v": -0.10867790840957894,
                        "phi_0": 0.10924440041260962,
                        "alpha": 0.770054105690255
                    },
                    "value": 1860.9686931083447
                },
                "Qe": {
                    "name": "Qe",
                    "user_data": null,
                    "init_value": 2559.575200039293,
                    "min": 0,
                    "max": Infinity,
                    "brute_step": null,
                    "stderr": 204862.36514009268,
                    "correl": {
                        "fr": 0.42506954074246167,
                        "Ql": 0.8668824194596826,
                        "A": -0.9556713198467881,
                        "theta": 0.00038219625218744607,
                        "phi_v": 0.2851330523874304,
                        "phi_0": -0.28462473839982044,
                        "alpha": 0.8568894707210314
                    },
                    "value": 112661.05960202412
                },
                "A": {
                    "name": "A",
                    "user_data": null,
                    "init_value": 0.0051909737429633954,
                    "min": 0,
                    "max": Infinity,
                    "brute_step": null,
                    "stderr": 7.518025427634653e-05,
                    "correl": {
                        "fr": -0.4579860163878676,
                        "Ql": -0.7524610143294356,
                        "Qe": -0.9556713198467881,
                        "theta": 0.07283976540716175,
                        "phi_v": -0.3486335881651812,
                        "phi_0": 0.3481572463878274,
                        "alpha": -0.9206109554252728
                    },
                    "value": 0.005221307223727489
                },
                "theta": {
                    "name": "theta",
                    "user_data": null,
                    "init_value": 0,
                    "min": -1.5707963267948966,
                    "max": 1.5707963267948966,
                    "brute_step": null,
                    "stderr": 1.8177819976808975,
                    "correl": {
                        "fr": -0.8665941419136679,
                        "Ql": 0.42516129026213817,
                        "Qe": 0.00038219625218744607,
                        "A": 0.07283976540716175,
                        "phi_v": -0.8377838672089537,
                        "phi_0": 0.8381108673223866,
                        "alpha": 0.22247746835685636
                    },
                    "value": 0.5303674666944485
                },
                "phi_v": {
                    "name": "phi_v",
                    "user_data": null,
                    "init_value": -1.3047724163030841e-06,
                    "min": -Infinity,
                    "max": Infinity,
                    "brute_step": null,
                    "stderr": 1.5376525303264866e-09,
                    "correl": {
                        "fr": 0.780085473631776,
                        "Ql": -0.10867790840957894,
                        "Qe": 0.2851330523874304,
                        "A": -0.3486335881651812,
                        "theta": -0.8377838672089537,
                        "phi_0": -0.9999997569841695,
                        "alpha": 0.07438846279861532
                    },
                    "value": -1.2918921683270382e-06
                },
                "phi_0": {
                    "name": "phi_0",
                    "user_data": null,
                    "init_value": 7562.9938017927725,
                    "min": -Infinity,
                    "max": Infinity,
                    "brute_step": null,
                    "stderr": 8.924558565876934,
                    "correl": {
                        "fr": -0.7801788736725311,
                        "Ql": 0.10924440041260962,
                        "Qe": -0.28462473839982044,
                        "A": 0.3481572463878274,
                        "theta": 0.8381108673223866,
                        "phi_v": -0.9999997569841695,
                        "alpha": -0.07385777037780991
                    },
                    "value": 7488.356244333633
                },
                "alpha": {
                    "name": "alpha",
                    "user_data": null,
                    "init_value": 0,
                    "min": -1,
                    "max": 1,
                    "brute_step": null,
                    "stderr": 8.792307822475067,
                    "correl": {
                        "fr": 0.16654396986867165,
                        "Ql": 0.770054105690255,
                        "Qe": 0.8568894707210314,
                        "A": -0.9206109554252728,
                        "theta": 0.22247746835685636,
                        "phi_v": 0.07438846279861532,
                        "phi_0": -0.07385777037780991
                    },
                    "value": 0.9993818340437846
                },
                "Qi": {
                    "name": "Qi",
                    "user_data": null,
                    "init_value": -129258.5476019834,
                    "min": -Infinity,
                    "max": Infinity,
                    "brute_step": null,
                    "stderr": 2346.750747119277,
                    "correl": null,
                    "value": 1887.8690003922293
                },
                "Qc": {
                    "name": "Qc",
                    "user_data": null,
                    "init_value": 2559.575200039293,