{
    "fit_success": true,
    "Qi": {
        "__dtype__": "UFloat",
        "nominal_value": 29707.474137539823,
        "std_dev": 1491.8110338049414
    },
    "Qe": {
        "__dtype__": "UFloat",
        "nominal_value": 3166.6641658494514,
        "std_dev": 16.52407727436697
    },
    "Ql": {
        "__dtype__": "UFloat",
        "nominal_value": 2890.9920865618806,
        "std_dev": 20.80551019532167
    },
    "Qc": {
        "__dtype__": "UFloat",
        "nominal_value": 3202.6599342935565,
        "std_dev": 16.9014085765161
    },
    "fr": {
        "__dtype__": "UFloat",
        "nominal_value": 6008059026.197156,
        "std_dev": 7478.713614657238
    },
    "fit_msg": "Summary\n$Q_I$: 29.7$\\pm$1.5 k\n$Q_C$: 3.203$\\pm$0.017 k\n$f_{res}$: 6.0080590$\\pm$7.5e-06 GHz",
    "fit_result": {
        "hanger_func_complex_SI": {
            "success": true,
            "message": "Fit succeeded.",
            "params": {
                "fr": {
                    "name": "fr",
                    "user_data": null,
                    "init_value": 6008291457.286432,
                    "min": 5970000000.0,
                    "max": 6030000000.0,
                    "brute_step": null,
                    "stderr": 7478.713614657238,
                    "correl": {
                        "Ql": 0.00024389319693675018,
                        "Qe": -0.0031693628998072463,
                        "A": -0.023348575929686043,
                        "theta": -0.7469933260741528,
                        "phi_v": -0.1432161889227264,
                        "phi_0": 0.14256119058243003,
                        "alpha": -0.21415413555616797
                    },
                    "value": 6008059026.197156
                },
                "Ql": {
                    "name": "Ql",
                    "user_data": null,
                    "init_value": 451.1777284660191,
                    "min": 10.013819095477388,
                    "max": 19927.500000012355,
                    "brute_step": null,
                    "stderr": 20.80551019532167,
                    "correl": {
                        "fr": 0.00024389319693675018,
                        "Qe": 0.7469467547727299,
                        "A": -0.2670016509252285,
                        "theta": -0.0036171918674192957,
                        "phi_v": 0.21325871073513938,
                        "phi_0": -0.21350054347658975,
                        "alpha": -0.14214402664683384
                    },
                    "value": 2890.9920865618806
                },
                "Qe": {
                    "name": "Qe",
                    "user_data": null,
                    "init_value": 442.2435160211474,
                    "min": 0,
                    "max": Infinity,
                    "brute_step": null,
                    "stderr": 16.52407727436697,
                    "correl": {
                        "fr": -0.0031693628998072463,
                        "Ql": 0.7469467547727299,
                        "A": -0.21806756676618338,
                        "theta": -0.0002039575149923915,
                        "phi_v": 0.2937062579212334,
                        "phi_0": -0.2940308396852847,
                        "alpha": -0.13242389261814394
                    },
                    "value": 3166.6641658494514
                },
                "A": {
                    "name": "A",
                    "user_data": null,
                    "init_value": 0.010411409360706227,
                    "min": 0,
                    "max": Infinity,
                    "brute_step": null,
                    "stderr": 9.055805512198618e-06,
                    "correl": {
                        "fr": -0.023348575929686043,
                        "Ql": -0.2670016509252285,
                        "Qe": -0.21806756676618338,
                        "theta": 0.033773873524694735,
                        "phi_v": -0.054064786927726156,
                        "phi_0": 0.054156686586216536,
                        "alpha": 0.45333911497095286
                    },
                    "value": 0.010741524671621816
                },
                "theta": {
                    "name": "theta",
                    "user_data": null,
                    "init_value": 0,
                    "min": -1.5707963267948966,
                    "max": 1.5707963267948966,
                    "brute_step": null,
                    "stderr": 0.005218745588111916,
                    "correl": {
                        "fr": -0.7469933260741528,
                        "Ql": -0.0036171918674192957,
                        "Qe": -0.0002039575149923915,
                        "A": 0.033773873524694735,
                        "phi_v": 0.13378171273530587,
                        "phi_0": -0.13326968681583393,
                        "alpha": 0.29463826905854906
                    },
                    "value": 0.15006966567819702
                },
                "phi_v": {
                    "name": "phi_v",
                    "user_data": null,
                    "init_value": -8.133983793235136e-08,
                    "min": -Infinity,
                    "max": Infinity,
                    "brute_step": null,
                    "stderr": 4.3600485664661606e-11,
                    "correl": {
                        "fr": -0.1432161889227264,
                        "Ql": 0.21325871073513938,
                        "Qe": 0.2937062579212334,
                        "A": -0.054064786927726156,
                        "theta": 0.13378171273530587,
                        "phi_0": -0.9999958710830446,
                        "alpha": 0.0043708957583883205
                    },
                    "value": -7.139316167206986e-08
                },
                "phi_0": {
                    "name": "phi_0",
                    "user_data": null,
                    "init_value": 485.8688367863877,
                    "min": -Infinity,
                    "max": Infinity,
                    "brute_step": null,
                    "stderr": 0.2615723213296078,
                    "correl": {
                        "fr": 0.14256119058243003,
                        "Ql": -0.21350054347658975,
                        "Qe": -0.2940308396852847,
                        "A": 0.054156686586216536,
                        "theta": -0.13326968681583393,
                        "phi_v": -0.9999958710830446,
                        "alpha": -0.004180696961702486
                    },
                    "value": 426.49223429493344
                },
                "alpha": {
                    "name": "alpha",
                    "user_data": null,
                    "init_value": 0,
                    "min": -1,
                    "max": 1,
                    "brute_step": null,
                    "stderr": 0.2623978347719332,
                    "correl": {
                        "fr": -0.21415413555616797,
                        "Ql": -0.14214402664683384,
                        "Qe": -0.13242389261814394,
                        "A": 0.45333911497095286,
                        "theta": 0.29463826905854906,
                        "phi_v": 0.0043708957583883205,
                        "phi_0": -0.004180696961702486
                    },
                    "value": -0.4609925655881446
                },
                "Qi": {
                    "name": "Qi",
                    "user_data": null,
                    "init_value": -22333.297559067745,
                    "min": -Infinity,
                    "max": Infinity,
                    "brute_step": null,
                    "stderr": 1491.8110338049414,
                    "correl": null,
                    "value": 29707.474137539823
                },
                "Qc": {
                    "name": "Qc",
                    "user_data": null,