{
    "fit_success": true,
    "Qi": {
        "__dtype__": "UFloat",
        "nominal_value": 32779.24946344175,
        "std_dev": 2083.821373264731
    },
    "Qe": {
        "__dtype__": "UFloat",
        "nominal_value": 2637.595619986916,
        "std_dev": 14.378592033165246
    },
    "Ql": {
        "__dtype__": "UFloat",
        "nominal_value": 3280.0615053653028,
        "std_dev": 23.726198225012148
    },
    "Qc": {
        "__dtype__": "UFloat",
        "nominal_value": 3644.776747502458,
        "std_dev": 27.453250090265332
    },
    "fr": {
        "__dtype__": "UFloat",
        "nominal_value": 5834330620.784572,
        "std_dev": 6432.365883520288
    },
    "fit_msg": "Summary\n$Q_I$: 32.8$\\pm$2.1 k\n$Q_C$: 3.645$\\pm$0.027 k\n$f_{res}$: 5.8343306$\\pm$6.4e-06 GHz",
    "fit_result": {
        "hanger_func_complex_SI": {
            "success": true,
            "message": "Fit succeeded.",
            "params": {
                "fr": {
                    "name": "fr",
                    "user_data": null,
                    "init_value": 5835136884.422111,
                    "min": 5819760000.0,
                    "max": 5849760000.0,
                    "brute_step": null,
                    "stderr": 6432.365883520288,
                    "correl": {
                        "Ql": 0.0001852997961383886,
                        "Qe": 0.056858622286785745,
                        "A": 0.20499338790129215,
                        "theta": -0.7604299270773166,
                        "phi_v": -0.21361471013503508,
                        "phi_0": 0.21326494359598222,
                        "alpha": 0.2485236679164497
                    },
                    "value": 5834330620.784572
                },
                "Ql": {
                    "name": "Ql",
                    "user_data": null,
                    "init_value": 876.350231516576,
                    "min": 19.450456281407035,
                    "max": 38706.408000146424,
                    "brute_step": null,
                    "stderr": 23.726198225012148,
                    "correl": {
                        "fr": 0.0001852997961383886,
                        "Qe": 0.7605139206886232,
                        "A": -0.24264876307676844,
                        "theta": 0.05657907859336606,
                        "phi_v": 0.24746593659077404,
                        "phi_0": -0.24778199208597895,
                        "alpha": 0.2124965976240177
                    },
                    "value": 3280.0615053653028
                },
                "Qe": {
                    "name": "Qe",
                    "user_data": null,
                    "init_value": 858.9967615855547,
                    "min": 0,
                    "max": Infinity,
                    "brute_step": null,
                    "stderr": 14.378592033165246,
                    "correl": {
                        "fr": 0.056858622286785745,
                        "Ql": 0.7605139206886232,
                        "A": -0.0885058228944249,
                        "theta": -5.653665237629737e-05,
                        "phi_v": 0.30567958163885656,
                        "phi_0": -0.30611705204228207,
                        "alpha": 0.30132502470174705
                    },
                    "value": 2637.595619986916
                },
                "A": {
                    "name": "A",
                    "user_data": null,
                    "init_value": 0.24844609971828663,
                    "min": 0,
                    "max": Infinity,
                    "brute_step": null,
                    "stderr": 0.000344674797985267,
                    "correl": {
                        "fr": 0.20499338790129215,
                        "Ql": -0.24264876307676844,
                        "Qe": -0.0885058228944249,
                        "theta": -0.2851416375054775,
                        "phi_v": -0.10562671457252847,
                        "phi_0": 0.1056362222345253,
                        "alpha": -0.031676813721475704
                    },
                    "value": 0.2577327486599663
                },
                "theta": {
                    "name": "theta",
                    "user_data": null,
                    "init_value": 0,
                    "min": -1.5707963267948966,
                    "max": 1.5707963267948966,
                    "brute_step": null,
                    "stderr": 0.005450458582660581,
                    "correl": {
                        "fr": -0.7604299270773166,
                        "Ql": 0.05657907859336606,
                        "Qe": -5.653665237629737e-05,
                        "A": -0.2851416375054775,
                        "phi_v": 0.3030580916724502,
                        "phi_0": -0.3029392046310827,
                        "alpha": -0.3071409057793832
                    },
                    "value": 0.7616989512841363
                },
                "phi_v": {
                    "name": "phi_v",
                    "user_data": null,
                    "init_value": -1.2123221470406307e-07,
                    "min": -Infinity,
                    "max": Infinity,
                    "brute_step": null,
                    "stderr": 1.5557172384419926e-10,
                    "correl": {
                        "fr": -0.21361471013503508,
                        "Ql": 0.24746593659077404,
                        "Qe": 0.30567958163885656,
                        "A": -0.10562671457252847,
                        "theta": 0.3030580916724502,
                        "phi_0": -0.9999989139744948,
                        "alpha": -0.0059889187842352195
                    },
                    "value": -1.0549295785481504e-07
                },
                "phi_0": {
                    "name": "phi_0",
                    "user_data": null,
                    "init_value": 704.6332792742481,
                    "min": -Infinity,
                    "max": Infinity,
                    "brute_step": null,
                    "stderr": 0.9076171853700625,
                    "correl": {
                        "fr": 0.21326494359598222,
                        "Ql": -0.24778199208597895,
                        "Qe": -0.30611705204228207,
                        "A": 0.1056362222345253,
                        "theta": -0.3029392046310827,
                        "phi_v": -0.9999989139744948,
                        "alpha": 0.00582121031173717
                    },
                    "value": 613.0485716005746
                },
                "alpha": {
                    "name": "alpha",
                    "user_data": null,
                    "init_value": 0,
                    "min": -1,
                    "max": 1,
                    "brute_step": null,
                    "stderr": 1.1362208402893488,
                    "correl": {
                        "fr": 0.2485236679164497,
                        "Ql": 0.2124965976240177,
                        "Qe": 0.30132502470174705,
                        "A": -0.031676813721475704,
                        "theta": -0.3071409057793832,
                        "phi_v": -0.0059889187842352195,
                        "phi_0": 0.00582121031173717
                    },
                    "value": 0.9999710077528983
                },
                "Qi": {
                    "name": "Qi",
                    "user_data": null,
                    "init_value": -43379.33646007096,
                    "min": -Infinity,
                    "max": Infinity,
                    "brute_step": null,
                    "stderr": 2083.821373264731,
                    "correl": null,
                    "value": 32779.24946344175
                },
                "Qc": {
                    "name": "Qc",
                    "user_data": null,
                    "init_value": 858.9967615855547,