{
    "fit_success": true,
    "Qi": {
        "__dtype__": "UFloat",
        "nominal_value": 25727.91115037386,
        "std_dev": 4370.875661081186
    },
    "Qe": {
        "__dtype__": "UFloat",
        "nominal_value": 2604.858920536357,
        "std_dev": 48.61854391940458
    },
    "Ql": {
        "__dtype__": "UFloat",
        "nominal_value": 2848.1360152871216,
        "std_dev": 69.78625628060482
    },
    "Qc": {
        "__dtype__": "UFloat",
        "nominal_value": 3202.679655409521,
        "std_dev": 73.48110375728278
    },
    "fr": {
        "__dtype__": "UFloat",
        "nominal_value": 5837746343.945754,
        "std_dev": 25108.91370963583
    },
    "fit_msg": "Summary\n$Q_I$: 25.7$\\pm$4.4 k\n$Q_C$: 3.203$\\pm$0.073 k\n$f_{res}$: 5.837746$\\pm$2.5e-05 GHz",
    "fit_result": {
        "hanger_func_complex_SI": {
            "success": true,
            "message": "Fit succeeded.",
            "params": {
                "fr": {
                    "name": "fr",
                    "user_data": null,
                    "init_value": 5838417085.427135,
                    "min": 5825000000.0,
                    "max": 5855000000.0,
                    "brute_step": null,
                    "stderr": 25108.91370963583,
                    "correl": {
                        "Ql": 0.0003482126240685035,
                        "Qe": 0.060110127685507726,
                        "A": 0.22979915793916084,
                        "theta": -0.7724901355674831,
                        "phi_v": -0.1265308357352372,
                        "phi_0": 0.12608066339602222,
                        "alpha": 0.32803521669520136
                    },
                    "value": 5837746343.945754
                },
                "Ql": {
                    "name": "Ql",
                    "user_data": null,
                    "init_value": 876.8428686161184,
                    "min": 19.46139028475712,
                    "max": 38728.16666681317,
                    "brute_step": null,
                    "stderr": 69.78625628060482,
                    "correl": {
                        "fr": 0.0003482126240685035,
                        "Qe": 0.7725521484322191,
                        "A": -0.26834341441408643,
                        "theta": 0.0594480108594175,
                        "phi_v": 0.32759283937339123,
                        "phi_0": -0.3278332541579115,
                        "alpha": 0.1258095242803742
                    },
                    "value": 2848.1360152871216
                },
                "Qe": {
                    "name": "Qe",
                    "user_data": null,
                    "init_value": 859.479643495007,
                    "min": 0,
                    "max": Infinity,
                    "brute_step": null,
                    "stderr": 48.61854391940458,
                    "correl": {
                        "fr": 0.060110127685507726,
                        "Ql": 0.7725521484322191,
                        "A": -0.1305405516183573,
                        "theta": -0.0002855115350897815,
                        "phi_v": 0.41884490221081566,
                        "phi_0": -0.4191899994012522,
                        "alpha": 0.23683557401661534
                    },
                    "value": 2604.858920536357
                },
                "A": {
                    "name": "A",
                    "user_data": null,
                    "init_value": 0.007466938110664293,
                    "min": 0,
                    "max": Infinity,
                    "brute_step": null,
                    "stderr": 3.44438113208087e-05,
                    "correl": {
                        "fr": 0.22979915793916084,
                        "Ql": -0.26834341441408643,
                        "Qe": -0.1305405516183573,
                        "theta": -0.3180303205908496,
                        "phi_v": -0.11940862668086474,
                        "phi_0": 0.11936874840727546,
                        "alpha": 0.2169495297261596
                    },
                    "value": 0.007898908809369498
                },
                "theta": {
                    "name": "theta",
                    "user_data": null,
                    "init_value": 0,
                    "min": -1.5707963267948966,
                    "max": 1.5707963267948966,
                    "brute_step": null,
                    "stderr": 0.018661234761239327,
                    "correl": {
                        "fr": -0.7724901355674831,
                        "Ql": 0.0594480108594175,
                        "Qe": -0.0002855115350897815,
                        "A": -0.3180303205908496,
                        "phi_v": 0.23807205038745016,
                        "phi_0": -0.23779164170024705,
                        "alpha": -0.4196615425197734
                    },
                    "value": 0.620930707885222
                },
                "phi_v": {
                    "name": "phi_v",
                    "user_data": null,
                    "init_value": -9.159982053219057e-08,
                    "min": -Infinity,
                    "max": Infinity,
                    "brute_step": null,
                    "stderr": 4.960066614691712e-10,
                    "correl": {
                        "fr": -0.1265308357352372,
                        "Ql": 0.32759283937339123,
                        "Qe": 0.41884490221081566,
                        "A": -0.11940862668086474,
                        "theta": 0.23807205038745016,
                        "phi_0": -0.9999989173587833,
                        "alpha": -0.003869863034558953
                    },
                    "value": -6.959539764346792e-08
                },
                "phi_0": {
                    "name": "phi_0",
                    "user_data": null,
                    "init_value": 531.1986152674506,
                    "min": -Infinity,
                    "max": Infinity,
                    "brute_step": null,
                    "stderr": 2.8965153350795796,
                    "correl": {
                        "fr": 0.12608066339602222,
                        "Ql": -0.3278332541579115,
                        "Qe": -0.4191899994012522,
                        "A": 0.11936874840727546,
                        "theta": -0.23779164170024705,
                        "phi_v": -0.9999989173587833,
                        "alpha": 0.003674863382716762
                    },
                    "value": 403.09500603996105
                },
                "alpha": {
                    "name": "alpha",
                    "user_data": null,
                    "init_value": 0,
                    "min": -1,
                    "max": 1,
                    "brute_step": null,
                    "stderr": 4.950682173499323,
                    "correl": {
                        "fr": 0.32803521669520136,
                        "Ql": 0.1258095242803742,
                        "Qe": 0.23683557401661534,
                        "A": 0.2169495297261596,
                        "theta": -0.4196615425197734,
                        "phi_v": -0.003869863034558953,
                        "phi_0": 0.003674863382716762
                    },
                    "value": 0.9993564766160201
                },
                "Qi": {
                    "name": "Qi",
                    "user_data": null,
                    "init_value": -43403.72199649771,
                    "min": -Infinity,
                    "max": Infinity,
                    "brute_step": null,
                    "stderr": 4370.875661081186,
                    "correl": null,
                    "value": 25727.91115037386
                },
                "Qc": {
                    "name": "Qc",
                    "user_data": null,
                    "init_value": 859.479643495007,