{
    "fit_success": true,
    "Qi": {
        "__dtype__": "UFloat",
        "nominal_value": 37600.97249609806,
        "std_dev": 47296.7552823708
    },
    "Qe": {
        "__dtype__": "UFloat",
        "nominal_value": 1795439.8280928144,
        "std_dev": 1420844.1765900566
    },
    "Ql": {
        "__dtype__": "UFloat",
        "nominal_value": 37598.762362394715,
        "std_dev": 47574.11852719667
    },
    "Qc": {
        "__dtype__": "UFloat",
        "nominal_value": 639667196.3049183,
        "std_dev": 190762984010.32437
    },
    "fr": {
        "__dtype__": "UFloat",
        "nominal_value": 6002312052.627645,
        "std_dev": 106003.71396303194
    },
    "fit_msg": "Summary\n$Q_I$: 38$\\pm$47 k\n$Q_C$: 6.4e+02$\\pm$1.9e+05 M\n$f_{res}$: 6.00231$\\pm$0.00011 GHz",
    "fit_result": {
        "hanger_func_complex_SI": {
            "success": true,
            "message": "Fit succeeded.",
            "params": {
                "fr": {
                    "name": "fr",
                    "user_data": null,
                    "init_value": 6005000000.0,
                    "min": 5995000000.0,
                    "max": 6005000000.0,
                    "brute_step": null,
                    "stderr": 106003.71396303194,
                    "correl": {
                        "Ql": 0.5560392858546568,
                        "Qe": 0.22238813010864114,
                        "A": -0.1967933317670103,
                        "theta": -0.7775429132772517,
                        "phi_v": 0.1863288613320162,
                        "phi_0": -0.18633747801568804,
                        "alpha": 0.09196939765454264
                    },
                    "value": 6002312052.627645
                },
                "Ql": {
                    "name": "Ql",
                    "user_data": null,
                    "init_value": 2705.583387935308,
                    "min": 60.050000000000004,
                    "max": 119499.50000120801,
                    "brute_step": null,
                    "stderr": 47574.11852719667,
                    "correl": {
                        "fr": 0.5560392858546568,
                        "Qe": 0.7166630105782459,
                        "A": -0.06198097158210847,
                        "theta": -0.4332243823957298,
                        "phi_v": 0.20816138310782323,
                        "phi_0": -0.20810249472038947,
                        "alpha": -0.06627818270679921
                    },
                    "value": 37598.762362394715
                },
                "Qe": {
                    "name": "Qe",
                    "user_data": null,
                    "init_value": 2652.007479263322,
                    "min": 0,
                    "max": Infinity,
                    "brute_step": null,
                    "stderr": 1420844.1765900566,
                    "correl": {
                        "fr": 0.22238813010864114,
                        "Ql": 0.7166630105782459,
                        "A": 0.03864953980277512,
                        "theta": -0.17367187569885054,
                        "phi_v": 0.21237753252992556,
                        "phi_0": -0.2122762838424284,
                        "alpha": -0.17498464284874768
                    },
                    "value": 1795439.8280928144
                },
                "A": {
                    "name": "A",
                    "user_data": null,
                    "init_value": 0.10622295915381053,
                    "min": 0,
                    "max": Infinity,
                    "brute_step": null,
                    "stderr": 0.00023856683823211166,
                    "correl": {
                        "fr": -0.1967933317670103,
                        "Ql": -0.06198097158210847,
                        "Qe": 0.03864953980277512,
                        "theta": 0.2686673866480284,
                        "phi_v": 0.05091571662591158,
                        "phi_0": -0.05088832976148599,
                        "alpha": -0.6364206016712548
                    },
                    "value": 0.10623019019551427
                },
                "theta": {
                    "name": "theta",
                    "user_data": null,
                    "init_value": 0,
                    "min": -1.5707963267948966,
                    "max": 1.5707963267948966,
                    "brute_step": null,
                    "stderr": 0.8366750843575234,
                    "correl": {
                        "fr": -0.7775429132772517,
                        "Ql": -0.4332243823957298,
                        "Qe": -0.17367187569885054,
                        "A": 0.2686673866480284,
                        "phi_v": -0.22778053316688082,
                        "phi_0": 0.22780256868280643,
                        "alpha": -0.1422406235564073
                    },
                    "value": -1.5679894888079238
                },
                "phi_v": {
                    "name": "phi_v",
                    "user_data": null,
                    "init_value": -1.3147545254620527e-06,
                    "min": -Infinity,
                    "max": Infinity,
                    "brute_step": null,
                    "stderr": 6.049542543822758e-10,
                    "correl": {
                        "fr": 0.1863288613320162,
                        "Ql": 0.20816138310782323,
                        "Qe": 0.21237753252992556,
                        "A": 0.05091571662591158,
                        "theta": -0.22778053316688082,
                        "phi_0": -0.99999988707733,
                        "alpha": -0.07662270374589233
                    },
                    "value": -1.3202187521798091e-06
                },
                "phi_0": {
                    "name": "phi_0",
                    "user_data": null,
                    "init_value": 7881.527559008283,
                    "min": -Infinity,
                    "max": Infinity,
                    "brute_step": null,
                    "stderr": 3.629668178162332,
                    "correl": {
                        "fr": -0.18633747801568804,
                        "Ql": -0.20810249472038947,
                        "Qe": -0.2122762838424284,
                        "A": -0.05088832976148599,
                        "theta": 0.22780256868280643,
                        "phi_v": -0.99999988707733,
                        "alpha": 0.07659901647749619
                    },
                    "value": 7914.327819895906
                },
                "alpha": {
                    "name": "alpha",
                    "user_data": null,
                    "init_value": 0,
                    "min": -1,
                    "max": 1,
                    "brute_step": null,
                    "stderr": 4.008713616979952,
                    "correl": {
                        "fr": 0.09196939765454264,
                        "Ql": -0.06627818270679921,
                        "Qe": -0.17498464284874768,
                        "A": -0.6364206016712548,
                        "theta": -0.1422406235564073,
                        "phi_v": -0.07662270374589233,
                        "phi_0": 0.07659901647749619
                    },
                    "value": 0.9999646135066966
                },
                "Qi": {
                    "name": "Qi",
                    "user_data": null,
                    "init_value": -133926.37770279782,
                    "min": -Infinity,
                    "max": Infinity,
                    "brute_step": null,
                    "stderr": 47296.7552823708,
                    "correl": null,
                    "value": 37600.97249609806
                },
                "Qc": {
                    "name": "Qc",
                    "user_data": null,
                    "init_value": 2652.007479263322,
                    "min": -Infinity,