{
    "fit_success": true,
    "Qi": {
        "__dtype__": "UFloat",
        "nominal_value": 97371.49385796356,
        "std_dev": 804356.4018313908
    },
    "Qe": {
        "__dtype__": "UFloat",
        "nominal_value": 1867386.4527538933,
        "std_dev": 11970956.975845277
    },
    "Ql": {
        "__dtype__": "UFloat",
        "nominal_value": 97262.01228391605,
        "std_dev": 803802.0723211425
    },
    "Qc": {
        "__dtype__": "UFloat",
        "nominal_value": 86503573.90372457,
        "std_dev": 25688044134.637417
    },
    "fr": {
        "__dtype__": "UFloat",
        "nominal_value": 5709975712.183036,
        "std_dev": 242579.59660494153
    },
    "fit_msg": "Summary\n$Q_I$: 97.$\\pm$8.0e+02 k\n$Q_C$: 87.$\\pm$2.6e+04 M\n$f_{res}$: 5.70998$\\pm$0.00024 GHz",
    "fit_result": {
        "hanger_func_complex_SI": {
            "success": true,
            "message": "Fit succeeded.",
            "params": {
                "fr": {
                    "name": "fr",
                    "user_data": null,
                    "init_value": 5711581155.778894,
                    "min": 5705350000.0,
                    "max": 5715350000.0,
                    "brute_step": null,
                    "stderr": 242579.59660494153,
                    "correl": {
                        "Ql": 0.00014289014258337182,
                        "Qe": -0.041923152024381835,
                        "A": -0.08147687838528724,
                        "theta": -0.7736980652932894,
                        "phi_v": 0.12203352723278565,
                        "phi_0": -0.1220295116522535,
                        "alpha": -0.0033098917827336224
                    },
                    "value": 5709975712.183036
                },
                "Ql": {
                    "name": "Ql",
                    "user_data": null,
                    "init_value": 2573.3820306277644,
                    "min": 57.11581155778895,
                    "max": 113660.46500114899,
                    "brute_step": null,
                    "stderr": 803802.0723211425,
                    "correl": {
                        "fr": 0.00014289014258337182,
                        "Qe": 0.7736920384278595,
                        "A": -0.00718392839895361,
                        "theta": -0.04207579702342864,
                        "phi_v": -0.0011353517636642088,
                        "phi_0": 0.0011780582886870095,
                        "alpha": -0.12198405189493074
                    },
                    "value": 97262.01228391605
                },
                "Qe": {
                    "name": "Qe",
                    "user_data": null,
                    "init_value": 2522.4239706153335,
                    "min": 0,
                    "max": Infinity,
                    "brute_step": null,
                    "stderr": 11970956.975845277,
                    "correl": {
                        "fr": -0.041923152024381835,
                        "Ql": 0.7736920384278595,
                        "A": -0.0065180470848654574,
                        "theta": -3.363056336973092e-05,
                        "phi_v": -0.012568516086915423,
                        "phi_0": 0.012632770544909248,
                        "alpha": -0.15813843076219944
                    },
                    "value": 1867386.4527538933
                },
                "A": {
                    "name": "A",
                    "user_data": null,
                    "init_value": 0.004020451711735706,
                    "min": 0,
                    "max": Infinity,
                    "brute_step": null,
                    "stderr": 7.758860834568777e-05,
                    "correl": {
                        "fr": -0.08147687838528724,
                        "Ql": -0.00718392839895361,
                        "Qe": -0.0065180470848654574,
                        "theta": 0.12338308389335359,
                        "phi_v": 0.015481212783002313,
                        "phi_0": -0.015478208653736128,
                        "alpha": 0.12810791366522664
                    },
                    "value": 0.0037275250528638892
                },
                "theta": {
                    "name": "theta",
                    "user_data": null,
                    "init_value": 0,
                    "min": -1.5707963267948966,
                    "max": 1.5707963267948966,
                    "brute_step": null,
                    "stderr": 6.41057264188091,
                    "correl": {
                        "fr": -0.7736980652932894,
                        "Ql": -0.04207579702342864,
                        "Qe": -3.363056336973092e-05,
                        "A": 0.12338308389335359,
                        "phi_v": -0.15839653364239512,
                        "phi_0": 0.15838981549224312,
                        "alpha": 0.015378884617231652
                    },
                    "value": -1.5492072589981944
                },
                "phi_v": {
                    "name": "phi_v",
                    "user_data": null,
                    "init_value": -8.068891174330504e-08,
                    "min": -Infinity,
                    "max": Infinity,
                    "brute_step": null,
                    "stderr": 7.146586641925478e-09,
                    "correl": {
                        "fr": 0.12203352723278565,
                        "Ql": -0.0011353517636642088,
                        "Qe": -0.012568516086915423,
                        "A": 0.015481212783002313,
                        "theta": -0.15839653364239512,
                        "phi_0": -0.9999998720855059,
                        "alpha": -0.01732042364893336
                    },
                    "value": -3.0314631758314104e-07
                },
                "phi_0": {
                    "name": "phi_0",
                    "user_data": null,
                    "init_value": 457.6036241969157,
                    "min": -Infinity,
                    "max": Infinity,
                    "brute_step": null,
                    "stderr": 40.80949863587826,
                    "correl": {
                        "fr": -0.1220295116522535,
                        "Ql": 0.0011780582886870095,
                        "Qe": 0.012632770544909248,
                        "A": -0.015478208653736128,
                        "theta": 0.15838981549224312,
                        "phi_v": -0.9999998720855059,
                        "alpha": 0.017310149776629164
                    },
                    "value": 1727.1852115000713
                },
                "alpha": {
                    "name": "alpha",
                    "user_data": null,
                    "init_value": 0,
                    "min": -1,
                    "max": 1,
                    "brute_step": null,
                    "stderr": 114.58564770536063,
                    "correl": {
                        "fr": -0.0033098917827336224,
                        "Ql": -0.12198405189493074,
                        "Qe": -0.15813843076219944,
                        "A": 0.12810791366522664,
                        "theta": 0.015378884617231652,
                        "phi_v": -0.01732042364893336,
                        "phi_0": 0.017310149776629164
                    },
                    "value": -0.999298866979081
                },
                "Qi": {
                    "name": "Qi",
                    "user_data": null,
                    "init_value": -127382.41051607518,
                    "min": -Infinity,
                    "max": Infinity,
                    "brute_step": null,
                    "stderr": 804356.4018313908,
                    "correl": null,
                    "value": 97371.49385796356
                },
                "Qc": {
                    "name": "Qc",
                    "user_data": null,