{
    "fit_success": true,
    "Qi": {
        "__dtype__": "UFloat",
        "nominal_value": 15599.152709570744,
        "std_dev": 3534.3449985763314
    },
    "Qe": {
        "__dtype__": "UFloat",
        "nominal_value": 10425.450166587278,
        "std_dev": 975.1051766691178
    },
    "Ql": {
        "__dtype__": "UFloat",
        "nominal_value": 6293.137010359511,
        "std_dev": 791.4328573010599
    },
    "Qc": {
        "__dtype__": "UFloat",
        "nominal_value": 10548.832972113949,
        "std_dev": 998.323163843333
    },
    "fr": {
        "__dtype__": "UFloat",
        "nominal_value": 5258856722.759227,
        "std_dev": 52550.302805780484
    },
    "fit_msg": "Summary\n$Q_I$: 15.6$\\pm$3.5 k\n$Q_C$: 10.55$\\pm$1.0 k\n$f_{res}$: 5.258857$\\pm$5.3e-05 GHz",
    "fit_result": {
        "hanger_func_complex_SI": {
            "success": true,
            "message": "Fit succeeded.",
            "params": {
                "fr": {
                    "name": "fr",
                    "user_data": null,
                    "init_value": 5259155778.894472,
                    "min": 5248000000.0,
                    "max": 5268000000.0,
                    "brute_step": null,
                    "stderr": 52550.302805780484,
                    "correl": {
                        "Ql": 3.897463812075556e-05,
                        "Qe": 0.0016203813533087609,
                        "A": 0.013352047596573801,
                        "theta": -0.758521606934695,
                        "phi_v": -0.08029215755321399,
                        "phi_0": 0.08000291706279387,
                        "alpha": 0.2658949252365503
                    },
                    "value": 5258856722.759227
                },
                "Ql": {
                    "name": "Ql",
                    "user_data": null,
                    "init_value": 1184.7697343774646,
                    "min": 26.295778894472363,
                    "max": 52328.600000032435,
                    "brute_step": null,
                    "stderr": 791.4328573010599,
                    "correl": {
                        "fr": 3.897463812075556e-05,
                        "Qe": 0.7584903522944576,
                        "A": -0.2756064288030419,
                        "theta": 0.0015740459923015645,
                        "phi_v": 0.26513933282487234,
                        "phi_0": -0.26520456460845593,
                        "alpha": 0.07787783123143112
                    },
                    "value": 6293.137010359511
                },
                "Qe": {
                    "name": "Qe",
                    "user_data": null,
                    "init_value": 1161.308947558109,
                    "min": 0,
                    "max": Infinity,
                    "brute_step": null,
                    "stderr": 975.1051766691178,
                    "correl": {
                        "fr": 0.0016203813533087609,
                        "Ql": 0.7584903522944576,
                        "A": -0.27858055155857775,
                        "theta": -4.415165936805639e-06,
                        "phi_v": 0.36255585153017555,
                        "phi_0": -0.36264384123183047,
                        "alpha": 0.09390081974011433
                    },
                    "value": 10425.450166587278
                },
                "A": {
                    "name": "A",
                    "user_data": null,
                    "init_value": 0.0002336421374405459,
                    "min": 0,
                    "max": Infinity,
                    "brute_step": null,
                    "stderr": 2.315707224175534e-06,
                    "correl": {
                        "fr": 0.013352047596573801,
                        "Ql": -0.2756064288030419,
                        "Qe": -0.27858055155857775,
                        "theta": -0.018101743197197203,
                        "phi_v": -0.1068337954474406,
                        "phi_0": 0.10685688951237245,
                        "alpha": -0.16551201724988548
                    },
                    "value": 0.00023900325779613318
                },
                "theta": {
                    "name": "theta",
                    "user_data": null,
                    "init_value": 0,
                    "min": -1.5707963267948966,
                    "max": 1.5707963267948966,
                    "brute_step": null,
                    "stderr": 0.09353839652097948,
                    "correl": {
                        "fr": -0.758521606934695,
                        "Ql": 0.0015740459923015645,
                        "Qe": -4.415165936805639e-06,
                        "A": -0.018101743197197203,
                        "phi_v": 0.097112089782154,
                        "phi_0": -0.09682343161423239,
                        "alpha": -0.3634741579411074
                    },
                    "value": 0.15309616997186626
                },
                "phi_v": {
                    "name": "phi_v",
                    "user_data": null,
                    "init_value": -1.0417946323053982e-07,
                    "min": -Infinity,
                    "max": Infinity,
                    "brute_step": null,
                    "stderr": 1.6592510836455511e-09,
                    "correl": {
                        "fr": -0.08029215755321399,
                        "Ql": 0.26513933282487234,
                        "Qe": 0.36255585153017555,
                        "A": -0.1068337954474406,
                        "theta": 0.097112089782154,
                        "phi_0": -0.9999994011065271,
                        "alpha": -0.008207576155166436
                    },
                    "value": -1.5397957890841058e-07
                },
                "phi_0": {
                    "name": "phi_0",
                    "user_data": null,
                    "init_value": 549.7991820415368,
                    "min": -Infinity,
                    "max": Infinity,
                    "brute_step": null,
                    "stderr": 8.72415195356719,
                    "correl": {
                        "fr": 0.08000291706279387,
                        "Ql": -0.26520456460845593,
                        "Qe": -0.36264384123183047,
                        "A": 0.10685688951237245,
                        "theta": -0.09682343161423239,
                        "phi_v": -0.9999994011065271,
                        "alpha": 0.008096030778758567
                    },
                    "value": 811.3537175106637
                },
                "alpha": {
                    "name": "alpha",
                    "user_data": null,
                    "init_value": 0,
                    "min": -1,
                    "max": 1,
                    "brute_step": null,
                    "stderr": 8.751535872422442,
                    "correl": {
                        "fr": 0.2658949252365503,
                        "Ql": 0.07787783123143112,
                        "Qe": 0.09390081974011433,
                        "A": -0.16551201724988548,
                        "theta": -0.3634741579411074,
                        "phi_v": -0.008207576155166436,
                        "phi_0": 0.008096030778758567
                    },
                    "value": -0.9999048739202449
                },
                "Qi": {
                    "name": "Qi",
                    "user_data": null,
                    "init_value": -58646.10185168453,
                    "min": -Infinity,
                    "max": Infinity,
                    "brute_step": null,
                    "stderr": 3534.3449985763314,
                    "correl": null,
                    "value": 15599.152709570744
                },
                "Qc": {
                    "name": "Qc",
                    "user_data": null,
                    "init_value": 1161.308947558109,