{
    "fit_success": true,
    "frequency_01": {
        "__dtype__": "UFloat",
        "nominal_value": 3869886388.8166733,
        "std_dev": 514686.00805287325
    },
    "fit_msg": "Summary\nFrequency 0-1: 3.86989$\\pm$0.00051 GHz\nPeak width: 3.0$\\pm$1.4 MHz\n",
    "fit_result": {
        "Lorentzian_peak": {
            "success": true,
            "message": "Fit succeeded.",
            "params": {
                "x0": {
                    "name": "x0",
                    "user_data": null,
                    "init_value": 3869683329.361652,
                    "min": -Infinity,
                    "max": Infinity,
                    "brute_step": null,
                    "stderr": 514686.00805287325,
                    "correl": {
                        "width": -0.020936414646124394,
                        "a": -0.010014291205686698,
                        "c": 0.006718622265563352
                    },
                    "value": 3869886388.8166733
                },
                "width": {
                    "name": "width",
                    "user_data": null,
                    "init_value": 8040302.522073026,
                    "min": -Infinity,
                    "max": Infinity,
                    "brute_step": null,
                    "stderr": 1368827.1216987008,
                    "correl": {
                        "x0": -0.020936414646124394,
                        "a": 0.7449761807465028,
                        "c": -0.3276457061152258
                    },
                    "value": 2974180.10303361
                },
                "a": {
                    "name": "a",
                    "user_data": null,
                    "init_value": 8055.096472518605,
                    "min": -Infinity,
                    "max": Infinity,
                    "brute_step": null,
                    "stderr": 386.2016117072169,
                    "correl": {
                        "x0": -0.010014291205686698,
                        "width": 0.7449761807465028,
                        "c": -0.4602173351137767
                    },
                    "value": 1115.60749022053
                },
                "c": {
                    "name": "c",
                    "user_data": null,
                    "init_value": 0.0009651976966227729,
                    "min": -Infinity,
                    "max": Infinity,
                    "brute_step": null,
                    "stderr": 1.655353850932254e-05,
                    "correl": {
                        "x0": 0.006718622265563352,
                        "width": -0.3276457061152258,
                        "a": -0.4602173351137767
                    },
                    "value": 0.0009419724606507706
                }
            }
        }
    }
}