{
    "a": {
        "__dtype__": "UFloat",
        "nominal_value": -11970893512.505468,
        "std_dev": 46049105781.96362
    },
    "b": {
        "__dtype__": "UFloat",
        "nominal_value": -1276211211.3564885,
        "std_dev": 13066261241.221022
    },
    "c": {
        "__dtype__": "UFloat",
        "nominal_value": 2982438244.855492,
        "std_dev": 902183681.3776468
    },
    "fit_success": true,
    "offset_0": {
        "__dtype__": "UFloat",
        "nominal_value": -0.05330476000071701,
        "std_dev": 0.5830009794595112
    },
    "freq_0": {
        "__dtype__": "UFloat",
        "nominal_value": 3016452311.021283,
        "std_dev": 1147239851.9393811
    },
    "fit_msg": "Summary:\noffset_0: -53.$\\pm$5.8e+02 mV\nfreq_0: 3.0$\\pm$1.1 GHz\n",
    "fit_result": {
        "poly2": {
            "success": true,
            "message": "Fit succeeded.",
            "params": {
                "a": {
                    "name": "a",
                    "user_data": null,
                    "init_value": -11970893716.145817,
                    "min": -Infinity,
                    "max": Infinity,
                    "brute_step": null,
                    "stderr": 46049105781.96362,
                    "correl": {
                        "b": -0.9969286039200427,
                        "c": 0.9866080964123144
                    },
                    "value": -11970893512.505468
                },
                "b": {
                    "name": "b",
                    "user_data": null,
                    "init_value": -1276211153.3564875,
                    "min": -Infinity,
                    "max": Infinity,
                    "brute_step": null,
                    "stderr": 13066261241.221022,
                    "correl": {
                        "a": -0.9969286039200427,
                        "c": -0.9961415718852127
                    },
                    "value": -1276211211.3564885
                },
                "c": {
                    "name": "c",
                    "user_data": null,
                    "init_value": 2982438240.863337,
                    "min": -Infinity,
                    "max": Infinity,
                    "brute_step": null,
                    "stderr": 902183681.3776468,
                    "correl": {
                        "a": 0.9866080964123144,
                        "b": -0.9961415718852127
                    },
                    "value": 2982438244.855492
                }
            }
        }
    }
}