{
    "amplitude": {
        "__dtype__": "UFloat",
        "nominal_value": 353251.2716858031,
        "std_dev": 20927.895308153573
    },
    "frequency": {
        "__dtype__": "UFloat",
        "nominal_value": 9.313174252018575,
        "std_dev": 0.32640980352038246
    },
    "shift": {
        "__dtype__": "UFloat",
        "nominal_value": 1.04884933470443,
        "std_dev": 0.058109678627565615
    },
    "offset": {
        "__dtype__": "UFloat",
        "nominal_value": 6106810607.29289,
        "std_dev": 50771.82070574203
    },
    "offset_0": {
        "__dtype__": "UFloat",
        "nominal_value": 0.05604394140669467,
        "std_dev": 0.006541388461429277
    },
    "freq_0": 6107163858.564575,
    "fit_success": true,
    "fit_msg": "Summary:\nf_0: 6.1072 GHz\noffset_0: 56.0$\\pm$6.5 mV\n",
    "fit_result": {
        "sin": {
            "success": true,
            "message": "Fit succeeded.",
            "params": {
                "amplitude": {
                    "name": "amplitude",
                    "user_data": null,
                    "init_value": 342891.66659596784,
                    "min": 0,
                    "max": Infinity,
                    "brute_step": null,
                    "stderr": 20927.895308153573,
                    "correl": {
                        "frequency": -0.16903771820145233,
                        "shift": 0.1071422096717401
                    },
                    "value": 353251.2716858031
                },
                "frequency": {
                    "name": "frequency",
                    "user_data": null,
                    "init_value": 10.053096491487338,
                    "min": 0,
                    "max": Infinity,
                    "brute_step": null,
                    "stderr": 0.32640980352038246,
                    "correl": {
                        "amplitude": -0.16903771820145233,
                        "shift": -0.256733799157601
                    },
                    "value": 9.313174252018575
                },
                "shift": {
                    "name": "shift",
                    "user_data": null,
                    "init_value": 1.1423973285781066,
                    "min": -6.283195307179586,
                    "max": 6.283195307179586,
                    "brute_step": null,
                    "stderr": 0.058109678627565615,
                    "correl": {
                        "amplitude": 0.1071422096717401,
                        "frequency": -0.256733799157601
                    },
                    "value": 1.04884933470443
                },
                "offset": {
                    "name": "offset",
                    "user_data": null,
                    "init_value": 6106810607.29289,
                    "min": -Infinity,
                    "max": Infinity,
                    "brute_step": null,
                    "stderr": 50771.82070574203,
                    "correl": null,
                    "value": 6106810607.29289
                }
            }
        }
    }
}