{
    "fit_success": true,
    "Qi": {
        "__dtype__": "UFloat",
        "nominal_value": 20628.70935089868,
        "std_dev": 612.5941797144607
    },
    "Qe": {
        "__dtype__": "UFloat",
        "nominal_value": 10591.590495647693,
        "std_dev": 128.47811981603925
    },
    "Ql": {
        "__dtype__": "UFloat",
        "nominal_value": 8552.350946969704,
        "std_dev": 133.26708342609217
    },
    "Qc": {
        "__dtype__": "UFloat",
        "nominal_value": 14609.036602832402,
        "std_dev": 244.42311644338983
    },
    "fr": {
        "__dtype__": "UFloat",
        "nominal_value": 5718166093.296443,
        "std_dev": 5209.525970793777
    },
    "fit_msg": "Summary\n$Q_I$: 20.63$\\pm$0.61 k\n$Q_C$: 14.61$\\pm$0.24 k\n$f_{res}$: 5.7181661$\\pm$5.2e-06 GHz",
    "fit_result": {
        "hanger_func_complex_SI": {
            "success": true,
            "message": "Fit succeeded.",
            "params": {
                "fr": {
                    "name": "fr",
                    "user_data": null,
                    "init_value": 5718417085.427135,
                    "min": 5715000000.0,
                    "max": 5725000000.0,
                    "brute_step": null,
                    "stderr": 5209.525970793777,
                    "correl": {
                        "Ql": 5.697668937160215e-05,
                        "Qe": 0.06924767686434899,
                        "A": 0.30973734237513,
                        "theta": -0.7800152088942948,
                        "phi_v": -0.048219723477009376,
                        "phi_0": 0.04805636943045182,
                        "alpha": 0.3563594549685236
                    },
                    "value": 5718166093.296443
                },
                "Ql": {
                    "name": "Ql",
                    "user_data": null,
                    "init_value": 2576.461993608176,
                    "min": 57.18417085427135,
                    "max": 113796.50000115036,
                    "brute_step": null,
                    "stderr": 133.26708342609217,
                    "correl": {
                        "fr": 5.697668937160215e-05,
                        "Qe": 0.7800133166745956,
                        "A": -0.2415699482416163,
                        "theta": 0.06920196715524188,
                        "phi_v": 0.3537783671373979,
                        "phi_0": -0.35385358523697175,
                        "alpha": 0.021576829406576487
                    },
                    "value": 8552.350946969704
                },
                "Qe": {
                    "name": "Qe",
                    "user_data": null,
                    "init_value": 2525.4429442297965,
                    "min": 0,
                    "max": Infinity,
                    "brute_step": null,
                    "stderr": 128.47811981603925,
                    "correl": {
                        "fr": 0.06924767686434899,
                        "Ql": 0.7800133166745956,
                        "A": -0.12243746663304693,
                        "theta": 8.637552326160447e-06,
                        "phi_v": 0.45964894211679447,
                        "phi_0": -0.45976234611593314,
                        "alpha": 0.1492109496307948
                    },
                    "value": 10591.590495647693
                },
                "A": {
                    "name": "A",
                    "user_data": null,
                    "init_value": 0.041577523695049995,
                    "min": 0,
                    "max": Infinity,
                    "brute_step": null,
                    "stderr": 0.00010384433829603336,
                    "correl": {
                        "fr": 0.30973734237513,
                        "Ql": -0.2415699482416163,
                        "Qe": -0.12243746663304693,
                        "theta": -0.4300685995285634,
                        "phi_v": -0.10934056649984736,
                        "phi_0": 0.1093107060026093,
                        "alpha": 0.5543317773314576
                    },
                    "value": 0.04397744868984699
                },
                "theta": {
                    "name": "theta",
                    "user_data": null,
                    "init_value": 0,
                    "min": -1.5707963267948966,
                    "max": 1.5707963267948966,
                    "brute_step": null,
                    "stderr": 0.012129637981257315,
                    "correl": {
                        "fr": -0.7800152088942948,
                        "Ql": 0.06920196715524188,
                        "Qe": 8.637552326160447e-06,
                        "A": -0.4300685995285634,
                        "phi_v": 0.18415276268775405,
                        "phi_0": -0.18401525593415335,
                        "alpha": -0.4720760479339549
                    },
                    "value": 0.7597580606291023
                },
                "phi_v": {
                    "name": "phi_v",
                    "user_data": null,
                    "init_value": -1.3312439345705125e-06,
                    "min": -Infinity,
                    "max": Infinity,
                    "brute_step": null,
                    "stderr": 6.923368716325406e-10,
                    "correl": {
                        "fr": -0.048219723477009376,
                        "Ql": 0.3537783671373979,
                        "Qe": 0.45964894211679447,
                        "A": -0.10934056649984736,
                        "theta": 0.18415276268775405,
                        "phi_0": -0.9999998742112532,
                        "alpha": -0.07459446420567505
                    },
                    "value": -1.3039209083719556e-06
                },
                "phi_0": {
                    "name": "phi_0",
                    "user_data": null,
                    "init_value": 7606.187943424778,
                    "min": -Infinity,
                    "max": Infinity,
                    "brute_step": null,
                    "stderr": 3.960198128219804,
                    "correl": {
                        "fr": 0.04805636943045182,
                        "Ql": -0.35385358523697175,
                        "Qe": -0.45976234611593314,
                        "A": 0.1093107060026093,
                        "theta": -0.18401525593415335,
                        "phi_v": -0.9999998742112532,
                        "alpha": 0.07451218900190666
                    },
                    "value": 7450.127376492796
                },
                "alpha": {
                    "name": "alpha",
                    "user_data": null,
                    "init_value": 0,
                    "min": -1,
                    "max": 1,
                    "brute_step": null,
                    "stderr": 4.278893768975747,
                    "correl": {
                        "fr": 0.3563594549685236,
                        "Ql": 0.021576829406576487,
                        "Qe": 0.1492109496307948,
                        "A": 0.5543317773314576,
                        "theta": -0.4720760479339549,
                        "phi_v": -0.07459446420567505,
                        "phi_0": 0.07451218900190666
                    },
                    "value": -0.9914781966896269
                },
                "Qi": {
                    "name": "Qi",
                    "user_data": null,
                    "init_value": -127534.8686836059,
                    "min": -Infinity,
                    "max": Infinity,
                    "brute_step": null,
                    "stderr": 612.5941797144607,
                    "correl": null,
                    "value": 20628.70935089868
                },
                "Qc": {
                    "name": "Qc",
                    "user_data": null,
                    "init_value": 2525.4429442297965,