{
    "fit_success": true,
    "frequency_01": {
        "__dtype__": "UFloat",
        "nominal_value": 4214859263.9921465,
        "std_dev": 6056973.081065352
    },
    "fit_msg": "Summary\nFrequency 0-1: 4.2149$\\pm$0.0061 GHz\nPeak width: 93$\\pm$25 MHz\n",
    "fit_result": {
        "Lorentzian_peak": {
            "success": true,
            "message": "Fit succeeded.",
            "params": {
                "x0": {
                    "name": "x0",
                    "user_data": null,
                    "init_value": 4250998156.884726,
                    "min": -Infinity,
                    "max": Infinity,
                    "brute_step": null,
                    "stderr": 6056973.081065352,
                    "correl": {
                        "width": 0.008403846610127568,
                        "a": 0.011335321473089821,
                        "c": -0.014158240979504017
                    },
                    "value": 4214859263.9921465
                },
                "width": {
                    "name": "width",
                    "user_data": null,
                    "init_value": 40201512.61036511,
                    "min": -Infinity,
                    "max": Infinity,
                    "brute_step": null,
                    "stderr": 24714077.200054567,
                    "correl": {
                        "x0": 0.008403846610127568,
                        "a": 0.8953062867897884,
                        "c": -0.77487813407231
                    },
                    "value": 92706465.15425766
                },
                "a": {
                    "name": "a",
                    "user_data": null,
                    "init_value": 68629.48746812434,
                    "min": -Infinity,
                    "max": Infinity,
                    "brute_step": null,
                    "stderr": 10996.264589010925,
                    "correl": {
                        "x0": 0.011335321473089821,
                        "width": 0.8953062867897884,
                        "c": -0.9072038708703013
                    },
                    "value": 38920.40905335876
                },
                "c": {
                    "name": "c",
                    "user_data": null,
                    "init_value": 0.0009991964421093536,
                    "min": -Infinity,
                    "max": Infinity,
                    "brute_step": null,
                    "stderr": 3.756298161161993e-05,
                    "correl": {
                        "x0": -0.014158240979504017,
                        "width": -0.77487813407231,
                        "a": -0.9072038708703013
                    },
                    "value": 0.0008561920795434908
                }
            }
        }
    }
}