{
    "fit_success": true,
    "Qi": {
        "__dtype__": "UFloat",
        "nominal_value": 13259.932088802878,
        "std_dev": 1732.2114277261555
    },
    "Qe": {
        "__dtype__": "UFloat",
        "nominal_value": 8915.19805329872,
        "std_dev": 468.33273029101383
    },
    "Ql": {
        "__dtype__": "UFloat",
        "nominal_value": 5771.670724901046,
        "std_dev": 417.76505482879116
    },
    "Qc": {
        "__dtype__": "UFloat",
        "nominal_value": 10220.257831818228,
        "std_dev": 615.4290548815621
    },
    "fr": {
        "__dtype__": "UFloat",
        "nominal_value": 5719772760.343533,
        "std_dev": 35863.30418732131
    },
    "fit_msg": "Summary\n$Q_I$: 13.3$\\pm$1.7 k\n$Q_C$: 10.22$\\pm$0.62 k\n$f_{res}$: 5.719773$\\pm$3.6e-05 GHz",
    "fit_result": {
        "hanger_func_complex_SI": {
            "success": true,
            "message": "Fit succeeded.",
            "params": {
                "fr": {
                    "name": "fr",
                    "user_data": null,
                    "init_value": 5719874371.859297,
                    "min": 5695000000.0,
                    "max": 5745000000.0,
                    "brute_step": null,
                    "stderr": 35863.30418732131,
                    "correl": {
                        "Ql": 0.00014016310907824717,
                        "Qe": 0.007466380256048607,
                        "A": 0.0890600992390933,
                        "theta": -0.732277690575652,
                        "phi_v": -0.09082879523153871,
                        "phi_0": 0.09042673697070952,
                        "alpha": 0.1697526419525177
                    },
                    "value": 5719772760.343533
                },
                "Ql": {
                    "name": "Ql",
                    "user_data": null,
                    "init_value": 515.4237162871167,
                    "min": 11.439748743718594,
                    "max": 22765.10000005732,
                    "brute_step": null,
                    "stderr": 417.76505482879116,
                    "correl": {
                        "fr": 0.00014016310907824717,
                        "Qe": 0.7323221467030371,
                        "A": -0.1582305115110175,
                        "theta": 0.007175692702236402,
                        "phi_v": 0.16954701859390933,
                        "phi_0": -0.1697655956652314,
                        "alpha": 0.09050126475912725
                    },
                    "value": 5771.670724901046
                },
                "Qe": {
                    "name": "Qe",
                    "user_data": null,
                    "init_value": 505.21730606360944,
                    "min": 0,
                    "max": Infinity,
                    "brute_step": null,
                    "stderr": 468.33273029101383,
                    "correl": {
                        "fr": 0.007466380256048607,
                        "Ql": 0.7323221467030371,
                        "A": -0.14298354727758267,
                        "theta": -0.00013772752305198048,
                        "phi_v": 0.23435827085729163,
                        "phi_0": -0.23466370083586874,
                        "alpha": 0.12928440442548453
                    },
                    "value": 8915.19805329872
                },
                "A": {
                    "name": "A",
                    "user_data": null,
                    "init_value": 0.0037128696045221703,
                    "min": 0,
                    "max": Infinity,
                    "brute_step": null,
                    "stderr": 1.535629410261583e-05,
                    "correl": {
                        "fr": 0.0890600992390933,
                        "Ql": -0.1582305115110175,
                        "Qe": -0.14298354727758267,
                        "theta": -0.12358602979125675,
                        "phi_v": -0.046437167223226154,
                        "phi_0": 0.046441040006255076,
                        "alpha": 0.008145167751383244
                    },
                    "value": 0.0037558367604926257
                },
                "theta": {
                    "name": "theta",
                    "user_data": null,
                    "init_value": 0,
                    "min": -1.5707963267948966,
                    "max": 1.5707963267948966,
                    "brute_step": null,
                    "stderr": 0.052525515304393526,
                    "correl": {
                        "fr": -0.732277690575652,
                        "Ql": 0.007175692702236402,
                        "Qe": -0.00013772752305198048,
                        "A": -0.12358602979125675,
                        "phi_v": 0.12992951166273956,
                        "phi_0": -0.12956468960609413,
                        "alpha": -0.23465659334672265
                    },
                    "value": 0.5108963693814141
                },
                "phi_v": {
                    "name": "phi_v",
                    "user_data": null,
                    "init_value": -8.2404632127255e-08,
                    "min": -Infinity,
                    "max": Infinity,
                    "brute_step": null,
                    "stderr": 2.83359313198736e-10,
                    "correl": {
                        "fr": -0.09082879523153871,
                        "Ql": 0.16954701859390933,
                        "Qe": 0.23435827085729163,
                        "A": -0.046437167223226154,
                        "theta": 0.12992951166273956,
                        "phi_0": -0.9999968183095125,
                        "alpha": -0.004335650811893392
                    },
                    "value": -7.797147091924562e-08
                },
                "phi_0": {
                    "name": "phi_0",
                    "user_data": null,
                    "init_value": 469.8556142285854,
                    "min": -Infinity,
                    "max": Infinity,
                    "brute_step": null,
                    "stderr": 1.6207989417399242,
                    "correl": {
                        "fr": 0.09042673697070952,
                        "Ql": -0.1697655956652314,
                        "Qe": -0.23466370083586874,
                        "A": 0.046441040006255076,
                        "theta": -0.12956468960609413,
                        "phi_v": -0.9999968183095125,
                        "alpha": 0.004211301275492482
                    },
                    "value": 444.46873393208216
                },
                "alpha": {
                    "name": "alpha",
                    "user_data": null,
                    "init_value": 0,
                    "min": -1,
                    "max": 1,
                    "brute_step": null,
                    "stderr": 2.3391499384534105,
                    "correl": {
                        "fr": 0.1697526419525177,
                        "Ql": 0.09050126475912725,
                        "Qe": 0.12928440442548453,
                        "A": 0.008145167751383244,
                        "theta": -0.23465659334672265,
                        "phi_v": -0.004335650811893392,
                        "phi_0": 0.004211301275492482
                    },
                    "value": 0.9999922018065399
                },
                "Qi": {
                    "name": "Qi",
                    "user_data": null,
                    "init_value": -25513.47395621221,
                    "min": -Infinity,
                    "max": Infinity,
                    "brute_step": null,
                    "stderr": 1732.2114277261555,
                    "correl": null,
                    "value": 13259.932088802878
                },
                "Qc": {
                    "name": "Qc",
                    "user_data": null,
                    "init_value": 505.21730606360944,