{
    "T2*": {
        "__dtype__": "UFloat",
        "nominal_value": 3.8087231675199007e-06,
        "std_dev": 2.154464880535686e-07
    },
    "fitted_detuning": {
        "__dtype__": "UFloat",
        "nominal_value": 49335.72576027642,
        "std_dev": 6780.948606916329
    },
    "detuning": {
        "__dtype__": "UFloat",
        "nominal_value": -50664.27423972358,
        "std_dev": 6780.948606916329
    },
    "fit_success": true,
    "fit_msg": "Summary\n$T_2^*$: 3.81$\\pm$0.22 \u03bcs\n\nartificial detuning: 100 kHz\nfitted detuning: 49.3$\\pm$6.8 kHz\nactual detuning: -50.7$\\pm$6.8 kHz\n",
    "fit_result": {
        "Ramsey_decay": {
            "success": true,
            "message": "Fit succeeded.",
            "params": {
                "tau": {
                    "name": "tau",
                    "user_data": null,
                    "init_value": 1.0693333333333331e-05,
                    "min": 0,
                    "max": Infinity,
                    "brute_step": null,
                    "stderr": 2.154464880535686e-07,
                    "correl": {
                        "frequency": -0.362614985992364,
                        "phase": 0.3745885136909327,
                        "amplitude": 0.1717477987670591,
                        "offset": 0.6115664536616726
                    },
                    "value": 3.8087231675199007e-06
                },
                "n_factor": {
                    "name": "n_factor",
                    "user_data": null,
                    "init_value": 1,
                    "min": -Infinity,
                    "max": Infinity,
                    "brute_step": null,
                    "stderr": 0.0,
                    "correl": null,
                    "value": 1
                },
                "frequency": {
                    "name": "frequency",
                    "user_data": null,
                    "init_value": 61881.18811881188,
                    "min": 0,
                    "max": Infinity,
                    "brute_step": null,
                    "stderr": 6780.948606916329,
                    "correl": {
                        "tau": -0.362614985992364,
                        "phase": -0.9854383664262792,
                        "amplitude": -0.9432165050475879,
                        "offset": -0.8467949342801376
                    },
                    "value": 49335.72576027642
                },
                "phase": {
                    "name": "phase",
                    "user_data": null,
                    "init_value": 6.267632868300429,
                    "min": -Infinity,
                    "max": Infinity,
                    "brute_step": null,
                    "stderr": 0.17553554731418164,
                    "correl": {
                        "tau": 0.3745885136909327,
                        "frequency": -0.9854383664262792,
                        "amplitude": 0.9579342121256866,
                        "offset": 0.8848213240571428
                    },
                    "value": 6.798836878432504
                },
                "amplitude": {
                    "name": "amplitude",
                    "user_data": null,
                    "init_value": 0.0001921942525842694,
                    "min": 0,
                    "max": Infinity,
                    "brute_step": null,
                    "stderr": 3.967942790716203e-05,
                    "correl": {
                        "tau": 0.1717477987670591,
                        "frequency": -0.9432165050475879,
                        "phase": 0.9579342121256866,
                        "offset": 0.7798092556572722
                    },
                    "value": 0.00036557044499696545
                },
                "offset": {
                    "name": "offset",
                    "user_data": null,
                    "init_value": 0.001290954186676276,
                    "min": -Infinity,
                    "max": Infinity,
                    "brute_step": null,
                    "stderr": 5.428150158816711e-06,
                    "correl": {
                        "tau": 0.6115664536616726,
                        "frequency": -0.8467949342801376,
                        "phase": 0.8848213240571428,
                        "amplitude": 0.7798092556572722
                    },
                    "value": 0.0012806159411133148
                }
            }
        }
    }
}