{"x": [-0.055840461552126776, -0.040626232267180776, -0.02541200298223477, -0.010197773697288762, 0.005016455587657231, 0.02023068487260324, 0.035444914157549245, 0.05065914344249525, 0.06587337272744126, 0.08108760201238727, 0.09630183129733326, -0.22319698368653282, -0.2079827544015868, 0.20280143629195527, 0.21801566557690127, 0.23322989486184725, 0.2484441241467933, -0.3601250472510469, -0.2688396715413709, -0.25362544225642486, -0.23841121297147885], "y": [3528088634.145046, 3459123116.903667, 3562571392.7657356, 3562571392.7657356, 3528088634.145046, 3476364496.2140117, 3407398978.9726324, 3321192082.4209085, 3004516962.998766, 2883827307.826352, 2952792825.0677314, 3435869166.078479, 3142765717.802617, 2241379310.3448277, 2465517241.37931, 2275862068.965517, 2137931034.4827585, 2344827586.206897, 2413793103.4482756, 2206896551.724138, 2293103448.275862]}