{"x": [-0.09438317574074723, -0.07916894645580122, -0.06395471717085521, -0.04874048788590922, -0.03352625860096321, -0.018312029316017206, -0.003097800031071213, 0.012116429253874794, 0.04254488782376681, 0.04254488782376681, 0.057759117108712815, 0.07297334639365882, 0.08818757567860482, 0.10340180496355082, 0.10340180496355082, 0.11861603424849683, 0.13383026353344282, 0.16425872210333484, 0.17947295138828084, -0.15524009288053126, -0.14002586359558525, -0.12481163431063924, -0.10959740502569323, -0.09438317574074723], "y": [3368955025.924908, 3455161922.476632, 3506886060.4076667, 3248265370.7524943, 3575851577.649046, 3575851577.649046, 3541368819.028356, 3403437784.5455976, 3368955025.924908, 3140587155.5755787, 3278518190.058337, 3157828534.8859234, 3019897500.403165, 2881966465.9204063, 2675069914.1962686, 2744035431.437648, 2606104396.9548893, 2416449224.541096, 2399207845.230751, 3146440090.801791, 3387819401.146619, 3474026297.698343, 3508509056.3190327, 3284371125.2845497]}