{"x": [-0.10326860761812617, -0.08775836847173751, -0.07224812932534887, 0.020813305552983052, 0.03632354469937171, 0.051833783845760366, 0.06734402299214902, -0.24286075993562406, -0.11877884676451483, 0.2999976101879788, 0.22244641445603555, 0.2379566536024242, 0.25346689274881284, -0.38245291225312195, -0.3669426731067333, -0.38245291225312195, -0.3669426731067333, -0.3514324339603446], "y": [4529836441.700323, 4616043338.252047, 4685008855.493426, 4616043338.252047, 4508533342.427041, 4422326445.875318, 4284395411.3925586, 4598801958.941702, 4409146786.527909, 3931093065.937559, 3051782721.109973, 3189713755.592732, 3362127548.69618, 4095395945.6377163, 3922982152.534268, 3647120083.5687504, 3819533876.672199, 3750568359.4308195]}