{
    "fit_success": true,
    "frequency_01": {
        "__dtype__": "UFloat",
        "nominal_value": 4038926820.8745065,
        "std_dev": 565735.5961020928
    },
    "fit_msg": "Summary\nFrequency 0-1: 4.03893$\\pm$0.00057 GHz\nPeak width: 5.0$\\pm$1.6 MHz\n",
    "fit_result": {
        "Lorentzian_peak": {
            "success": true,
            "message": "Fit succeeded.",
            "params": {
                "x0": {
                    "name": "x0",
                    "user_data": null,
                    "init_value": 4039373737.373738,
                    "min": -Infinity,
                    "max": Infinity,
                    "brute_step": null,
                    "stderr": 565735.5961020928,
                    "correl": {
                        "width": -0.011085295445423568,
                        "a": -0.005726058112949308,
                        "c": 0.005123127097075062
                    },
                    "value": 4038926820.8745065
                },
                "width": {
                    "name": "width",
                    "user_data": null,
                    "init_value": 8040302.522073026,
                    "min": -Infinity,
                    "max": Infinity,
                    "brute_step": null,
                    "stderr": 1582407.241257607,
                    "correl": {
                        "x0": -0.011085295445423568,
                        "a": 0.7730955372479233,
                        "c": -0.44068968856557617
                    },
                    "value": 5017320.223255175
                },
                "a": {
                    "name": "a",
                    "user_data": null,
                    "init_value": 6669.56396236623,
                    "min": -Infinity,
                    "max": Infinity,
                    "brute_step": null,
                    "stderr": 359.2522657132572,
                    "correl": {
                        "x0": -0.005726058112949308,
                        "width": 0.7730955372479233,
                        "c": -0.593467154238848
                    },
                    "value": 1444.6994542379982
                },
                "c": {
                    "name": "c",
                    "user_data": null,
                    "init_value": 0.0006724503985947055,
                    "min": -Infinity,
                    "max": Infinity,
                    "brute_step": null,
                    "stderr": 1.1865755383349498e-05,
                    "correl": {
                        "x0": 0.005123127097075062,
                        "width": -0.44068968856557617,
                        "a": -0.593467154238848
                    },
                    "value": 0.0006424703068447342
                }
            }
        }
    }
}