{
    "fit_success": true,
    "Qi": {
        "__dtype__": "UFloat",
        "nominal_value": 25529.554001400425,
        "std_dev": 8463.51140298735
    },
    "Qe": {
        "__dtype__": "UFloat",
        "nominal_value": 5068.376403229334,
        "std_dev": 389.28710084546384
    },
    "Ql": {
        "__dtype__": "UFloat",
        "nominal_value": 4229.819156991469,
        "std_dev": 409.27703926839604
    },
    "Qc": {
        "__dtype__": "UFloat",
        "nominal_value": 5069.800040863757,
        "std_dev": 389.5063923549816
    },
    "fr": {
        "__dtype__": "UFloat",
        "nominal_value": 6008354126.394954,
        "std_dev": 68719.66266179584
    },
    "fit_msg": "Summary\n$Q_I$: 25.5$\\pm$8.5 k\n$Q_C$: 5.07$\\pm$0.39 k\n$f_{res}$: 6.008354$\\pm$6.9e-05 GHz",
    "fit_result": {
        "hanger_func_complex_SI": {
            "success": true,
            "message": "Fit succeeded.",
            "params": {
                "fr": {
                    "name": "fr",
                    "user_data": null,
                    "init_value": 6008218592.964824,
                    "min": 6004500000.0,
                    "max": 6014500000.0,
                    "brute_step": null,
                    "stderr": 68719.66266179584,
                    "correl": {
                        "Ql": 8.33956606431986e-05,
                        "Qe": 0.023123635297404622,
                        "A": 0.07083574702448883,
                        "theta": -0.8435374934017142,
                        "phi_v": 0.20419384069033408,
                        "phi_0": -0.20443752489306286,
                        "alpha": 0.44513866740112285
                    },
                    "value": 6008354126.394954
                },
                "Ql": {
                    "name": "Ql",
                    "user_data": null,
                    "init_value": 2707.033541417098,
                    "min": 60.08218592964823,
                    "max": 119563.55000120866,
                    "brute_step": null,
                    "stderr": 409.27703926839604,
                    "correl": {
                        "fr": 8.33956606431986e-05,
                        "Qe": 0.8435598336766902,
                        "A": -0.5482908134881328,
                        "theta": 0.02297366660598497,
                        "phi_v": 0.4484441138385163,
                        "phi_0": -0.4483773105595834,
                        "alpha": -0.21114998852093664
                    },
                    "value": 4229.819156991469
                },
                "Qe": {
                    "name": "Qe",
                    "user_data": null,
                    "init_value": 2653.4289168345817,
                    "min": 0,
                    "max": Infinity,
                    "brute_step": null,
                    "stderr": 389.28710084546384,
                    "correl": {
                        "fr": 0.023123635297404622,
                        "Ql": 0.8435598336766902,
                        "A": -0.5096450444757481,
                        "theta": -6.434014778744589e-05,
                        "phi_v": 0.5773651999794326,
                        "phi_0": -0.5772907113839464,
                        "alpha": -0.19185768002093478
                    },
                    "value": 5068.376403229334
                },
                "A": {
                    "name": "A",
                    "user_data": null,
                    "init_value": 0.004590098470199525,
                    "min": 0,
                    "max": Infinity,
                    "brute_step": null,
                    "stderr": 0.00010452701727556017,
                    "correl": {
                        "fr": 0.07083574702448883,
                        "Ql": -0.5482908134881328,
                        "Qe": -0.5096450444757481,
                        "theta": -0.11549196169897805,
                        "phi_v": -0.2738798006912118,
                        "phi_0": 0.2738211909273886,
                        "alpha": 0.45199645845816017
                    },
                    "value": 0.005055787664587363
                },
                "theta": {
                    "name": "theta",
                    "user_data": null,
                    "init_value": 0,
                    "min": -1.5707963267948966,
                    "max": 1.5707963267948966,
                    "brute_step": null,
                    "stderr": 0.07679882295650291,
                    "correl": {
                        "fr": -0.8435374934017142,
                        "Ql": 0.02297366660598497,
                        "Qe": -6.434014778744589e-05,
                        "A": -0.11549196169897805,
                        "phi_v": -0.18294265760376013,
                        "phi_0": 0.18316914263375417,
                        "alpha": -0.5743549172770702
                    },
                    "value": -0.023698970259227625
                },
                "phi_v": {
                    "name": "phi_v",
                    "user_data": null,
                    "init_value": -1.943251579123301e-07,
                    "min": -Infinity,
                    "max": Infinity,
                    "brute_step": null,
                    "stderr": 6.32526106431194e-09,
                    "correl": {
                        "fr": 0.20419384069033408,
                        "Ql": 0.4484441138385163,
                        "Qe": 0.5773651999794326,
                        "A": -0.2738798006912118,
                        "theta": -0.18294265760376013,
                        "phi_0": -0.9999998833815643,
                        "alpha": -0.01534030306177992
                    },
                    "value": -2.5311634231728176e-07
                },
                "phi_0": {
                    "name": "phi_0",
                    "user_data": null,
                    "init_value": 1169.363125404648,
                    "min": -Infinity,
                    "max": Infinity,
                    "brute_step": null,
                    "stderr": 38.01371055420197,
                    "correl": {
                        "fr": -0.20443752489306286,
                        "Ql": -0.4483773105595834,
                        "Qe": -0.5772907113839464,
                        "A": 0.2738211909273886,
                        "theta": 0.18316914263375417,
                        "phi_v": -0.9999998833815643,
                        "alpha": 0.015202592717616174
                    },
                    "value": 1522.6650089186082
                },
                "alpha": {
                    "name": "alpha",
                    "user_data": null,
                    "init_value": 0,
                    "min": -1,
                    "max": 1,
                    "brute_step": null,
                    "stderr": 38.27349482118087,
                    "correl": {
                        "fr": 0.44513866740112285,
                        "Ql": -0.21114998852093664,
                        "Qe": -0.19185768002093478,
                        "A": 0.45199645845816017,
                        "theta": -0.5743549172770702,
                        "phi_v": -0.01534030306177992,
                        "phi_0": 0.015202592717616174
                    },
                    "value": -0.9990685572266356
                },
                "Qi": {
                    "name": "Qi",
                    "user_data": null,
                    "init_value": -133998.1603001473,
                    "min": -Infinity,
                    "max": Infinity,
                    "brute_step": null,
                    "stderr": 8463.51140298735,
                    "correl": null,
                    "value": 25529.554001400425
                },
                "Qc": {
                    "name": "Qc",
                    "user_data": null,
                    "init_value": 2653.4289168345817,