{
    "fit_success": true,
    "Qi": {
        "__dtype__": "UFloat",
        "nominal_value": 1084.0642484793837,
        "std_dev": 163.70862761101125
    },
    "Qe": {
        "__dtype__": "UFloat",
        "nominal_value": 12628.959869348568,
        "std_dev": 3480.6753742037035
    },
    "Ql": {
        "__dtype__": "UFloat",
        "nominal_value": 1044.4519185015292,
        "std_dev": 171.7989356908598
    },
    "Qc": {
        "__dtype__": "UFloat",
        "nominal_value": 28583.347274351425,
        "std_dev": 18119.701218673155
    },
    "fr": {
        "__dtype__": "UFloat",
        "nominal_value": 5995282741.251328,
        "std_dev": 507317.87535150367
    },
    "fit_msg": "Summary\n$Q_I$: 1.08$\\pm$0.16 k\n$Q_C$: 29$\\pm$18 k\n$f_{res}$: 5.99528$\\pm$0.00051 GHz",
    "fit_result": {
        "hanger_func_complex_SI": {
            "success": true,
            "message": "Fit succeeded.",
            "params": {
                "fr": {
                    "name": "fr",
                    "user_data": null,
                    "init_value": 5995000000.0,
                    "min": 5995000000.0,
                    "max": 6005000000.0,
                    "brute_step": null,
                    "stderr": 507317.87535150367,
                    "correl": {
                        "Ql": -0.03768090232963408,
                        "Qe": 0.5093601452963312,
                        "A": 0.022299940663122304,
                        "theta": -0.8440370199428873,
                        "phi_v": 0.7370321436673302,
                        "phi_0": -0.7376630248035724,
                        "alpha": 0.42725064697146253
                    },
                    "value": 5995282741.251328
                },
                "Ql": {
                    "name": "Ql",
                    "user_data": null,
                    "init_value": 2701.0778369145996,
                    "min": 59.95,
                    "max": 119300.500001206,
                    "brute_step": null,
                    "stderr": 171.7989356908598,
                    "correl": {
                        "fr": -0.03768090232963408,
                        "Qe": 0.8219635208041643,
                        "A": -0.9444518487693836,
                        "theta": 0.5383896561868783,
                        "phi_v": 0.45117038051955044,
                        "phi_0": -0.45041847094819487,
                        "alpha": -0.7850234734634111
                    },
                    "value": 1044.4519185015292
                },
                "Qe": {
                    "name": "Qe",
                    "user_data": null,
                    "init_value": 2647.5911470747064,
                    "min": 0,
                    "max": Infinity,
                    "brute_step": null,
                    "stderr": 3480.6753742037035,
                    "correl": {
                        "fr": 0.5093601452963312,
                        "Ql": 0.8219635208041643,
                        "A": -0.823898407208347,
                        "theta": -0.003194728870124998,
                        "phi_v": 0.8477927105701559,
                        "phi_0": -0.8474595917440947,
                        "alpha": -0.4615549488394625
                    },
                    "value": 12628.959869348568
                },
                "A": {
                    "name": "A",
                    "user_data": null,
                    "init_value": 0.011032591010700026,
                    "min": 0,
                    "max": Infinity,
                    "brute_step": null,
                    "stderr": 0.00014786913103328702,
                    "correl": {
                        "fr": 0.022299940663122304,
                        "Ql": -0.9444518487693836,
                        "Qe": -0.823898407208347,
                        "theta": -0.5344858991177484,
                        "phi_v": -0.4930954870357965,
                        "phi_0": 0.4923022164019858,
                        "alpha": 0.8766604021048535
                    },
                    "value": 0.011508342157405371
                },
                "theta": {
                    "name": "theta",
                    "user_data": null,
                    "init_value": 0,
                    "min": -1.5707963267948966,
                    "max": 1.5707963267948966,
                    "brute_step": null,
                    "stderr": 0.2815956571271786,
                    "correl": {
                        "fr": -0.8440370199428873,
                        "Ql": 0.5383896561868783,
                        "Qe": -0.003194728870124998,
                        "A": -0.5344858991177484,
                        "phi_v": -0.4046674108192247,
                        "phi_0": 0.4056013826330994,
                        "alpha": -0.8155865347210327
                    },
                    "value": 1.1131595643664998
                },
                "phi_v": {
                    "name": "phi_v",
                    "user_data": null,
                    "init_value": -1.3199811937985523e-06,
                    "min": -Infinity,
                    "max": Infinity,
                    "brute_step": null,
                    "stderr": 1.0638563021826928e-09,
                    "correl": {
                        "fr": 0.7370321436673302,
                        "Ql": 0.45117038051955044,
                        "Qe": 0.8477927105701559,
                        "A": -0.4930954870357965,
                        "theta": -0.4046674108192247,
                        "phi_0": -0.9999994596152947,
                        "alpha": -0.07207343430186487
                    },
                    "value": -1.3326591389994622e-06
                },
                "phi_0": {
                    "name": "phi_0",
                    "user_data": null,
                    "init_value": 7912.71458659432,
                    "min": -Infinity,
                    "max": Infinity,
                    "brute_step": null,
                    "stderr": 6.389268007010097,
                    "correl": {
                        "fr": -0.7376630248035724,
                        "Ql": -0.45041847094819487,
                        "Qe": -0.8474595917440947,
                        "A": 0.4923022164019858,
                        "theta": 0.4056013826330994,
                        "phi_v": -0.9999994596152947,
                        "alpha": 0.07113038726993516
                    },
                    "value": 7988.805704587484
                },
                "alpha": {
                    "name": "alpha",
                    "user_data": null,
                    "init_value": 0,
                    "min": -1,
                    "max": 1,
                    "brute_step": null,
                    "stderr": 6.401027867773655,
                    "correl": {
                        "fr": 0.42725064697146253,
                        "Ql": -0.7850234734634111,
                        "Qe": -0.4615549488394625,
                        "A": 0.8766604021048535,
                        "theta": -0.8155865347210327,
                        "phi_v": -0.07207343430186487,
                        "phi_0": 0.07113038726993516
                    },
                    "value": -0.9949998977758656
                },
                "Qi": {
                    "name": "Qi",
                    "user_data": null,
                    "init_value": -133703.35292727285,
                    "min": -Infinity,
                    "max": Infinity,
                    "brute_step": null,
                    "stderr": 163.70862761101125,
                    "correl": null,
                    "value": 1084.0642484793837
                },
                "Qc": {
                    "name": "Qc",
                    "user_data": null,
                    "init_value": 2647.5911470747064,
                    "min": -Infinity,