{
    "fit_success": true,
    "Qi": {
        "__dtype__": "UFloat",
        "nominal_value": 51436.08923873532,
        "std_dev": 90767.06370913517
    },
    "Qe": {
        "__dtype__": "UFloat",
        "nominal_value": 300227.6862869655,
        "std_dev": 382653.6576981842
    },
    "Ql": {
        "__dtype__": "UFloat",
        "nominal_value": 51436.08691587142,
        "std_dev": 90112.80721833864
    },
    "Qc": {
        "__dtype__": "UFloat",
        "nominal_value": 1138969505160.0466,
        "std_dev": 5.597279914517423e+18
    },
    "fr": {
        "__dtype__": "UFloat",
        "nominal_value": 6008176394.812013,
        "std_dev": 102320.91257955141
    },
    "fit_msg": "Summary\n$Q_I$: 51$\\pm$91 k\n$Q_C$: 1.1$\\pm$5.6e+06 T\n$f_{res}$: 6.00818$\\pm$0.00010 GHz",
    "fit_result": {
        "hanger_func_complex_SI": {
            "success": true,
            "message": "Fit succeeded.",
            "params": {
                "fr": {
                    "name": "fr",
                    "user_data": null,
                    "init_value": 6007369346.733668,
                    "min": 6003500000.0,
                    "max": 6013500000.0,
                    "brute_step": null,
                    "stderr": 102320.91257955141,
                    "correl": {
                        "Ql": 7.587495893022734e-05,
                        "Qe": -0.0047535854466006205,
                        "A": -0.14009643637444488,
                        "theta": -0.7265037831953445,
                        "phi_v": 0.14884004461276545,
                        "phi_0": -0.14883689502808115,
                        "alpha": -0.017017076934383202
                    },
                    "value": 6008176394.812013
                },
                "Ql": {
                    "name": "Ql",
                    "user_data": null,
                    "init_value": 2706.650909194737,
                    "min": 60.07369346733668,
                    "max": 119546.65000120849,
                    "brute_step": null,
                    "stderr": 90112.80721833864,
                    "correl": {
                        "fr": 7.587495893022734e-05,
                        "Qe": 0.7265017509772506,
                        "A": -0.00961512375365287,
                        "theta": -0.004861172808044941,
                        "phi_v": -0.01432382274154317,
                        "phi_0": 0.014390279641817407,
                        "alpha": -0.14855517567427637
                    },
                    "value": 51436.08691587142
                },
                "Qe": {
                    "name": "Qe",
                    "user_data": null,
                    "init_value": 2653.05386148791,
                    "min": 0,
                    "max": Infinity,
                    "brute_step": null,
                    "stderr": 382653.6576981842,
                    "correl": {
                        "fr": -0.0047535854466006205,
                        "Ql": 0.7265017509772506,
                        "A": 0.002399876080240547,
                        "theta": -4.2302559172763854e-05,
                        "phi_v": -0.02188719095236495,
                        "phi_0": 0.021980020472429095,
                        "alpha": -0.20603850776037455
                    },
                    "value": 300227.6862869655
                },
                "A": {
                    "name": "A",
                    "user_data": null,
                    "init_value": 0.004991579692327155,
                    "min": 0,
                    "max": Infinity,
                    "brute_step": null,
                    "stderr": 9.445212851830887e-05,
                    "correl": {
                        "fr": -0.14009643637444488,
                        "Ql": -0.00961512375365287,
                        "Qe": 0.002399876080240547,
                        "theta": 0.19521335238361265,
                        "phi_v": -0.04363212553910206,
                        "phi_0": 0.04363405567820644,
                        "alpha": 0.11676743863330474
                    },
                    "value": 0.004646064167103114
                },
                "theta": {
                    "name": "theta",
                    "user_data": null,
                    "init_value": 0,
                    "min": -1.5707963267948966,
                    "max": 1.5707963267948966,
                    "brute_step": null,
                    "stderr": 1.2851848011928393,
                    "correl": {
                        "fr": -0.7265037831953445,
                        "Ql": -0.004861172808044941,
                        "Qe": -4.2302559172763854e-05,
                        "A": 0.19521335238361265,
                        "phi_v": -0.20647742762676663,
                        "phi_0": 0.20646544842819528,
                        "alpha": 0.025614477267344032
                    },
                    "value": -1.5707960631990014
                },
                "phi_v": {
                    "name": "phi_v",
                    "user_data": null,
                    "init_value": -5.161361269863346e-08,
                    "min": -Infinity,
                    "max": Infinity,
                    "brute_step": null,
                    "stderr": 6.982562559807311e-09,
                    "correl": {
                        "fr": 0.14884004461276545,
                        "Ql": -0.01432382274154317,
                        "Qe": -0.02188719095236495,
                        "A": -0.04363212553910206,
                        "theta": -0.20647742762676663,
                        "phi_0": -0.999999884238641,
                        "alpha": -0.017597340825704577
                    },
                    "value": -2.9256173327237616e-07
                },
                "phi_0": {
                    "name": "phi_0",
                    "user_data": null,
                    "init_value": 311.1041548909752,
                    "min": -Infinity,
                    "max": Infinity,
                    "brute_step": null,
                    "stderr": 41.95482870757387,
                    "correl": {
                        "fr": -0.14883689502808115,
                        "Ql": 0.014390279641817407,
                        "Qe": 0.021980020472429095,
                        "A": 0.04363405567820644,
                        "theta": 0.20646544842819528,
                        "phi_v": -0.999999884238641,
                        "alpha": 0.017577904338164103
                    },
                    "value": 1757.992220738146
                },
                "alpha": {
                    "name": "alpha",
                    "user_data": null,
                    "init_value": 0,
                    "min": -1,
                    "max": 1,
                    "brute_step": null,
                    "stderr": 274.00410089793087,
                    "correl": {
                        "fr": -0.017017076934383202,
                        "Ql": -0.14855517567427637,
                        "Qe": -0.20603850776037455,
                        "A": 0.11676743863330474,
                        "theta": 0.025614477267344032,
                        "phi_v": -0.017597340825704577,
                        "phi_0": 0.017577904338164103
                    },
                    "value": -0.9842575672224223
                },
                "Qi": {
                    "name": "Qi",
                    "user_data": null,
                    "init_value": -133979.2200051393,
                    "min": -Infinity,
                    "max": Infinity,
                    "brute_step": null,
                    "stderr": 90767.06370913517,
                    "correl": null,
                    "value": 51436.08923873532
                },
                "Qc": {
                    "name": "Qc",
                    "user_data": null,