{
    "T2*": {
        "__dtype__": "UFloat",
        "nominal_value": 5.241153242740992e-06,
        "std_dev": 3.836014033536886e-07
    },
    "fitted_detuning": {
        "__dtype__": "UFloat",
        "nominal_value": 364524.02914653864,
        "std_dev": 2336.612434325004
    },
    "detuning": {
        "__dtype__": "UFloat",
        "nominal_value": -2235475.9708534614,
        "std_dev": 2336.612434325004
    },
    "fit_success": true,
    "fit_msg": "Summary\n$T_2^*$: 5.24$\\pm$0.38 \u03bcs\n\nartificial detuning: 2.6 MHz\nfitted detuning: 364.5$\\pm$2.3 kHz\nactual detuning: -2.2355$\\pm$0.0023 MHz\n",
    "fit_result": {
        "Ramsey_decay": {
            "success": true,
            "message": "Fit succeeded.",
            "params": {
                "tau": {
                    "name": "tau",
                    "user_data": null,
                    "init_value": 5.3599999999999995e-06,
                    "min": 0,
                    "max": Infinity,
                    "brute_step": null,
                    "stderr": 3.836014033536886e-07,
                    "correl": {
                        "frequency": 0.0747042252991299,
                        "phase": -0.12511357829001002,
                        "amplitude": -0.7537644009893283,
                        "offset": 0.023255309488810577
                    },
                    "value": 5.241153242740992e-06
                },
                "n_factor": {
                    "name": "n_factor",
                    "user_data": null,
                    "init_value": 1,
                    "min": -Infinity,
                    "max": Infinity,
                    "brute_step": null,
                    "stderr": 0.0,
                    "correl": null,
                    "value": 1
                },
                "frequency": {
                    "name": "frequency",
                    "user_data": null,
                    "init_value": 367647.05882352946,
                    "min": 0,
                    "max": Infinity,
                    "brute_step": null,
                    "stderr": 2336.612434325004,
                    "correl": {
                        "tau": 0.0747042252991299,
                        "phase": -0.7843000253859528,
                        "amplitude": -0.13702793175997324,
                        "offset": -0.25121132140173846
                    },
                    "value": 364524.02914653864
                },
                "phase": {
                    "name": "phase",
                    "user_data": null,
                    "init_value": 6.190785523250475,
                    "min": -Infinity,
                    "max": Infinity,
                    "brute_step": null,
                    "stderr": 0.04351544432225836,
                    "correl": {
                        "tau": -0.12511357829001002,
                        "frequency": -0.7843000253859528,
                        "amplitude": 0.1915131009095563,
                        "offset": 0.2591039945518819
                    },
                    "value": 6.388247131289117
                },
                "amplitude": {
                    "name": "amplitude",
                    "user_data": null,
                    "init_value": 0.00027157172701771954,
                    "min": 0,
                    "max": Infinity,
                    "brute_step": null,
                    "stderr": 1.2800900556028778e-05,
                    "correl": {
                        "tau": -0.7537644009893283,
                        "frequency": -0.13702793175997324,
                        "phase": 0.1915131009095563,
                        "offset": 0.007071591229067178
                    },
                    "value": 0.00031389242902224446
                },
                "offset": {
                    "name": "offset",
                    "user_data": null,
                    "init_value": 0.0012632976338469797,
                    "min": -Infinity,
                    "max": Infinity,
                    "brute_step": null,
                    "stderr": 3.420567551380388e-06,
                    "correl": {
                        "tau": 0.023255309488810577,
                        "frequency": -0.25121132140173846,
                        "phase": 0.2591039945518819,
                        "amplitude": 0.007071591229067178
                    },
                    "value": 0.001262943889799037
                }
            }
        }
    }
}