{
    "T2*": {
        "__dtype__": "UFloat",
        "nominal_value": 9.351882054309257e-06,
        "std_dev": 0.0006547827029893277
    },
    "fitted_detuning": {
        "__dtype__": "UFloat",
        "nominal_value": 1824.1170410073892,
        "std_dev": 10986555.584921293
    },
    "detuning": {
        "__dtype__": "UFloat",
        "nominal_value": -1728175.8829589926,
        "std_dev": 10986555.584921293
    },
    "fit_success": true,
    "fit_msg": "Summary\n$T_2^*$: 9.4$\\pm$6.5e+02 \u03bcs\n\nartificial detuning: 1.73 MHz\nfitted detuning: 1.8$\\pm$1.1e+04 kHz\nactual detuning: -2$\\pm$11 MHz\n",
    "fit_result": {
        "Ramsey_decay": {
            "success": true,
            "message": "Fit succeeded.",
            "params": {
                "tau": {
                    "name": "tau",
                    "user_data": null,
                    "init_value": 6.6746666666666656e-06,
                    "min": 0,
                    "max": Infinity,
                    "brute_step": null,
                    "stderr": 0.0006547827029893277,
                    "correl": {
                        "frequency": -0.9976437680542201,
                        "phase": 0.9978435589118679,
                        "amplitude": 0.9977246784088994,
                        "offset": 0.9999788757016922
                    },
                    "value": 9.351882054309257e-06
                },
                "n_factor": {
                    "name": "n_factor",
                    "user_data": null,
                    "init_value": 1,
                    "min": -Infinity,
                    "max": Infinity,
                    "brute_step": null,
                    "stderr": 0.0,
                    "correl": null,
                    "value": 1
                },
                "frequency": {
                    "name": "frequency",
                    "user_data": null,
                    "init_value": 98039.21568627452,
                    "min": 0,
                    "max": Infinity,
                    "brute_step": null,
                    "stderr": 10986555.584921293,
                    "correl": {
                        "tau": -0.9976437680542201,
                        "phase": -0.9999955260850488,
                        "amplitude": -0.9999992820770162,
                        "offset": -0.9975745593337372
                    },
                    "value": 1824.1170410073892
                },
                "phase": {
                    "name": "phase",
                    "user_data": null,
                    "init_value": 6.029393900654293,
                    "min": -Infinity,
                    "max": Infinity,
                    "brute_step": null,
                    "stderr": 339.8084774780907,
                    "correl": {
                        "tau": 0.9978435589118679,
                        "frequency": -0.9999955260850488,
                        "amplitude": 0.9999983913094382,
                        "offset": 0.9977783042788746
                    },
                    "value": 7.799998888149277
                },
                "amplitude": {
                    "name": "amplitude",
                    "user_data": null,
                    "init_value": 0.0002074934895512576,
                    "min": 0,
                    "max": Infinity,
                    "brute_step": null,
                    "stderr": 20.08932440809116,
                    "correl": {
                        "tau": 0.9977246784088994,
                        "frequency": -0.9999992820770162,
                        "phase": 0.9999983913094382,
                        "offset": 0.9976572112984324
                    },
                    "value": 0.0033019615035003724
                },
                "offset": {
                    "name": "offset",
                    "user_data": null,
                    "init_value": 0.002026789106028741,
                    "min": -Infinity,
                    "max": Infinity,
                    "brute_step": null,
                    "stderr": 0.028969027169815132,
                    "correl": {
                        "tau": 0.9999788757016922,
                        "frequency": -0.9975745593337372,
                        "phase": 0.9977783042788746,
                        "amplitude": 0.9976572112984324
                    },
                    "value": 0.002012677751496559
                }
            }
        }
    }
}