{
    "fit_success": true,
    "Qi": {
        "__dtype__": "UFloat",
        "nominal_value": 22007.970874910017,
        "std_dev": 887.055666542076
    },
    "Qe": {
        "__dtype__": "UFloat",
        "nominal_value": 4086.8298217258007,
        "std_dev": 28.60697504491014
    },
    "Ql": {
        "__dtype__": "UFloat",
        "nominal_value": 3704.311214309506,
        "std_dev": 35.753211807455386
    },
    "Qc": {
        "__dtype__": "UFloat",
        "nominal_value": 4453.993071757732,
        "std_dev": 33.97507813685785
    },
    "fr": {
        "__dtype__": "UFloat",
        "nominal_value": 5913517629.791133,
        "std_dev": 7703.9035140336255
    },
    "fit_msg": "Summary\n$Q_I$: 22.01$\\pm$0.89 k\n$Q_C$: 4.454$\\pm$0.034 k\n$f_{res}$: 5.9135176$\\pm$7.7e-06 GHz",
    "fit_result": {
        "hanger_func_complex_SI": {
            "success": true,
            "message": "Fit succeeded.",
            "params": {
                "fr": {
                    "name": "fr",
                    "user_data": null,
                    "init_value": 5913768844.221106,
                    "min": 5880000000.0,
                    "max": 5920000000.0,
                    "brute_step": null,
                    "stderr": 7703.9035140336255,
                    "correl": {
                        "Ql": 0.0003108419627852174,
                        "Qe": 0.03575542347417336,
                        "A": 0.16006745516655352,
                        "theta": -0.7622663235393252,
                        "phi_v": -0.3088401764539676,
                        "phi_0": 0.30854118024344185,
                        "alpha": 0.020106926655512284
                    },
                    "value": 5913517629.791133
                },
                "Ql": {
                    "name": "Ql",
                    "user_data": null,
                    "init_value": 666.1196813046669,
                    "min": 14.784422110552766,
                    "max": 29421.000000018237,
                    "brute_step": null,
                    "stderr": 35.753211807455386,
                    "correl": {
                        "fr": 0.0003108419627852174,
                        "Qe": 0.7622793402159419,
                        "A": -0.33985836939770575,
                        "theta": 0.03523535584377502,
                        "phi_v": -0.021590250056301608,
                        "phi_0": 0.02112410475425451,
                        "alpha": -0.30898946411662515
                    },
                    "value": 3704.311214309506
                },
                "Qe": {
                    "name": "Qe",
                    "user_data": null,
                    "init_value": 652.9291925659605,
                    "min": 0,
                    "max": Infinity,
                    "brute_step": null,
                    "stderr": 28.60697504491014,
                    "correl": {
                        "fr": 0.03575542347417336,
                        "Ql": 0.7622793402159419,
                        "A": -0.25666689292827266,
                        "theta": -0.0002175365220757984,
                        "phi_v": -0.04364333371632682,
                        "phi_0": 0.04301402235829223,
                        "alpha": -0.2636303921884959
                    },
                    "value": 4086.8298217258007
                },
                "A": {
                    "name": "A",
                    "user_data": null,
                    "init_value": 0.009424474668008394,
                    "min": 0,
                    "max": Infinity,
                    "brute_step": null,
                    "stderr": 1.692168134211491e-05,
                    "correl": {
                        "fr": 0.16006745516655352,
                        "Ql": -0.33985836939770575,
                        "Qe": -0.25666689292827266,
                        "theta": -0.22879472233879056,
                        "phi_v": -0.04382813560872117,
                        "phi_0": 0.04395681760875407,
                        "alpha": 0.7984547952762264
                    },
                    "value": 0.009632999534100906
                },
                "theta": {
                    "name": "theta",
                    "user_data": null,
                    "init_value": 0,
                    "min": -1.5707963267948966,
                    "max": 1.5707963267948966,
                    "brute_step": null,
                    "stderr": 0.006999492970346537,
                    "correl": {
                        "fr": -0.7622663235393252,
                        "Ql": 0.03523535584377502,
                        "Qe": -0.0002175365220757984,
                        "A": -0.22879472233879056,
                        "phi_v": 0.2633765822066264,
                        "phi_0": -0.26322918120635536,
                        "alpha": -0.04233990633654822
                    },
                    "value": 0.40888330815815044
                },
                "phi_v": {
                    "name": "phi_v",
                    "user_data": null,
                    "init_value": -8.367478214357696e-08,
                    "min": -Infinity,
                    "max": Infinity,
                    "brute_step": null,
                    "stderr": 9.264305310543849e-11,
                    "correl": {
                        "fr": -0.3088401764539676,
                        "Ql": -0.021590250056301608,
                        "Qe": -0.04364333371632682,
                        "A": -0.04382813560872117,
                        "theta": 0.2633765822066264,
                        "phi_0": -0.9999981258601948,
                        "alpha": 0.004192002237038499
                    },
                    "value": -7.041971077240744e-08
                },
                "phi_0": {
                    "name": "phi_0",
                    "user_data": null,
                    "init_value": 492.0398555402077,
                    "min": -Infinity,
                    "max": Infinity,
                    "brute_step": null,
                    "stderr": 0.5464447768562939,
                    "correl": {
                        "fr": 0.30854118024344185,
                        "Ql": 0.02112410475425451,
                        "Qe": 0.04301402235829223,
                        "A": 0.04395681760875407,
                        "theta": -0.26322918120635536,
                        "phi_v": -0.9999981258601948,
                        "alpha": -0.0040338212476311325
                    },
                    "value": 414.10475053810654
                },
                "alpha": {
                    "name": "alpha",
                    "user_data": null,
                    "init_value": 0,
                    "min": -1,
                    "max": 1,
                    "brute_step": null,
                    "stderr": 0.547760072878941,
                    "correl": {
                        "fr": 0.020106926655512284,
                        "Ql": -0.30898946411662515,
                        "Qe": -0.2636303921884959,
                        "A": 0.7984547952762264,
                        "theta": -0.04233990633654822,
                        "phi_v": 0.004192002237038499,
                        "phi_0": -0.0040338212476311325
                    },
                    "value": -0.19711868145803435
                },
                "Qi": {
                    "name": "Qi",
                    "user_data": null,
                    "init_value": -32972.92422458096,
                    "min": -Infinity,
                    "max": Infinity,
                    "brute_step": null,
                    "stderr": 887.055666542076,
                    "correl": null,
                    "value": 22007.970874910017
                },
                "Qc": {
                    "name": "Qc",
                    "user_data": null,