{
    "fit_success": true,
    "Qi": {
        "__dtype__": "UFloat",
        "nominal_value": 21979.94014779098,
        "std_dev": 1071.621579401422
    },
    "Qe": {
        "__dtype__": "UFloat",
        "nominal_value": 4015.221144169517,
        "std_dev": 32.29006510731601
    },
    "Ql": {
        "__dtype__": "UFloat",
        "nominal_value": 3625.2610138659716,
        "std_dev": 40.58667890470568
    },
    "Qc": {
        "__dtype__": "UFloat",
        "nominal_value": 4341.29191382135,
        "std_dev": 37.74775962044761
    },
    "fr": {
        "__dtype__": "UFloat",
        "nominal_value": 5913528333.078274,
        "std_dev": 9131.233828013108
    },
    "fit_msg": "Summary\n$Q_I$: 22.0$\\pm$1.1 k\n$Q_C$: 4.341$\\pm$0.038 k\n$f_{res}$: 5.9135283$\\pm$9.1e-06 GHz",
    "fit_result": {
        "hanger_func_complex_SI": {
            "success": true,
            "message": "Fit succeeded.",
            "params": {
                "fr": {
                    "name": "fr",
                    "user_data": null,
                    "init_value": 5913693467.336683,
                    "min": 5875000000.0,
                    "max": 5925000000.0,
                    "brute_step": null,
                    "stderr": 9131.233828013108,
                    "correl": {
                        "Ql": 0.00013503459935247444,
                        "Qe": 0.014894630262713173,
                        "A": 0.07782232675817768,
                        "theta": -0.7480646979824377,
                        "phi_v": -0.2566521552587736,
                        "phi_0": 0.2562402584027555,
                        "alpha": 0.06730384148222644
                    },
                    "value": 5913528333.078274
                },
                "Ql": {
                    "name": "Ql",
                    "user_data": null,
                    "init_value": 532.8889527562682,
                    "min": 11.827386934673367,
                    "max": 23536.50000005926,
                    "brute_step": null,
                    "stderr": 40.58667890470568,
                    "correl": {
                        "fr": 0.00013503459935247444,
                        "Qe": 0.7480547792994084,
                        "A": -0.3016284362177492,
                        "theta": 0.014797558911460198,
                        "phi_v": 0.06677007275917393,
                        "phi_0": -0.06720781838589789,
                        "alpha": 0.2562274826233809
                    },
                    "value": 3625.2610138659716
                },
                "Qe": {
                    "name": "Qe",
                    "user_data": null,
                    "init_value": 522.3366962660451,
                    "min": 0,
                    "max": Infinity,
                    "brute_step": null,
                    "stderr": 32.29006510731601,
                    "correl": {
                        "fr": 0.014894630262713173,
                        "Ql": 0.7480547792994084,
                        "A": -0.24120377327075312,
                        "theta": 2.413018928615894e-05,
                        "phi_v": 0.0861976158651178,
                        "phi_0": -0.08679578028498072,
                        "alpha": 0.23470124980931403
                    },
                    "value": 4015.221144169517
                },
                "A": {
                    "name": "A",
                    "user_data": null,
                    "init_value": 0.009449099232798868,
                    "min": 0,
                    "max": Infinity,
                    "brute_step": null,
                    "stderr": 1.5540326283330317e-05,
                    "correl": {
                        "fr": 0.07782232675817768,
                        "Ql": -0.3016284362177492,
                        "Qe": -0.24120377327075312,
                        "theta": -0.11013994713363447,
                        "phi_v": -0.04179078560315234,
                        "phi_0": 0.04190882628349432,
                        "alpha": -0.7157479454112831
                    },
                    "value": 0.009678607991882249
                },
                "theta": {
                    "name": "theta",
                    "user_data": null,
                    "init_value": 0,
                    "min": -1.5707963267948966,
                    "max": 1.5707963267948966,
                    "brute_step": null,
                    "stderr": 0.008041855229853533,
                    "correl": {
                        "fr": -0.7480646979824377,
                        "Ql": 0.014797558911460198,
                        "Qe": 2.413018928615894e-05,
                        "A": -0.11013994713363447,
                        "phi_v": 0.2353242512953262,
                        "phi_0": -0.23506938397555466,
                        "alpha": -0.08639940217110591
                    },
                    "value": 0.39004790873983675
                },
                "phi_v": {
                    "name": "phi_v",
                    "user_data": null,
                    "init_value": -7.896048842935494e-08,
                    "min": -Infinity,
                    "max": Infinity,
                    "brute_step": null,
                    "stderr": 7.817092866005634e-11,
                    "correl": {
                        "fr": -0.2566521552587736,
                        "Ql": 0.06677007275917393,
                        "Qe": 0.0861976158651178,
                        "A": -0.04179078560315234,
                        "theta": 0.2353242512953262,
                        "phi_0": -0.9999970438092768,
                        "alpha": -0.003996497982371323
                    },
                    "value": -7.038272755412184e-08
                },
                "phi_0": {
                    "name": "phi_0",
                    "user_data": null,
                    "init_value": 464.2940158383976,
                    "min": -Infinity,
                    "max": Infinity,
                    "brute_step": null,
                    "stderr": 0.4611181079309946,
                    "correl": {
                        "fr": 0.2562402584027555,
                        "Ql": -0.06720781838589789,
                        "Qe": -0.08679578028498072,
                        "A": 0.04190882628349432,
                        "theta": -0.23506938397555466,
                        "phi_v": -0.9999970438092768,
                        "alpha": 0.003835782663341273
                    },
                    "value": 413.8908510908235
                },
                "alpha": {
                    "name": "alpha",
                    "user_data": null,
                    "init_value": 0,
                    "min": -1,
                    "max": 1,
                    "brute_step": null,
                    "stderr": 0.49289965734215563,
                    "correl": {
                        "fr": 0.06730384148222644,
                        "Ql": 0.2562274826233809,
                        "Qe": 0.23470124980931403,
                        "A": -0.7157479454112831,
                        "theta": -0.08639940217110591,
                        "phi_v": -0.003996497982371323,
                        "phi_0": 0.003835782663341273
                    },
                    "value": 0.999997448533203
                },
                "Qi": {
                    "name": "Qi",
                    "user_data": null,
                    "init_value": -26378.00316143546,
                    "min": -Infinity,
                    "max": Infinity,
                    "brute_step": null,
                    "stderr": 1071.621579401422,
                    "correl": null,
                    "value": 21979.94014779098
                },
                "Qc": {
                    "name": "Qc",
                    "user_data": null,
                    "init_value": 522.3366962660451,