{
    "a": {
        "__dtype__": "UFloat",
        "nominal_value": -51037446849.30559,
        "std_dev": 1765338231.3917434
    },
    "b": {
        "__dtype__": "UFloat",
        "nominal_value": -3416705090.5294757,
        "std_dev": 136984713.68047822
    },
    "c": {
        "__dtype__": "UFloat",
        "nominal_value": 4706875436.664538,
        "std_dev": 4150484.5664383383
    },
    "fit_success": true,
    "offset_0": {
        "__dtype__": "UFloat",
        "nominal_value": -0.0334725314592805,
        "std_dev": 0.001772408875450499
    },
    "freq_0": {
        "__dtype__": "UFloat",
        "nominal_value": 4764058320.979454,
        "std_dev": 6493297.541271849
    },
    "fit_msg": "Summary:\noffset_0: -33.5$\\pm$1.8 mV\nfreq_0: 4.7641$\\pm$0.0065 GHz\n",
    "fit_result": {
        "poly2": {
            "success": true,
            "message": "Fit succeeded.",
            "params": {
                "a": {
                    "name": "a",
                    "user_data": null,
                    "init_value": -51037446850.25875,
                    "min": -Infinity,
                    "max": Infinity,
                    "brute_step": null,
                    "stderr": 1765338231.3917434,
                    "correl": {
                        "b": 0.8627289556427963,
                        "c": -0.3676032969316924
                    },
                    "value": -51037446849.30559
                },
                "b": {
                    "name": "b",
                    "user_data": null,
                    "init_value": -3416705090.6031566,
                    "min": -Infinity,
                    "max": Infinity,
                    "brute_step": null,
                    "stderr": 136984713.68047822,
                    "correl": {
                        "a": 0.8627289556427963,
                        "c": -0.03466021299801318
                    },
                    "value": -3416705090.5294757
                },
                "c": {
                    "name": "c",
                    "user_data": null,
                    "init_value": 4706875436.665016,
                    "min": -Infinity,
                    "max": Infinity,
                    "brute_step": null,
                    "stderr": 4150484.5664383383,
                    "correl": {
                        "a": -0.3676032969316924,
                        "b": -0.03466021299801318
                    },
                    "value": 4706875436.664538
                }
            }
        }
    }
}