{
    "fit_success": true,
    "Qi": {
        "__dtype__": "UFloat",
        "nominal_value": 64660.62394337313,
        "std_dev": 45621.91961991821
    },
    "Qe": {
        "__dtype__": "UFloat",
        "nominal_value": 1465.3572559982106,
        "std_dev": 51.89438390874525
    },
    "Ql": {
        "__dtype__": "UFloat",
        "nominal_value": 1622.4445281978863,
        "std_dev": 65.57793029451547
    },
    "Qc": {
        "__dtype__": "UFloat",
        "nominal_value": 1664.2021784266867,
        "std_dev": 66.91332293163013
    },
    "fr": {
        "__dtype__": "UFloat",
        "nominal_value": 5837759241.579163,
        "std_dev": 72725.11959595881
    },
    "fit_msg": "Summary\n$Q_I$: 65$\\pm$46 k\n$Q_C$: 1.664$\\pm$0.067 k\n$f_{res}$: 5.837759$\\pm$7.3e-05 GHz",
    "fit_result": {
        "hanger_func_complex_SI": {
            "success": true,
            "message": "Fit succeeded.",
            "params": {
                "fr": {
                    "name": "fr",
                    "user_data": null,
                    "init_value": 5838423366.834171,
                    "min": 5833750000.0,
                    "max": 5843750000.0,
                    "brute_step": null,
                    "stderr": 72725.11959595881,
                    "correl": {
                        "Ql": 0.0006382426823665095,
                        "Qe": 0.22686081500813807,
                        "A": 0.3026452155189996,
                        "theta": -0.9021519013048969,
                        "phi_v": -0.07711272577317844,
                        "phi_0": 0.07667844603162825,
                        "alpha": 0.7035451037306557
                    },
                    "value": 5837759241.579163
                },
                "Ql": {
                    "name": "Ql",
                    "user_data": null,
                    "init_value": 2630.5314359766635,
                    "min": 58.384233668341714,
                    "max": 116184.62500117451,
                    "brute_step": null,
                    "stderr": 65.57793029451547,
                    "correl": {
                        "fr": 0.0006382426823665095,
                        "Qe": 0.9021513314319544,
                        "A": -0.7399950882271543,
                        "theta": 0.22561807880980675,
                        "phi_v": 0.7027810942988292,
                        "phi_0": -0.702869424308415,
                        "alpha": 0.07141940053581211
                    },
                    "value": 1622.4445281978863
                },
                "Qe": {
                    "name": "Qe",
                    "user_data": null,
                    "init_value": 2578.4417045711853,
                    "min": 0,
                    "max": Infinity,
                    "brute_step": null,
                    "stderr": 51.89438390874525,
                    "correl": {
                        "fr": 0.22686081500813807,
                        "Ql": 0.9021513314319544,
                        "A": -0.5662083313696401,
                        "theta": -0.000627733391533957,
                        "phi_v": 0.7485351728995967,
                        "phi_0": -0.7487351981699479,
                        "alpha": 0.2945120468678916
                    },
                    "value": 1465.3572559982106
                },
                "A": {
                    "name": "A",
                    "user_data": null,
                    "init_value": 0.0034261875600455206,
                    "min": 0,
                    "max": Infinity,
                    "brute_step": null,
                    "stderr": 7.616408460936878e-05,
                    "correl": {
                        "fr": 0.3026452155189996,
                        "Ql": -0.7399950882271543,
                        "Qe": -0.5662083313696401,
                        "theta": -0.5064916327317656,
                        "phi_v": -0.5386308235515331,
                        "phi_0": 0.538565340036866,
                        "alpha": 0.2168698821798042
                    },
                    "value": 0.004602952054693521
                },
                "theta": {
                    "name": "theta",
                    "user_data": null,
                    "init_value": 0,
                    "min": -1.5707963267948966,
                    "max": 1.5707963267948966,
                    "brute_step": null,
                    "stderr": 0.035407223022302155,
                    "correl": {
                        "fr": -0.9021519013048969,
                        "Ql": 0.22561807880980675,
                        "Qe": -0.000627733391533957,
                        "A": -0.5064916327317656,
                        "phi_v": 0.30070283863667396,
                        "phi_0": -0.30033908251891345,
                        "alpha": -0.7513762922762751
                    },
                    "value": 0.4938458805275605
                },
                "phi_v": {
                    "name": "phi_v",
                    "user_data": null,
                    "init_value": -2.5462891417420114e-07,
                    "min": -Infinity,
                    "max": Infinity,
                    "brute_step": null,
                    "stderr": 5.041304056956924e-09,
                    "correl": {
                        "fr": -0.07711272577317844,
                        "Ql": 0.7027810942988292,
                        "Qe": 0.7485351728995967,
                        "A": -0.5386308235515331,
                        "theta": 0.30070283863667396,
                        "phi_0": -0.999999845039524,
                        "alpha": -0.009049122032862985
                    },
                    "value": -1.6033694680037427e-07
                },
                "phi_0": {
                    "name": "phi_0",
                    "user_data": null,
                    "init_value": 1482.7129716775307,
                    "min": -Infinity,
                    "max": Infinity,
                    "brute_step": null,
                    "stderr": 29.433478728887213,
                    "correl": {
                        "fr": 0.07667844603162825,
                        "Ql": -0.702869424308415,
                        "Qe": -0.7487351981699479,
                        "A": 0.538565340036866,
                        "theta": -0.30033908251891345,
                        "phi_v": -0.999999845039524,
                        "alpha": 0.008733203922194769
                    },
                    "value": 933.2937028752001
                },
                "alpha": {
                    "name": "alpha",
                    "user_data": null,
                    "init_value": 0,
                    "min": -1,
                    "max": 1,
                    "brute_step": null,
                    "stderr": 37.71693534489315,
                    "correl": {
                        "fr": 0.7035451037306557,
                        "Ql": 0.07141940053581211,
                        "Qe": 0.2945120468678916,
                        "A": 0.2168698821798042,
                        "theta": -0.7513762922762751,
                        "phi_v": -0.009049122032862985,
                        "phi_0": 0.008733203922194769
                    },
                    "value": 0.9994205682019177
                },
                "Qi": {
                    "name": "Qi",
                    "user_data": null,
                    "init_value": -130211.3060808455,
                    "min": -Infinity,
                    "max": Infinity,
                    "brute_step": null,
                    "stderr": 45621.91961991821,
                    "correl": null,
                    "value": 64660.62394337313
                },
                "Qc": {
                    "name": "Qc",
                    "user_data": null,
                    "init_value": 2578.4417045711853,
                    "min": -Infinity,