{
    "fit_success": true,
    "Qi": {
        "__dtype__": "UFloat",
        "nominal_value": 3780.760944072643,
        "std_dev": 1209.0232949758756
    },
    "Qe": {
        "__dtype__": "UFloat",
        "nominal_value": 10825.306377935516,
        "std_dev": 3369.7686534561776
    },
    "Ql": {
        "__dtype__": "UFloat",
        "nominal_value": 3780.2580016154825,
        "std_dev": 1354.9923441358828
    },
    "Qc": {
        "__dtype__": "UFloat",
        "nominal_value": 28417270.420403484,
        "std_dev": 24972648063.317795
    },
    "fr": {
        "__dtype__": "UFloat",
        "nominal_value": 6019530049.176549,
        "std_dev": 287665.61801376054
    },
    "fit_msg": "Summary\n$Q_I$: 3.8$\\pm$1.2 k\n$Q_C$: 28.$\\pm$2.5e+04 M\n$f_{res}$: 6.01953$\\pm$0.00029 GHz",
    "fit_result": {
        "hanger_func_complex_SI": {
            "success": true,
            "message": "Fit succeeded.",
            "params": {
                "fr": {
                    "name": "fr",
                    "user_data": null,
                    "init_value": 6013500000.0,
                    "min": 6013500000.0,
                    "max": 6023500000.0,
                    "brute_step": null,
                    "stderr": 287665.61801376054,
                    "correl": {
                        "Ql": -0.4803708762722646,
                        "Qe": -0.19018005625636725,
                        "A": 0.6592581131498104,
                        "theta": -0.8839838653374259,
                        "phi_v": -0.482706397959716,
                        "phi_0": 0.4828592876296334,
                        "alpha": -0.2897525564778744
                    },
                    "value": 6019530049.176549
                },
                "Ql": {
                    "name": "Ql",
                    "user_data": null,
                    "init_value": 2709.4131063029104,
                    "min": 60.135000000000005,
                    "max": 119668.65000120972,
                    "brute_step": null,
                    "stderr": 1354.9923441358828,
                    "correl": {
                        "fr": -0.4803708762722646,
                        "Qe": 0.8326588156075342,
                        "A": -0.38824676188500706,
                        "theta": 0.4759775007291886,
                        "phi_v": 0.07012563522697499,
                        "phi_0": -0.0704837717177845,
                        "alpha": 0.5531851499665127
                    },
                    "value": 3780.2580016154825
                },
                "Qe": {
                    "name": "Qe",
                    "user_data": null,
                    "init_value": 2655.7613616236445,
                    "min": 0,
                    "max": Infinity,
                    "brute_step": null,
                    "stderr": 3369.7686534561776,
                    "correl": {
                        "fr": -0.19018005625636725,
                        "Ql": 0.8326588156075342,
                        "A": -0.17770002716340283,
                        "theta": 0.21759538741210893,
                        "phi_v": -0.17013199406540386,
                        "phi_0": 0.16972197042517784,
                        "alpha": 0.6275314987167164
                    },
                    "value": 10825.306377935516
                },
                "A": {
                    "name": "A",
                    "user_data": null,
                    "init_value": 0.005544575291198177,
                    "min": 0,
                    "max": Infinity,
                    "brute_step": null,
                    "stderr": 0.00017312031162685875,
                    "correl": {
                        "fr": 0.6592581131498104,
                        "Ql": -0.38824676188500706,
                        "Qe": -0.17770002716340283,
                        "theta": -0.7822779011840825,
                        "phi_v": -0.4609591399472049,
                        "phi_0": 0.46112353162774317,
                        "alpha": -0.5046618334062343
                    },
                    "value": 0.005073471154373843
                },
                "theta": {
                    "name": "theta",
                    "user_data": null,
                    "init_value": 0,
                    "min": -1.5707963267948966,
                    "max": 1.5707963267948966,
                    "brute_step": null,
                    "stderr": 0.33473922145245605,
                    "correl": {
                        "fr": -0.8839838653374259,
                        "Ql": 0.4759775007291886,
                        "Qe": 0.21759538741210893,
                        "A": -0.7822779011840825,
                        "phi_v": 0.579871854259239,
                        "phi_0": -0.5800729761181354,
                        "alpha": 0.37672089343963994
                    },
                    "value": 1.5704153856812848
                },
                "phi_v": {
                    "name": "phi_v",
                    "user_data": null,
                    "init_value": -9.36557105665198e-08,
                    "min": -Infinity,
                    "max": Infinity,
                    "brute_step": null,
                    "stderr": 9.057507839195728e-09,
                    "correl": {
                        "fr": -0.482706397959716,
                        "Ql": 0.07012563522697499,
                        "Qe": -0.17013199406540386,
                        "A": -0.4609591399472049,
                        "theta": 0.579871854259239,
                        "phi_0": -0.9999998480997413,
                        "alpha": 0.03995004358331808
                    },
                    "value": -3.020316394738419e-07
                },
                "phi_0": {
                    "name": "phi_0",
                    "user_data": null,
                    "init_value": 565.5718218550525,
                    "min": -Infinity,
                    "max": Infinity,
                    "brute_step": null,
                    "stderr": 54.50976480400419,
                    "correl": {
                        "fr": 0.4828592876296334,
                        "Ql": -0.0704837717177845,
                        "Qe": 0.16972197042517784,
                        "A": 0.46112353162774317,
                        "theta": -0.5800729761181354,
                        "phi_v": -0.9999998480997413,
                        "alpha": -0.04024205831717686
                    },
                    "value": 1819.021960877353
                },
                "alpha": {
                    "name": "alpha",
                    "user_data": null,
                    "init_value": 0,
                    "min": -1,
                    "max": 1,
                    "brute_step": null,
                    "stderr": 62.26165587203054,
                    "correl": {
                        "fr": -0.2897525564778744,
                        "Ql": 0.5531851499665127,
                        "Qe": 0.6275314987167164,
                        "A": -0.5046618334062343,
                        "theta": 0.37672089343963994,
                        "phi_v": 0.03995004358331808,
                        "phi_0": -0.04024205831717686
                    },
                    "value": 0.9974398159432059
                },
                "Qi": {
                    "name": "Qi",
                    "user_data": null,
                    "init_value": -134115.94876199382,
                    "min": -Infinity,
                    "max": Infinity,
                    "brute_step": null,
                    "stderr": 1209.0232949758756,
                    "correl": null,
                    "value": 3780.760944072643
                },
                "Qc": {
                    "name": "Qc",
                    "user_data": null,
                    "init_value": 2655.7613616236445,
                    "min": -Infinity,