{
    "fit_success": true,
    "frequency_01": {
        "__dtype__": "UFloat",
        "nominal_value": 3846230180.0634685,
        "std_dev": 998220.0424821846
    },
    "fit_msg": "Summary\nFrequency 0-1: 3.84623$\\pm$0.0010 GHz\nPeak width: 1.9e+02$\\pm$3.1e+03 kHz\n",
    "fit_result": {
        "Lorentzian_peak": {
            "success": true,
            "message": "Fit succeeded.",
            "params": {
                "x0": {
                    "name": "x0",
                    "user_data": null,
                    "init_value": 3846349996.0283184,
                    "min": -Infinity,
                    "max": Infinity,
                    "brute_step": null,
                    "stderr": 998220.0424821846,
                    "correl": {
                        "width": 0.9773504503860982,
                        "a": -0.9992280151119939,
                        "c": -0.1234300159226711
                    },
                    "value": 3846230180.0634685
                },
                "width": {
                    "name": "width",
                    "user_data": null,
                    "init_value": 6030226.891554769,
                    "min": -Infinity,
                    "max": Infinity,
                    "brute_step": null,
                    "stderr": 3145101.8472447214,
                    "correl": {
                        "x0": 0.9773504503860982,
                        "a": -0.9826426780229167,
                        "c": -0.16238039279146363
                    },
                    "value": 193281.2447375885
                },
                "a": {
                    "name": "a",
                    "user_data": null,
                    "init_value": 1024.976126578854,
                    "min": -Infinity,
                    "max": Infinity,
                    "brute_step": null,
                    "stderr": 287.79562358075646,
                    "correl": {
                        "x0": -0.9992280151119939,
                        "width": -0.9826426780229167,
                        "c": 0.1257304947557351
                    },
                    "value": 23.36387683911962
                },
                "c": {
                    "name": "c",
                    "user_data": null,
                    "init_value": 0.0010207817593346753,
                    "min": -Infinity,
                    "max": Infinity,
                    "brute_step": null,
                    "stderr": 1.8844880623859387e-06,
                    "correl": {
                        "x0": -0.1234300159226711,
                        "width": -0.16238039279146363,
                        "a": 0.1257304947557351
                    },
                    "value": 0.0010201001664756645
                }
            }
        }
    }
}