{
    "fit_success": true,
    "frequency_01": {
        "__dtype__": "UFloat",
        "nominal_value": 4228793686.754316,
        "std_dev": 1761288.065794576
    },
    "fit_msg": "Summary\nFrequency 0-1: 4.2288$\\pm$0.0018 GHz\nPeak width: 23.6$\\pm$5.6 MHz\n",
    "fit_result": {
        "Lorentzian_peak": {
            "success": true,
            "message": "Fit succeeded.",
            "params": {
                "x0": {
                    "name": "x0",
                    "user_data": null,
                    "init_value": 4223725429.6119986,
                    "min": -Infinity,
                    "max": Infinity,
                    "brute_step": null,
                    "stderr": 1761288.065794576,
                    "correl": {
                        "width": -0.0016601813641518046,
                        "a": -0.0002974124439116034,
                        "c": -0.0003907128385996821
                    },
                    "value": 4228793686.754316
                },
                "width": {
                    "name": "width",
                    "user_data": null,
                    "init_value": 20100756.30518254,
                    "min": -Infinity,
                    "max": Infinity,
                    "brute_step": null,
                    "stderr": 5557434.061217359,
                    "correl": {
                        "x0": -0.0016601813641518046,
                        "a": 0.8258957065474797,
                        "c": -0.603004795967524
                    },
                    "value": 23558828.356964238
                },
                "a": {
                    "name": "a",
                    "user_data": null,
                    "init_value": 26913.001147894123,
                    "min": -Infinity,
                    "max": Infinity,
                    "brute_step": null,
                    "stderr": 1886.1522011867387,
                    "correl": {
                        "x0": -0.0002974124439116034,
                        "width": 0.8258957065474797,
                        "c": -0.7632384885797888
                    },
                    "value": 9163.154432961628
                },
                "c": {
                    "name": "c",
                    "user_data": null,
                    "init_value": 0.0009778793954506267,
                    "min": -Infinity,
                    "max": Infinity,
                    "brute_step": null,
                    "stderr": 1.818026079687378e-05,
                    "correl": {
                        "x0": -0.0003907128385996821,
                        "width": -0.603004795967524,
                        "a": -0.7632384885797888
                    },
                    "value": 0.0009041914768055405
                }
            }
        }
    }
}