{
    "fit_success": true,
    "Qi": {
        "__dtype__": "UFloat",
        "nominal_value": 1787.3118480960463,
        "std_dev": 221.974891559695
    },
    "Qe": {
        "__dtype__": "UFloat",
        "nominal_value": 3495.2256193351013,
        "std_dev": 532.9913572914614
    },
    "Ql": {
        "__dtype__": "UFloat",
        "nominal_value": 1354.4608127495337,
        "std_dev": 123.9377140393999
    },
    "Qc": {
        "__dtype__": "UFloat",
        "nominal_value": 5592.78749667555,
        "std_dev": 1360.7909542165569
    },
    "fr": {
        "__dtype__": "UFloat",
        "nominal_value": 6104985597.462295,
        "std_dev": 172523.4661462224
    },
    "fit_msg": "Summary\n$Q_I$: 1.79$\\pm$0.22 k\n$Q_C$: 5.6$\\pm$1.4 k\n$f_{res}$: 6.10499$\\pm$0.00017 GHz",
    "fit_result": {
        "hanger_func_complex_SI": {
            "success": true,
            "message": "Fit succeeded.",
            "params": {
                "fr": {
                    "name": "fr",
                    "user_data": null,
                    "init_value": 6105000000.0,
                    "min": 6095000000.0,
                    "max": 6105000000.0,
                    "brute_step": null,
                    "stderr": 172523.4661462224,
                    "correl": {
                        "Ql": -0.010500167672535681,
                        "Qe": -0.3831724375534776,
                        "A": 0.8350540455494369,
                        "theta": -0.9009123020667703,
                        "phi_v": 0.13048932098401655,
                        "phi_0": -0.129806350434923,
                        "alpha": -0.8579971467531985
                    },
                    "value": 6104985597.462295
                },
                "Ql": {
                    "name": "Ql",
                    "user_data": null,
                    "init_value": 2750.6388981423906,
                    "min": 61.050000000000004,
                    "max": 121489.50000122814,
                    "brute_step": null,
                    "stderr": 123.9377140393999,
                    "correl": {
                        "fr": -0.010500167672535681,
                        "Qe": 0.9046641258760519,
                        "A": 0.3933504695054615,
                        "theta": -0.37250142592945273,
                        "phi_v": -0.8518952539706112,
                        "phi_0": 0.8518439440882571,
                        "alpha": -0.050859066499895564
                    },
                    "value": 1354.4608127495337
                },
                "Qe": {
                    "name": "Qe",
                    "user_data": null,
                    "init_value": 2696.170801149472,
                    "min": 0,
                    "max": Infinity,
                    "brute_step": null,
                    "stderr": 532.9913572914614,
                    "correl": {
                        "fr": -0.3831724375534776,
                        "Ql": 0.9046641258760519,
                        "A": 0.04914394943987936,
                        "theta": 0.001172271792812886,
                        "phi_v": -0.9056437035238778,
                        "phi_0": 0.9053662080126738,
                        "alpha": 0.28766082543866484
                    },
                    "value": 3495.2256193351013
                },
                "A": {
                    "name": "A",
                    "user_data": null,
                    "init_value": 0.008111196796844614,
                    "min": 0,
                    "max": Infinity,
                    "brute_step": null,
                    "stderr": 0.00022754250590478395,
                    "correl": {
                        "fr": 0.8350540455494369,
                        "Ql": 0.3933504695054615,
                        "Qe": 0.04914394943987936,
                        "theta": -0.9785791243682752,
                        "phi_v": -0.25460267043387536,
                        "phi_0": 0.2552175126289013,
                        "alpha": -0.9200501807906134
                    },
                    "value": 0.00772101823612914
                },
                "theta": {
                    "name": "theta",
                    "user_data": null,
                    "init_value": 0,
                    "min": -1.5707963267948966,
                    "max": 1.5707963267948966,
                    "brute_step": null,
                    "stderr": 0.15163706403862223,
                    "correl": {
                        "fr": -0.9009123020667703,
                        "Ql": -0.37250142592945273,
                        "Qe": 0.001172271792812886,
                        "A": -0.9785791243682752,
                        "phi_v": 0.21302461103922848,
                        "phi_0": -0.21365878369191596,
                        "alpha": 0.8853448727643369
                    },
                    "value": 0.8957258491969955
                },
                "phi_v": {
                    "name": "phi_v",
                    "user_data": null,
                    "init_value": -1.3494795643365587e-06,
                    "min": -Infinity,
                    "max": Infinity,
                    "brute_step": null,
                    "stderr": 2.4010383258167177e-09,
                    "correl": {
                        "fr": 0.13048932098401655,
                        "Ql": -0.8518952539706112,
                        "Qe": -0.9056437035238778,
                        "A": -0.25460267043387536,
                        "theta": 0.21302461103922848,
                        "phi_0": -0.9999997001109449,
                        "alpha": -0.08174497769484142
                    },
                    "value": -1.3036753289619836e-06
                },
                "phi_0": {
                    "name": "phi_0",
                    "user_data": null,
                    "init_value": 8226.772244075339,
                    "min": -Infinity,
                    "max": Infinity,
                    "brute_step": null,
                    "stderr": 14.630678796928091,
                    "correl": {
                        "fr": -0.129806350434923,
                        "Ql": 0.8518439440882571,
                        "Qe": 0.9053662080126738,
                        "A": 0.2552175126289013,
                        "theta": -0.21365878369191596,
                        "phi_v": -0.9999997001109449,
                        "alpha": 0.0810991953627421
                    },
                    "value": 7947.666691599107
                },
                "alpha": {
                    "name": "alpha",
                    "user_data": null,
                    "init_value": 0,
                    "min": -1,
                    "max": 1,
                    "brute_step": null,
                    "stderr": 14.70504344985614,
                    "correl": {
                        "fr": -0.8579971467531985,
                        "Ql": -0.050859066499895564,
                        "Qe": 0.28766082543866484,
                        "A": -0.9200501807906134,
                        "theta": 0.8853448727643369,
                        "phi_v": -0.08174497769484142,
                        "phi_0": 0.0810991953627421
                    },
                    "value": -0.9907485243290142
                },
                "Qi": {
                    "name": "Qi",
                    "user_data": null,
                    "init_value": -136156.625458048,
                    "min": -Infinity,
                    "max": Infinity,
                    "brute_step": null,
                    "stderr": 221.974891559695,
                    "correl": null,
                    "value": 1787.3118480960463
                },
                "Qc": {
                    "name": "Qc",
                    "user_data": null,
                    "init_value": 2696.170801149472,
                    "min": -Infinity,