{
    "fit_success": true,
    "Pi-pulse amplitude": {
        "__dtype__": "UFloat",
        "nominal_value": 0.12784821602696864,
        "std_dev": 0.001283475915370369
    },
    "fit_msg": "Summary\nPi-pulse amplitude: 127.8$\\pm$1.3 mV\nOscillation amplitude: 120$\\pm$12 \u03bcV\nOffset: 884.2$\\pm$8.5 \u03bcV\n",
    "fit_result": {
        "Rabi_oscillation": {
            "success": true,
            "message": "Fit succeeded.",
            "params": {
                "frequency": {
                    "name": "frequency",
                    "user_data": null,
                    "init_value": 4.25531914893617,
                    "min": 0,
                    "max": Infinity,
                    "brute_step": null,
                    "stderr": 0.03926163507623202,
                    "correl": {
                        "amplitude": 0.049812758152576006,
                        "offset": 0.002082935946732563
                    },
                    "value": 3.9108875785527477
                },
                "amplitude": {
                    "name": "amplitude",
                    "user_data": null,
                    "init_value": 0.000281882666062894,
                    "min": 0,
                    "max": Infinity,
                    "brute_step": null,
                    "stderr": 1.2027097202607607e-05,
                    "correl": {
                        "frequency": 0.049812758152576006,
                        "offset": -0.07628882927469521
                    },
                    "value": 0.00012020625119602002
                },
                "offset": {
                    "name": "offset",
                    "user_data": null,
                    "init_value": 0.0008907171799356546,
                    "min": -Infinity,
                    "max": Infinity,
                    "brute_step": null,
                    "stderr": 8.512984788832769e-06,
                    "correl": {
                        "frequency": 0.002082935946732563,
                        "amplitude": -0.07628882927469521
                    },
                    "value": 0.0008842012304148025
                },
                "phase": {
                    "name": "phase",
                    "user_data": null,
                    "init_value": 3.141592653589793,
                    "min": -Infinity,
                    "max": Infinity,
                    "brute_step": null,
                    "stderr": 0.0,
                    "correl": null,
                    "value": 3.141592653589793
                },
                "amp180": {
                    "name": "amp180",
                    "user_data": null,
                    "init_value": 0.11750000000000001,
                    "min": -Infinity,
                    "max": Infinity,
                    "brute_step": null,
                    "stderr": 0.001283475915370369,
                    "correl": null,
                    "value": 0.12784821602696864
                }
            }
        }
    }
}