{
    "fit_success": true,
    "Qi": {
        "__dtype__": "UFloat",
        "nominal_value": 29217.622773967934,
        "std_dev": 1126.0813696141208
    },
    "Qe": {
        "__dtype__": "UFloat",
        "nominal_value": 3181.4455359065887,
        "std_dev": 13.160648623654911
    },
    "Ql": {
        "__dtype__": "UFloat",
        "nominal_value": 2898.975305522349,
        "std_dev": 16.501014418636604
    },
    "Qc": {
        "__dtype__": "UFloat",
        "nominal_value": 3218.294823446069,
        "std_dev": 13.466888576307591
    },
    "fr": {
        "__dtype__": "UFloat",
        "nominal_value": 6008046982.943851,
        "std_dev": 5897.254084096566
    },
    "fit_msg": "Summary\n$Q_I$: 29.2$\\pm$1.1 k\n$Q_C$: 3.218$\\pm$0.013 k\n$f_{res}$: 6.0080470$\\pm$5.9e-06 GHz",
    "fit_result": {
        "hanger_func_complex_SI": {
            "success": true,
            "message": "Fit succeeded.",
            "params": {
                "fr": {
                    "name": "fr",
                    "user_data": null,
                    "init_value": 6008165829.145729,
                    "min": 5975000000.0,
                    "max": 6025000000.0,
                    "brute_step": null,
                    "stderr": 5897.254084096566,
                    "correl": {
                        "Ql": 0.00023495571052563463,
                        "Qe": -0.004225466195071236,
                        "A": -0.026015991316681683,
                        "theta": -0.7545903182374172,
                        "phi_v": -0.1775534073412804,
                        "phi_0": 0.17696110184187386,
                        "alpha": -0.21975476224021476
                    },
                    "value": 6008046982.943851
                },
                "Ql": {
                    "name": "Ql",
                    "user_data": null,
                    "init_value": 541.4019536797853,
                    "min": 12.016331658291458,
                    "max": 23912.500000060205,
                    "brute_step": null,
                    "stderr": 16.501014418636604,
                    "correl": {
                        "fr": 0.00023495571052563463,
                        "Qe": 0.7546764144888043,
                        "A": -0.3031111987409074,
                        "theta": -0.004625041822119275,
                        "phi_v": 0.21947855324075483,
                        "phi_0": -0.21972680873849015,
                        "alpha": -0.17703596079701722
                    },
                    "value": 2898.975305522349
                },
                "Qe": {
                    "name": "Qe",
                    "user_data": null,
                    "init_value": 530.6811229138489,
                    "min": 0,
                    "max": Infinity,
                    "brute_step": null,
                    "stderr": 13.160648623654911,
                    "correl": {
                        "fr": -0.004225466195071236,
                        "Ql": 0.7546764144888043,
                        "A": -0.25012545648071005,
                        "theta": -0.00015500262997193075,
                        "phi_v": 0.3011433091013524,
                        "phi_0": -0.3014730380394763,
                        "alpha": -0.16211578580744548
                    },
                    "value": 3181.4455359065887
                },
                "A": {
                    "name": "A",
                    "user_data": null,
                    "init_value": 0.010265948271517287,
                    "min": 0,
                    "max": Infinity,
                    "brute_step": null,
                    "stderr": 8.115498393487565e-06,
                    "correl": {
                        "fr": -0.026015991316681683,
                        "Ql": -0.3031111987409074,
                        "Qe": -0.25012545648071005,
                        "theta": 0.03963899301873351,
                        "phi_v": -0.06253942337942239,
                        "phi_0": 0.06264202014834637,
                        "alpha": 0.5227943428854329
                    },
                    "value": 0.010676454804013469
                },
                "theta": {
                    "name": "theta",
                    "user_data": null,
                    "init_value": 0,
                    "min": -1.5707963267948966,
                    "max": 1.5707963267948966,
                    "brute_step": null,
                    "stderr": 0.004135577002829645,
                    "correl": {
                        "fr": -0.7545903182374172,
                        "Ql": -0.004625041822119275,
                        "Qe": -0.00015500262997193075,
                        "A": 0.03963899301873351,
                        "phi_v": 0.1630810688586,
                        "phi_0": -0.16261499488463113,
                        "alpha": 0.30118367404011764
                    },
                    "value": 0.1514718368599557
                },
                "phi_v": {
                    "name": "phi_v",
                    "user_data": null,
                    "init_value": -8.336239734478939e-08,
                    "min": -Infinity,
                    "max": Infinity,
                    "brute_step": null,
                    "stderr": 4.5180157619665e-11,
                    "correl": {
                        "fr": -0.1775534073412804,
                        "Ql": 0.21947855324075483,
                        "Qe": 0.3011433091013524,
                        "A": -0.06253942337942239,
                        "theta": 0.1630810688586,
                        "phi_0": -0.9999971416237124,
                        "alpha": 0.004080812775549907
                    },
                    "value": -7.117289181966327e-08
                },
                "phi_0": {
                    "name": "phi_0",
                    "user_data": null,
                    "init_value": 497.98085627608975,
                    "min": -Infinity,
                    "max": Infinity,
                    "brute_step": null,
                    "stderr": 0.2710487900134318,
                    "correl": {
                        "fr": 0.17696110184187386,
                        "Ql": -0.21972680873849015,
                        "Qe": -0.3014730380394763,
                        "A": 0.06264202014834637,
                        "theta": -0.16261499488463113,
                        "phi_v": -0.9999971416237124,
                        "alpha": -0.0038911908669564017
                    },
                    "value": 425.1636990727902
                },
                "alpha": {
                    "name": "alpha",
                    "user_data": null,
                    "init_value": 0,
                    "min": -1,
                    "max": 1,
                    "brute_step": null,
                    "stderr": 0.1266543646728113,
                    "correl": {
                        "fr": -0.21975476224021476,
                        "Ql": -0.17703596079701722,
                        "Qe": -0.16211578580744548,
                        "A": 0.5227943428854329,
                        "theta": 0.30118367404011764,
                        "phi_v": 0.004080812775549907,
                        "phi_0": -0.0038911908669564017
                    },
                    "value": 0.9999997847465227
                },
                "Qi": {
                    "name": "Qi",
                    "user_data": null,
                    "init_value": -26799.396707149328,
                    "min": -Infinity,
                    "max": Infinity,
                    "brute_step": null,
                    "stderr": 1126.0813696141208,
                    "correl": null,
                    "value": 29217.622773967934
                },
                "Qc": {
                    "name": "Qc",
                    "user_data": null,