{
    "fit_success": true,
    "Qi": {
        "__dtype__": "UFloat",
        "nominal_value": 12945.451910124539,
        "std_dev": 333.3806576080192
    },
    "Qe": {
        "__dtype__": "UFloat",
        "nominal_value": 7874.887036478154,
        "std_dev": 97.73788441430077
    },
    "Ql": {
        "__dtype__": "UFloat",
        "nominal_value": 5741.9439907399,
        "std_dev": 87.93313790294089
    },
    "Qc": {
        "__dtype__": "UFloat",
        "nominal_value": 10318.869727723126,
        "std_dev": 167.822775798205
    },
    "fr": {
        "__dtype__": "UFloat",
        "nominal_value": 5719813710.534963,
        "std_dev": 7627.719436288829
    },
    "fit_msg": "Summary\n$Q_I$: 12.95$\\pm$0.33 k\n$Q_C$: 10.32$\\pm$0.17 k\n$f_{res}$: 5.7198137$\\pm$7.6e-06 GHz",
    "fit_result": {
        "hanger_func_complex_SI": {
            "success": true,
            "message": "Fit succeeded.",
            "params": {
                "fr": {
                    "name": "fr",
                    "user_data": null,
                    "init_value": 5720118844.221106,
                    "min": 5716350000.0,
                    "max": 5726350000.0,
                    "brute_step": null,
                    "stderr": 7627.719436288829,
                    "correl": {
                        "Ql": 3.2809214969590174e-05,
                        "Qe": 0.08172244944526003,
                        "A": 0.3527945685841368,
                        "theta": -0.8098973304131191,
                        "phi_v": -0.07249390009757324,
                        "phi_0": 0.07228453630551909,
                        "alpha": 0.41898550834531223
                    },
                    "value": 5719813710.534963
                },
                "Ql": {
                    "name": "Ql",
                    "user_data": null,
                    "init_value": 2577.2287297152934,
                    "min": 57.20118844221106,
                    "max": 113830.36500115071,
                    "brute_step": null,
                    "stderr": 87.93313790294089,
                    "correl": {
                        "fr": 3.2809214969590174e-05,
                        "Qe": 0.8098864215009651,
                        "A": -0.3246778177671851,
                        "theta": 0.08170535336164098,
                        "phi_v": 0.41866166202487176,
                        "phi_0": -0.41874948152592995,
                        "alpha": 0.07037780528870238
                    },
                    "value": 5741.9439907399
                },
                "Qe": {
                    "name": "Qe",
                    "user_data": null,
                    "init_value": 2526.1944974437038,
                    "min": 0,
                    "max": Infinity,
                    "brute_step": null,
                    "stderr": 97.73788441430077,
                    "correl": {
                        "fr": 0.08172244944526003,
                        "Ql": 0.8098864215009651,
                        "A": -0.22251684692858503,
                        "theta": 1.6782860664981422e-05,
                        "phi_v": 0.5286399005076897,
                        "phi_0": -0.5287737240358644,
                        "alpha": 0.20849526095984128
                    },
                    "value": 7874.887036478154
                },
                "A": {
                    "name": "A",
                    "user_data": null,
                    "init_value": 0.0021954985612289775,
                    "min": 0,
                    "max": Infinity,
                    "brute_step": null,
                    "stderr": 5.8058722882391005e-06,
                    "correl": {
                        "fr": 0.3527945685841368,
                        "Ql": -0.3246778177671851,
                        "Qe": -0.22251684692858503,
                        "theta": -0.4848659583840635,
                        "phi_v": -0.21040901131514356,
                        "phi_0": 0.21034930654290201,
                        "alpha": 0.4842137098625958
                    },
                    "value": 0.002368315876850824
                },
                "theta": {
                    "name": "theta",
                    "user_data": null,
                    "init_value": 0,
                    "min": -1.5707963267948966,
                    "max": 1.5707963267948966,
                    "brute_step": null,
                    "stderr": 0.012411938602778104,
                    "correl": {
                        "fr": -0.8098973304131191,
                        "Ql": 0.08170535336164098,
                        "Qe": 1.6782860664981422e-05,
                        "A": -0.4848659583840635,
                        "phi_v": 0.2111387639776064,
                        "phi_0": -0.2109493398691374,
                        "alpha": -0.5296188032957317
                    },
                    "value": 0.7026164129299737
                },
                "phi_v": {
                    "name": "phi_v",
                    "user_data": null,
                    "init_value": -1.1572026184413726e-07,
                    "min": -Infinity,
                    "max": Infinity,
                    "brute_step": null,
                    "stderr": 7.414490463687807e-10,
                    "correl": {
                        "fr": -0.07249390009757324,
                        "Ql": 0.41866166202487176,
                        "Qe": 0.5286399005076897,
                        "A": -0.21040901131514356,
                        "theta": 0.2111387639776064,
                        "phi_0": -0.9999998714880194,
                        "alpha": -0.004679189765308831
                    },
                    "value": -7.961077928032112e-08
                },
                "phi_0": {
                    "name": "phi_0",
                    "user_data": null,
                    "init_value": 660.7285220528227,
                    "min": -Infinity,
                    "max": Infinity,
                    "brute_step": null,
                    "stderr": 4.242136189008529,
                    "correl": {
                        "fr": 0.07228453630551909,
                        "Ql": -0.41874948152592995,
                        "Qe": -0.5287737240358644,
                        "A": 0.21034930654290201,
                        "theta": -0.2109493398691374,
                        "phi_v": -0.9999998714880194,
                        "alpha": 0.004553556203176688
                    },
                    "value": 454.4156624352772
                },
                "alpha": {
                    "name": "alpha",
                    "user_data": null,
                    "init_value": 0,
                    "min": -1,
                    "max": 1,
                    "brute_step": null,
                    "stderr": 4.257809916106474,
                    "correl": {
                        "fr": 0.41898550834531223,
                        "Ql": 0.07037780528870238,
                        "Qe": 0.20849526095984128,
                        "A": 0.4842137098625958,
                        "theta": -0.5296188032957317,
                        "phi_v": -0.004679189765308831,
                        "phi_0": 0.004553556203176688
                    },
                    "value": -0.9999487594476049
                },
                "Qi": {
                    "name": "Qi",
                    "user_data": null,
                    "init_value": -127572.82212090786,
                    "min": -Infinity,
                    "max": Infinity,
                    "brute_step": null,
                    "stderr": 333.3806576080192,
                    "correl": null,
                    "value": 12945.451910124539
                },
                "Qc": {
                    "name": "Qc",
                    "user_data": null,
                    "init_value": 2526.1944974437038,