{
    "fit_success": true,
    "Qi": {
        "__dtype__": "UFloat",
        "nominal_value": 14879.421076723931,
        "std_dev": 1011.365205033535
    },
    "Qe": {
        "__dtype__": "UFloat",
        "nominal_value": 10054.484994414337,
        "std_dev": 284.9438701446402
    },
    "Ql": {
        "__dtype__": "UFloat",
        "nominal_value": 6048.7076193777175,
        "std_dev": 230.0032549151668
    },
    "Qc": {
        "__dtype__": "UFloat",
        "nominal_value": 10191.845548316142,
        "std_dev": 292.77354393911423
    },
    "fr": {
        "__dtype__": "UFloat",
        "nominal_value": 5258883573.674982,
        "std_dev": 16529.235369975155
    },
    "fit_msg": "Summary\n$Q_I$: 14.9$\\pm$1.0 k\n$Q_C$: 10.19$\\pm$0.29 k\n$f_{res}$: 5.258884$\\pm$1.7e-05 GHz",
    "fit_result": {
        "hanger_func_complex_SI": {
            "success": true,
            "message": "Fit succeeded.",
            "params": {
                "fr": {
                    "name": "fr",
                    "user_data": null,
                    "init_value": 5258854271.356784,
                    "min": 5248000000.0,
                    "max": 5268000000.0,
                    "brute_step": null,
                    "stderr": 16529.235369975155,
                    "correl": {
                        "Ql": 0.00016890302695259777,
                        "Qe": 0.0022737591753193903,
                        "A": 0.015034553967250211,
                        "theta": -0.7604084472080604,
                        "phi_v": -0.08503183242173498,
                        "phi_0": 0.0847367979366838,
                        "alpha": -0.269866777798023
                    },
                    "value": 5258883573.674982
                },
                "Ql": {
                    "name": "Ql",
                    "user_data": null,
                    "init_value": 1184.7018114977557,
                    "min": 26.29427135678392,
                    "max": 52325.600000032435,
                    "brute_step": null,
                    "stderr": 230.0032549151668,
                    "correl": {
                        "fr": 0.00016890302695259777,
                        "Qe": 0.7604324862679664,
                        "A": -0.275002654631601,
                        "theta": 0.001923250586695268,
                        "phi_v": 0.26926551651090663,
                        "phi_0": -0.26933502688847766,
                        "alpha": -0.08313447825826913
                    },
                    "value": 6048.7076193777175
                },
                "Qe": {
                    "name": "Qe",
                    "user_data": null,
                    "init_value": 1161.242369685919,
                    "min": 0,
                    "max": Infinity,
                    "brute_step": null,
                    "stderr": 284.9438701446402,
                    "correl": {
                        "fr": 0.0022737591753193903,
                        "Ql": 0.7604324862679664,
                        "A": -0.2758042072103521,
                        "theta": -0.00017783227769972379,
                        "phi_v": 0.3676434337423478,
                        "phi_0": -0.36773713878724007,
                        "alpha": -0.10081627755267988
                    },
                    "value": 10054.484994414337
                },
                "A": {
                    "name": "A",
                    "user_data": null,
                    "init_value": 0.0007361900796996265,
                    "min": 0,
                    "max": Infinity,
                    "brute_step": null,
                    "stderr": 2.259759794903462e-06,
                    "correl": {
                        "fr": 0.015034553967250211,
                        "Ql": -0.275002654631601,
                        "Qe": -0.2758042072103521,
                        "theta": -0.019501165694796214,
                        "phi_v": -0.08298055352925326,
                        "phi_0": 0.08300443930505294,
                        "alpha": 0.16984636879080128
                    },
                    "value": 0.0007603949248591313
                },
                "theta": {
                    "name": "theta",
                    "user_data": null,
                    "init_value": 0,
                    "min": -1.5707963267948966,
                    "max": 1.5707963267948966,
                    "brute_step": null,
                    "stderr": 0.028337468781653802,
                    "correl": {
                        "fr": -0.7604084472080604,
                        "Ql": 0.001923250586695268,
                        "Qe": -0.00017783227769972379,
                        "A": -0.019501165694796214,
                        "phi_v": 0.10351114305047375,
                        "phi_0": -0.103216392035119,
                        "alpha": 0.36836201472275754
                    },
                    "value": 0.16436470867309905
                },
                "phi_v": {
                    "name": "phi_v",
                    "user_data": null,
                    "init_value": -1.8603793867787798e-07,
                    "min": -Infinity,
                    "max": Infinity,
                    "brute_step": null,
                    "stderr": 5.099623686846493e-10,
                    "correl": {
                        "fr": -0.08503183242173498,
                        "Ql": 0.26926551651090663,
                        "Qe": 0.3676434337423478,
                        "A": -0.08298055352925326,
                        "theta": 0.10351114305047375,
                        "phi_0": -0.9999994011825192,
                        "alpha": 0.00814302679765185
                    },
                    "value": -1.570861235693289e-07
                },
                "phi_0": {
                    "name": "phi_0",
                    "user_data": null,
                    "init_value": 973.2895471709255,
                    "min": -Infinity,
                    "max": Infinity,
                    "brute_step": null,
                    "stderr": 2.681331255626276,
                    "correl": {
                        "fr": 0.0847367979366838,
                        "Ql": -0.26933502688847766,
                        "Qe": -0.36773713878724007,
                        "A": 0.08300443930505294,
                        "theta": -0.103216392035119,
                        "phi_v": -0.9999994011825192,
                        "alpha": -0.008026760413275467
                    },
                    "value": 821.3694922331906
                },
                "alpha": {
                    "name": "alpha",
                    "user_data": null,
                    "init_value": 0,
                    "min": -1,
                    "max": 1,
                    "brute_step": null,
                    "stderr": 2.6539319280349556,
                    "correl": {
                        "fr": -0.269866777798023,
                        "Ql": -0.08313447825826913,
                        "Qe": -0.10081627755267988,
                        "A": 0.16984636879080128,
                        "theta": 0.36836201472275754,
                        "phi_v": 0.00814302679765185,
                        "phi_0": -0.008026760413275467
                    },
                    "value": 0.9999925108789598
                },
                "Qi": {
                    "name": "Qi",
                    "user_data": null,
                    "init_value": -58642.739669138755,
                    "min": -Infinity,
                    "max": Infinity,
                    "brute_step": null,
                    "stderr": 1011.365205033535,
                    "correl": null,
                    "value": 14879.421076723931
                },
                "Qc": {
                    "name": "Qc",
                    "user_data": null,
                    "init_value": 1161.242369685919,