{
    "a": {
        "__dtype__": "UFloat",
        "nominal_value": 103919959914.26732,
        "std_dev": 396977888528.7549
    },
    "b": {
        "__dtype__": "UFloat",
        "nominal_value": -21640535202.98398,
        "std_dev": 54519113377.85395
    },
    "c": {
        "__dtype__": "UFloat",
        "nominal_value": 3755601014.8636346,
        "std_dev": 1820913001.910726
    },
    "fit_success": true,
    "offset_0": {
        "__dtype__": "UFloat",
        "nominal_value": 0.10412116796829575,
        "std_dev": 0.47645608159928293
    },
    "freq_0": {
        "__dtype__": "UFloat",
        "nominal_value": 2628982114.4667783,
        "std_dev": 7352651113.926828
    },
    "fit_msg": "Summary:\noffset_0: 1.0e+02$\\pm$4.8e+02 mV\nfreq_0: 2.6$\\pm$7.4 GHz\n",
    "fit_result": {
        "poly2": {
            "success": true,
            "message": "Fit succeeded.",
            "params": {
                "a": {
                    "name": "a",
                    "user_data": null,
                    "init_value": 103919959914.26732,
                    "min": -Infinity,
                    "max": Infinity,
                    "brute_step": null,
                    "stderr": 396977888528.7549,
                    "correl": {
                        "b": -0.9981080192596051,
                        "c": 0.9921485461529622
                    },
                    "value": 103919959914.26732
                },
                "b": {
                    "name": "b",
                    "user_data": null,
                    "init_value": -21640535202.98398,
                    "min": -Infinity,
                    "max": Infinity,
                    "brute_step": null,
                    "stderr": 54519113377.85395,
                    "correl": {
                        "a": -0.9981080192596051,
                        "c": -0.9978403466081703
                    },
                    "value": -21640535202.98398
                },
                "c": {
                    "name": "c",
                    "user_data": null,
                    "init_value": 3755601014.8636346,
                    "min": -Infinity,
                    "max": Infinity,
                    "brute_step": null,
                    "stderr": 1820913001.910726,
                    "correl": {
                        "a": 0.9921485461529622,
                        "b": -0.9978403466081703
                    },
                    "value": 3755601014.8636346
                }
            }
        }
    }
}