{
    "fit_success": true,
    "Qi": {
        "__dtype__": "UFloat",
        "nominal_value": 32149.887816486844,
        "std_dev": 1224.4491010819681
    },
    "Qe": {
        "__dtype__": "UFloat",
        "nominal_value": 2706.291011388509,
        "std_dev": 9.727669294624732
    },
    "Ql": {
        "__dtype__": "UFloat",
        "nominal_value": 3384.630434884233,
        "std_dev": 15.752742482237354
    },
    "Qc": {
        "__dtype__": "UFloat",
        "nominal_value": 3782.8790244508727,
        "std_dev": 19.005508143627623
    },
    "fr": {
        "__dtype__": "UFloat",
        "nominal_value": 5834330237.979609,
        "std_dev": 4011.983303600789
    },
    "fit_msg": "Summary\n$Q_I$: 32.1$\\pm$1.2 k\n$Q_C$: 3.783$\\pm$0.019 k\n$f_{res}$: 5.8343302$\\pm$4.0e-06 GHz",
    "fit_result": {
        "hanger_func_complex_SI": {
            "success": true,
            "message": "Fit succeeded.",
            "params": {
                "fr": {
                    "name": "fr",
                    "user_data": null,
                    "init_value": 5835111758.79397,
                    "min": 5824760000.0,
                    "max": 5844760000.0,
                    "brute_step": null,
                    "stderr": 4011.983303600789,
                    "correl": {
                        "Ql": 0.00012270427260730062,
                        "Qe": 0.084055657990137,
                        "A": 0.24604291552053584,
                        "theta": -0.7798984865158812,
                        "phi_v": -0.25191679725701865,
                        "phi_0": 0.2516312364672258,
                        "alpha": 0.2988739256417026
                    },
                    "value": 5834330237.979609
                },
                "Ql": {
                    "name": "Ql",
                    "user_data": null,
                    "init_value": 1314.5196870328093,
                    "min": 29.175558793969852,
                    "max": 58059.362000035995,
                    "brute_step": null,
                    "stderr": 15.752742482237354,
                    "correl": {
                        "fr": 0.00012270427260730062,
                        "Qe": 0.7798066887534767,
                        "A": -0.2992946870151212,
                        "theta": 0.08369031886281153,
                        "phi_v": 0.29706363540382064,
                        "phi_0": -0.29732267532957657,
                        "alpha": 0.24982474587166537
                    },
                    "value": 3384.630434884233
                },
                "Qe": {
                    "name": "Qe",
                    "user_data": null,
                    "init_value": 1288.4895942202786,
                    "min": 0,
                    "max": Infinity,
                    "brute_step": null,
                    "stderr": 9.727669294624732,
                    "correl": {
                        "fr": 0.084055657990137,
                        "Ql": 0.7798066887534767,
                        "A": -0.11973656934674862,
                        "theta": -0.0002594079007704533,
                        "phi_v": 0.34560755002612614,
                        "phi_0": -0.34596505196925514,
                        "alpha": 0.3564341820432764
                    },
                    "value": 2706.291011388509
                },
                "A": {
                    "name": "A",
                    "user_data": null,
                    "init_value": 0.24416430004385553,
                    "min": 0,
                    "max": Infinity,
                    "brute_step": null,
                    "stderr": 0.0002666553831514101,
                    "correl": {
                        "fr": 0.24604291552053584,
                        "Ql": -0.2992946870151212,
                        "Qe": -0.11973656934674862,
                        "theta": -0.34353430022324255,
                        "phi_v": -0.15382289086391268,
                        "phi_0": 0.15383334608095667,
                        "alpha": -0.044760047334257334
                    },
                    "value": 0.2574306694564159
                },
                "theta": {
                    "name": "theta",
                    "user_data": null,
                    "init_value": 0,
                    "min": -1.5707963267948966,
                    "max": 1.5707963267948966,
                    "brute_step": null,
                    "stderr": 0.003594992485761752,
                    "correl": {
                        "fr": -0.7798984865158812,
                        "Ql": 0.08369031886281153,
                        "Qe": -0.0002594079007704533,
                        "A": -0.34353430022324255,
                        "phi_v": 0.3585929637223409,
                        "phi_0": -0.3584879724388192,
                        "alpha": -0.34822890354562275
                    },
                    "value": 0.7735925849742302
                },
                "phi_v": {
                    "name": "phi_v",
                    "user_data": null,
                    "init_value": -1.3336808516403555e-07,
                    "min": -Infinity,
                    "max": Infinity,
                    "brute_step": null,
                    "stderr": 1.8093786981835077e-10,
                    "correl": {
                        "fr": -0.25191679725701865,
                        "Ql": 0.29706363540382064,
                        "Qe": 0.34560755002612614,
                        "A": -0.15382289086391268,
                        "theta": 0.3585929637223409,
                        "phi_0": -0.9999995174764509,
                        "alpha": -0.006275672051763752
                    },
                    "value": -1.0470062109045053e-07
                },
                "phi_0": {
                    "name": "phi_0",
                    "user_data": null,
                    "init_value": 775.3915788754595,
                    "min": -Infinity,
                    "max": Infinity,
                    "brute_step": null,
                    "stderr": 1.055603774060517,
                    "correl": {
                        "fr": 0.2516312364672258,
                        "Ql": -0.29732267532957657,
                        "Qe": -0.34596505196925514,
                        "A": 0.15383334608095667,
                        "theta": -0.3584879724388192,
                        "phi_v": -0.9999995174764509,
                        "alpha": 0.006112402336847107
                    },
                    "value": 608.4523529859767
                },
                "alpha": {
                    "name": "alpha",
                    "user_data": null,
                    "init_value": 0,
                    "min": -1,
                    "max": 1,
                    "brute_step": null,
                    "stderr": 1.492821040127947,
                    "correl": {
                        "fr": 0.2988739256417026,
                        "Ql": 0.24982474587166537,
                        "Qe": 0.3564341820432764,
                        "A": -0.044760047334257334,
                        "theta": -0.34822890354562275,
                        "phi_v": -0.006275672051763752,
                        "phi_0": 0.006112402336847107
                    },
                    "value": -0.9999615074864809
                },
                "Qi": {
                    "name": "Qi",
                    "user_data": null,
                    "init_value": -65068.72450812468,
                    "min": -Infinity,
                    "max": Infinity,
                    "brute_step": null,
                    "stderr": 1224.4491010819681,
                    "correl": null,
                    "value": 32149.887816486844
                },
                "Qc": {
                    "name": "Qc",
                    "user_data": null,
                    "init_value": 1288.4895942202786,