{
    "fit_success": true,
    "Qi": {
        "__dtype__": "UFloat",
        "nominal_value": 1732.2683864857108,
        "std_dev": 1855.9318369877549
    },
    "Qe": {
        "__dtype__": "UFloat",
        "nominal_value": 96025.92436922433,
        "std_dev": 154673.83381064996
    },
    "Ql": {
        "__dtype__": "UFloat",
        "nominal_value": 1713.716649341764,
        "std_dev": 1859.1566980169746
    },
    "Qc": {
        "__dtype__": "UFloat",
        "nominal_value": 160018.28572789958,
        "std_dev": 429668.8289334967
    },
    "fr": {
        "__dtype__": "UFloat",
        "nominal_value": 5795449610.660207,
        "std_dev": 1834290.8000755897
    },
    "fit_msg": "Summary\n$Q_I$: 1.7$\\pm$1.9 k\n$Q_C$: 1.6e+02$\\pm$4.3e+02 k\n$f_{res}$: 5.7954$\\pm$0.0018 GHz",
    "fit_result": {
        "hanger_func_complex_SI": {
            "success": true,
            "message": "Fit succeeded.",
            "params": {
                "fr": {
                    "name": "fr",
                    "user_data": null,
                    "init_value": 5795050251.256282,
                    "min": 5795000000.0,
                    "max": 5805000000.0,
                    "brute_step": null,
                    "stderr": 1834290.8000755897,
                    "correl": {
                        "Ql": -8.053883304606703e-05,
                        "Qe": 0.44258284246513374,
                        "A": -0.13983301679697438,
                        "theta": -0.8612719389979272,
                        "phi_v": 0.7741980494260655,
                        "phi_0": -0.7745138899537023,
                        "alpha": -0.15071226098047166
                    },
                    "value": 5795449610.660207
                },
                "Ql": {
                    "name": "Ql",
                    "user_data": null,
                    "init_value": 2610.989457460338,
                    "min": 57.95050251256282,
                    "max": 115321.50000116578,
                    "brute_step": null,
                    "stderr": 1859.1566980169746,
                    "correl": {
                        "fr": -8.053883304606703e-05,
                        "Qe": 0.8613959377880619,
                        "A": -0.8819926695938172,
                        "theta": 0.4429661115982898,
                        "phi_v": 0.20872335942967932,
                        "phi_0": -0.2081937096987144,
                        "alpha": 0.7877326686144338
                    },
                    "value": 1713.716649341764
                },
                "Qe": {
                    "name": "Qe",
                    "user_data": null,
                    "init_value": 2559.2866959264697,
                    "min": 0,
                    "max": Infinity,
                    "brute_step": null,
                    "stderr": 154673.83381064996,
                    "correl": {
                        "fr": 0.44258284246513374,
                        "Ql": 0.8613959377880619,
                        "A": -0.9120336104714707,
                        "theta": 0.0003643251775845795,
                        "phi_v": 0.608328458471121,
                        "phi_0": -0.6079605774009194,
                        "alpha": 0.6989782530668949
                    },
                    "value": 96025.92436922433
                },
                "A": {
                    "name": "A",
                    "user_data": null,
                    "init_value": 0.050219281678483704,
                    "min": 0,
                    "max": Infinity,
                    "brute_step": null,
                    "stderr": 0.0007137724856075531,
                    "correl": {
                        "fr": -0.13983301679697438,
                        "Ql": -0.8819926695938172,
                        "Qe": -0.9120336104714707,
                        "theta": -0.3134644512254222,
                        "phi_v": -0.3637949476584824,
                        "phi_0": 0.3632778285148134,
                        "alpha": -0.9180606154253744
                    },
                    "value": 0.05050276495533401
                },
                "theta": {
                    "name": "theta",
                    "user_data": null,
                    "init_value": 0,
                    "min": -1.5707963267948966,
                    "max": 1.5707963267948966,
                    "brute_step": null,
                    "stderr": 1.6112077323922687,
                    "correl": {
                        "fr": -0.8612719389979272,
                        "Ql": 0.4429661115982898,
                        "Qe": 0.0003643251775845795,
                        "A": -0.3134644512254222,
                        "phi_v": -0.655239215991468,
                        "phi_0": 0.6557716071234111,
                        "alpha": 0.5582554361863222
                    },
                    "value": 0.9271784064487756
                },
                "phi_v": {
                    "name": "phi_v",
                    "user_data": null,
                    "init_value": -1.2930515659127438e-06,
                    "min": -Infinity,
                    "max": Infinity,
                    "brute_step": null,
                    "stderr": 1.449809847155275e-09,
                    "correl": {
                        "fr": 0.7741980494260655,
                        "Ql": 0.20872335942967932,
                        "Qe": 0.608328458471121,
                        "A": -0.3637949476584824,
                        "theta": -0.655239215991468,
                        "phi_0": -0.9999997314628124,
                        "alpha": 0.07445792676597135
                    },
                    "value": -1.294491697162362e-06
                },
                "phi_0": {
                    "name": "phi_0",
                    "user_data": null,
                    "init_value": 7494.995364767923,
                    "min": -Infinity,
                    "max": Infinity,
                    "brute_step": null,
                    "stderr": 8.415051181357098,
                    "correl": {
                        "fr": -0.7745138899537023,
                        "Ql": -0.2081937096987144,
                        "Qe": -0.6079605774009194,
                        "A": 0.3632778285148134,
                        "theta": 0.6557716071234111,
                        "phi_v": -0.9999997314628124,
                        "alpha": -0.0738806391004034
                    },
                    "value": 7503.352851628157
                },
                "alpha": {
                    "name": "alpha",
                    "user_data": null,
                    "init_value": 0,
                    "min": -1,
                    "max": 1,
                    "brute_step": null,
                    "stderr": 8.835282628305656,
                    "correl": {
                        "fr": -0.15071226098047166,
                        "Ql": 0.7877326686144338,
                        "Qe": 0.6989782530668949,
                        "A": -0.9180606154253744,
                        "theta": 0.5582554361863222,
                        "phi_v": 0.07445792676597135,
                        "phi_0": -0.0738806391004034
                    },
                    "value": 0.9929607763698396
                },
                "Qi": {
                    "name": "Qi",
                    "user_data": null,
                    "init_value": -129243.97814428587,
                    "min": -Infinity,
                    "max": Infinity,
                    "brute_step": null,
                    "stderr": 1855.9318369877549,
                    "correl": null,
                    "value": 1732.2683864857108
                },
                "Qc": {
                    "name": "Qc",
                    "user_data": null,
                    "init_value": 2559.2866959264697,
                    "min": -Infinity,