{
    "fit_success": true,
    "Qi": {
        "__dtype__": "UFloat",
        "nominal_value": 15562.378196287476,
        "std_dev": 171.49975078131297
    },
    "Qe": {
        "__dtype__": "UFloat",
        "nominal_value": 4140.5266021664675,
        "std_dev": 14.3524055627523
    },
    "Ql": {
        "__dtype__": "UFloat",
        "nominal_value": 3537.337423684669,
        "std_dev": 14.763321350252278
    },
    "Qc": {
        "__dtype__": "UFloat",
        "nominal_value": 4577.895729109168,
        "std_dev": 17.542461925502657
    },
    "fr": {
        "__dtype__": "UFloat",
        "nominal_value": 5913460891.853334,
        "std_dev": 3488.4978460567563
    },
    "fit_msg": "Summary\n$Q_I$: 15.56$\\pm$0.17 k\n$Q_C$: 4.578$\\pm$0.018 k\n$f_{res}$: 5.9134609$\\pm$3.5e-06 GHz",
    "fit_result": {
        "hanger_func_complex_SI": {
            "success": true,
            "message": "Fit succeeded.",
            "params": {
                "fr": {
                    "name": "fr",
                    "user_data": null,
                    "init_value": 5913774371.859297,
                    "min": 5908900000.0,
                    "max": 5918900000.0,
                    "brute_step": null,
                    "stderr": 3488.4978460567563,
                    "correl": {
                        "Ql": 0.00027480766102495365,
                        "Qe": 0.07894775699066903,
                        "A": 0.23576602188652046,
                        "theta": -0.8536357217437713,
                        "phi_v": -0.14678153896563084,
                        "phi_0": 0.14651078434212808,
                        "alpha": 0.5030651022494508
                    },
                    "value": 5913460891.853334
                },
                "Ql": {
                    "name": "Ql",
                    "user_data": null,
                    "init_value": 2664.481215736899,
                    "min": 59.13774371859297,
                    "max": 117684.11000118966,
                    "brute_step": null,
                    "stderr": 14.763321350252278,
                    "correl": {
                        "fr": 0.00027480766102495365,
                        "Qe": 0.853647238503158,
                        "A": -0.5192401976920925,
                        "theta": 0.0783902041683922,
                        "phi_v": 0.5024766637825632,
                        "phi_0": -0.5025727225408528,
                        "alpha": 0.14514057341034134
                    },
                    "value": 3537.337423684669
                },
                "Qe": {
                    "name": "Qe",
                    "user_data": null,
                    "init_value": 2611.7192114648806,
                    "min": 0,
                    "max": Infinity,
                    "brute_step": null,
                    "stderr": 14.3524055627523,
                    "correl": {
                        "fr": 0.07894775699066903,
                        "Ql": 0.853647238503158,
                        "A": -0.4417714091650898,
                        "theta": -0.00027676011123955476,
                        "phi_v": 0.605422455027527,
                        "phi_0": -0.6055634431959812,
                        "alpha": 0.2532633382306893
                    },
                    "value": 4140.5266021664675
                },
                "A": {
                    "name": "A",
                    "user_data": null,
                    "init_value": 0.008645228730232924,
                    "min": 0,
                    "max": Infinity,
                    "brute_step": null,
                    "stderr": 8.845778149625396e-06,
                    "correl": {
                        "fr": 0.23576602188652046,
                        "Ql": -0.5192401976920925,
                        "Qe": -0.4417714091650898,
                        "theta": -0.3331892255743247,
                        "phi_v": -0.32598800419252416,
                        "phi_0": 0.32597271928811894,
                        "alpha": 0.09358553402890653
                    },
                    "value": 0.009984246037318956
                },
                "theta": {
                    "name": "theta",
                    "user_data": null,
                    "init_value": 0,
                    "min": -1.5707963267948966,
                    "max": 1.5707963267948966,
                    "brute_step": null,
                    "stderr": 0.00346595446670558,
                    "correl": {
                        "fr": -0.8536357217437713,
                        "Ql": 0.0783902041683922,
                        "Qe": -0.00027676011123955476,
                        "A": -0.3331892255743247,
                        "phi_v": 0.25533607740293607,
                        "phi_0": -0.25509775800238427,
                        "alpha": -0.6064284127205732
                    },
                    "value": 0.4406827033491001
                },
                "phi_v": {
                    "name": "phi_v",
                    "user_data": null,
                    "init_value": -1.4876821557962818e-07,
                    "min": -Infinity,
                    "max": Infinity,
                    "brute_step": null,
                    "stderr": 3.0099170436836386e-10,
                    "correl": {
                        "fr": -0.14678153896563084,
                        "Ql": 0.5024766637825632,
                        "Qe": 0.605422455027527,
                        "A": -0.32598800419252416,
                        "theta": 0.25533607740293607,
                        "phi_0": -0.9999998753179933,
                        "alpha": -0.00391647031241386
                    },
                    "value": -6.907362900121502e-08
                },
                "phi_0": {
                    "name": "phi_0",
                    "user_data": null,
                    "init_value": 876.951625062556,
                    "min": -Infinity,
                    "max": Infinity,
                    "brute_step": null,
                    "stderr": 1.7799855997948943,
                    "correl": {
                        "fr": 0.14651078434212808,
                        "Ql": -0.5025727225408528,
                        "Qe": -0.6055634431959812,
                        "A": 0.32597271928811894,
                        "theta": -0.25509775800238427,
                        "phi_v": -0.9999998753179933,
                        "alpha": 0.0037429878163181126
                    },
                    "value": 406.19690935004195
                },
                "alpha": {
                    "name": "alpha",
                    "user_data": null,
                    "init_value": 0,
                    "min": -1,
                    "max": 1,
                    "brute_step": null,
                    "stderr": 1.9182260923305692,
                    "correl": {
                        "fr": 0.5030651022494508,
                        "Ql": 0.14514057341034134,
                        "Qe": 0.2532633382306893,
                        "A": 0.09358553402890653,
                        "theta": -0.6064284127205732,
                        "phi_v": -0.00391647031241386,
                        "phi_0": 0.0037429878163181126
                    },
                    "value": 0.9998486355357328
                },
                "Qi": {
                    "name": "Qi",
                    "user_data": null,
                    "init_value": -131891.82017897486,
                    "min": -Infinity,
                    "max": Infinity,
                    "brute_step": null,
                    "stderr": 171.49975078131297,
                    "correl": null,
                    "value": 15562.378196287476
                },
                "Qc": {
                    "name": "Qc",
                    "user_data": null,
                    "init_value": 2611.7192114648806,