{
    "fit_success": true,
    "Qi": {
        "__dtype__": "UFloat",
        "nominal_value": 1475.4270040174192,
        "std_dev": 234.62584911715535
    },
    "Qe": {
        "__dtype__": "UFloat",
        "nominal_value": 6334.997318082368,
        "std_dev": 1436.348571667576
    },
    "Ql": {
        "__dtype__": "UFloat",
        "nominal_value": 1474.9380104224808,
        "std_dev": 200.03107751160329
    },
    "Qc": {
        "__dtype__": "UFloat",
        "nominal_value": 4450290.131314017,
        "std_dev": 732351997.7497813
    },
    "fr": {
        "__dtype__": "UFloat",
        "nominal_value": 6103709323.180791,
        "std_dev": 291597.3204132394
    },
    "fit_msg": "Summary\n$Q_I$: 1.48$\\pm$0.23 k\n$Q_C$: 4.5$\\pm$7.3e+02 M\n$f_{res}$: 6.10371$\\pm$0.00029 GHz",
    "fit_result": {
        "hanger_func_complex_SI": {
            "success": true,
            "message": "Fit succeeded.",
            "params": {
                "fr": {
                    "name": "fr",
                    "user_data": null,
                    "init_value": 6105000000.0,
                    "min": 6095000000.0,
                    "max": 6105000000.0,
                    "brute_step": null,
                    "stderr": 291597.3204132394,
                    "correl": {
                        "Ql": 0.08222916143969325,
                        "Qe": -0.15848252888244468,
                        "A": 0.7614492526949237,
                        "theta": -0.9463380928951702,
                        "phi_v": 0.04909474219740174,
                        "phi_0": -0.04838465237805802,
                        "alpha": -0.8011949427499401
                    },
                    "value": 6103709323.180791
                },
                "Ql": {
                    "name": "Ql",
                    "user_data": null,
                    "init_value": 2750.6388981423906,
                    "min": 61.050000000000004,
                    "max": 121489.50000122814,
                    "brute_step": null,
                    "stderr": 200.03107751160329,
                    "correl": {
                        "fr": 0.08222916143969325,
                        "Qe": 0.9330493563176546,
                        "A": 0.5325213721219308,
                        "theta": -0.26517017785108754,
                        "phi_v": -0.7887930206670403,
                        "phi_0": 0.7887698286067704,
                        "alpha": -0.0693203691913028
                    },
                    "value": 1474.9380104224808
                },
                "Qe": {
                    "name": "Qe",
                    "user_data": null,
                    "init_value": 2696.170801149472,
                    "min": 0,
                    "max": Infinity,
                    "brute_step": null,
                    "stderr": 1436.348571667576,
                    "correl": {
                        "fr": -0.15848252888244468,
                        "Ql": 0.9330493563176546,
                        "A": 0.36036771989874866,
                        "theta": -0.028453681941626074,
                        "phi_v": -0.8955104939135916,
                        "phi_0": 0.8953297707478897,
                        "alpha": 0.13910037273308085
                    },
                    "value": 6334.997318082368
                },
                "A": {
                    "name": "A",
                    "user_data": null,
                    "init_value": 0.007239443018718915,
                    "min": 0,
                    "max": Infinity,
                    "brute_step": null,
                    "stderr": 0.00018614006392906688,
                    "correl": {
                        "fr": 0.7614492526949237,
                        "Ql": 0.5325213721219308,
                        "Qe": 0.36036771989874866,
                        "theta": -0.910645562774928,
                        "phi_v": -0.39847215623318566,
                        "phi_0": 0.39907351604417834,
                        "alpha": -0.842214724860729
                    },
                    "value": 0.006759996337532881
                },
                "theta": {
                    "name": "theta",
                    "user_data": null,
                    "init_value": 0,
                    "min": -1.5707963267948966,
                    "max": 1.5707963267948966,
                    "brute_step": null,
                    "stderr": 0.23426462255714908,
                    "correl": {
                        "fr": -0.9463380928951702,
                        "Ql": -0.26517017785108754,
                        "Qe": -0.028453681941626074,
                        "A": -0.910645562774928,
                        "phi_v": 0.10780256021908917,
                        "phi_0": -0.10852602670500824,
                        "alpha": 0.8852381912354369
                    },
                    "value": 1.56937282422076
                },
                "phi_v": {
                    "name": "phi_v",
                    "user_data": null,
                    "init_value": -1.341460674440366e-06,
                    "min": -Infinity,
                    "max": Infinity,
                    "brute_step": null,
                    "stderr": 3.0236510620821953e-09,
                    "correl": {
                        "fr": 0.04909474219740174,
                        "Ql": -0.7887930206670403,
                        "Qe": -0.8955104939135916,
                        "A": -0.39847215623318566,
                        "theta": 0.10780256021908917,
                        "phi_0": -0.9999996741665187,
                        "alpha": -0.06553811924470825
                    },
                    "value": -1.309319960780965e-06
                },
                "phi_0": {
                    "name": "phi_0",
                    "user_data": null,
                    "init_value": 8177.487180787571,
                    "min": -Infinity,
                    "max": Infinity,
                    "brute_step": null,
                    "stderr": 18.432646567060548,
                    "correl": {
                        "fr": -0.04838465237805802,
                        "Ql": 0.7887698286067704,
                        "Qe": 0.8953297707478897,
                        "A": 0.39907351604417834,
                        "theta": -0.10852602670500824,
                        "phi_v": -0.9999996741665187,
                        "alpha": 0.06485532510374749
                    },
                    "value": 7981.595645749605
                },
                "alpha": {
                    "name": "alpha",
                    "user_data": null,
                    "init_value": 0,
                    "min": -1,
                    "max": 1,
                    "brute_step": null,
                    "stderr": 19.858394214467605,
                    "correl": {
                        "fr": -0.8011949427499401,
                        "Ql": -0.0693203691913028,
                        "Qe": 0.13910037273308085,
                        "A": -0.842214724860729,
                        "theta": 0.8852381912354369,
                        "phi_v": -0.06553811924470825,
                        "phi_0": 0.06485532510374749
                    },
                    "value": -0.9897094652719033
                },
                "Qi": {
                    "name": "Qi",
                    "user_data": null,
                    "init_value": -136156.625458048,
                    "min": -Infinity,
                    "max": Infinity,
                    "brute_step": null,
                    "stderr": 234.62584911715535,
                    "correl": null,
                    "value": 1475.4270040174192
                },
                "Qc": {
                    "name": "Qc",
                    "user_data": null,
                    "init_value": 2696.170801149472,
                    "min": -Infinity,