{
    "a": {
        "__dtype__": "UFloat",
        "nominal_value": -27085658518.995693,
        "std_dev": 19200369002.365376
    },
    "b": {
        "__dtype__": "UFloat",
        "nominal_value": -1160255775.4423234,
        "std_dev": 1239671023.7727296
    },
    "c": {
        "__dtype__": "UFloat",
        "nominal_value": 3494147355.190384,
        "std_dev": 44437546.49665838
    },
    "fit_success": true,
    "offset_0": {
        "__dtype__": "UFloat",
        "nominal_value": -0.021418267800810784,
        "std_dev": 0.02746288447854223
    },
    "freq_0": {
        "__dtype__": "UFloat",
        "nominal_value": 3506572689.6483145,
        "std_dev": 52509661.25064287
    },
    "fit_msg": "Summary:\noffset_0: -21$\\pm$27 mV\nfreq_0: 3.507$\\pm$0.053 GHz\n",
    "fit_result": {
        "poly2": {
            "success": true,
            "message": "Fit succeeded.",
            "params": {
                "a": {
                    "name": "a",
                    "user_data": null,
                    "init_value": -27085658509.258823,
                    "min": -Infinity,
                    "max": Infinity,
                    "brute_step": null,
                    "stderr": 19200369002.365376,
                    "correl": {
                        "b": 0.8028857957588901,
                        "c": -0.5348437748414308
                    },
                    "value": -27085658518.995693
                },
                "b": {
                    "name": "b",
                    "user_data": null,
                    "init_value": -1160255774.711918,
                    "min": -Infinity,
                    "max": Infinity,
                    "brute_step": null,
                    "stderr": 1239671023.7727296,
                    "correl": {
                        "a": 0.8028857957588901,
                        "c": -0.1724598625402574
                    },
                    "value": -1160255775.4423234
                },
                "c": {
                    "name": "c",
                    "user_data": null,
                    "init_value": 3494147355.184179,
                    "min": -Infinity,
                    "max": Infinity,
                    "brute_step": null,
                    "stderr": 44437546.49665838,
                    "correl": {
                        "a": -0.5348437748414308,
                        "b": -0.1724598625402574
                    },
                    "value": 3494147355.190384
                }
            }
        }
    }
}