{
    "amplitude": {
        "__dtype__": "UFloat",
        "nominal_value": 39939.70606936653,
        "std_dev": 15930.199935675339
    },
    "frequency": {
        "__dtype__": "UFloat",
        "nominal_value": 20.90468679490487,
        "std_dev": 2.231949973568474
    },
    "shift": {
        "__dtype__": "UFloat",
        "nominal_value": 3.817560360026274,
        "std_dev": 0.3997234611546726
    },
    "offset": {
        "__dtype__": "UFloat",
        "nominal_value": 5258972441.872086,
        "std_dev": 11680.954955793433
    },
    "offset_0": {
        "__dtype__": "UFloat",
        "nominal_value": -0.10747656998042107,
        "std_dev": 0.022300189708935856
    },
    "freq_0": 5259012381.578155,
    "fit_success": true,
    "fit_msg": "Summary:\nf_0: 5.259 GHz\noffset_0: -107$\\pm$22 mV\n",
    "fit_result": {
        "sin": {
            "success": true,
            "message": "Fit succeeded.",
            "params": {
                "amplitude": {
                    "name": "amplitude",
                    "user_data": null,
                    "init_value": 39671.21892415984,
                    "min": 0,
                    "max": Infinity,
                    "brute_step": null,
                    "stderr": 15930.199935675339,
                    "correl": {
                        "frequency": 0.030636114160614698,
                        "shift": -0.026311978529898472
                    },
                    "value": 39939.70606936653
                },
                "frequency": {
                    "name": "frequency",
                    "user_data": null,
                    "init_value": 20.420352248333657,
                    "min": 0,
                    "max": Infinity,
                    "brute_step": null,
                    "stderr": 2.231949973568474,
                    "correl": {
                        "amplitude": 0.030636114160614698,
                        "shift": -0.12388585343010257
                    },
                    "value": 20.90468679490487
                },
                "shift": {
                    "name": "shift",
                    "user_data": null,
                    "init_value": 3.998390650023373,
                    "min": -6.283195307179586,
                    "max": 6.283195307179586,
                    "brute_step": null,
                    "stderr": 0.3997234611546726,
                    "correl": {
                        "amplitude": -0.026311978529898472,
                        "frequency": -0.12388585343010257
                    },
                    "value": 3.817560360026274
                },
                "offset": {
                    "name": "offset",
                    "user_data": null,
                    "init_value": 5258972441.872086,
                    "min": -Infinity,
                    "max": Infinity,
                    "brute_step": null,
                    "stderr": 11680.954955793433,
                    "correl": null,
                    "value": 5258972441.872086
                }
            }
        }
    }
}