{
    "fit_success": true,
    "Qi": {
        "__dtype__": "UFloat",
        "nominal_value": 11008.886087817513,
        "std_dev": 291.19036424191603
    },
    "Qe": {
        "__dtype__": "UFloat",
        "nominal_value": 9783.39379158522,
        "std_dev": 146.690806374883
    },
    "Ql": {
        "__dtype__": "UFloat",
        "nominal_value": 5625.792349785912,
        "std_dev": 103.58782649200438
    },
    "Qc": {
        "__dtype__": "UFloat",
        "nominal_value": 11505.225460769183,
        "std_dev": 202.8458143330643
    },
    "fr": {
        "__dtype__": "UFloat",
        "nominal_value": 5719828044.93976,
        "std_dev": 9360.878067725378
    },
    "fit_msg": "Summary\n$Q_I$: 11.01$\\pm$0.29 k\n$Q_C$: 11.51$\\pm$0.20 k\n$f_{res}$: 5.7198280$\\pm$9.4e-06 GHz",
    "fit_result": {
        "hanger_func_complex_SI": {
            "success": true,
            "message": "Fit succeeded.",
            "params": {
                "fr": {
                    "name": "fr",
                    "user_data": null,
                    "init_value": 5720018341.708543,
                    "min": 5716350000.0,
                    "max": 5726350000.0,
                    "brute_step": null,
                    "stderr": 9360.878067725378,
                    "correl": {
                        "Ql": 0.0002149285477681261,
                        "Qe": 0.05969529933115892,
                        "A": 0.3102787965491455,
                        "theta": -0.8176624930430606,
                        "phi_v": -0.010947494906856023,
                        "phi_0": 0.010722119616520228,
                        "alpha": 0.4286238160321369
                    },
                    "value": 5719828044.93976
                },
                "Ql": {
                    "name": "Ql",
                    "user_data": null,
                    "init_value": 2577.1834477954876,
                    "min": 57.200183417085434,
                    "max": 113828.36500115068,
                    "brute_step": null,
                    "stderr": 103.58782649200438,
                    "correl": {
                        "fr": 0.0002149285477681261,
                        "Qe": 0.817644918400967,
                        "A": -0.3744625051683756,
                        "theta": 0.05923265397813646,
                        "phi_v": 0.42851985649947316,
                        "phi_0": -0.4285763591157923,
                        "alpha": 0.009370752249717403
                    },
                    "value": 5625.792349785912
                },
                "Qe": {
                    "name": "Qe",
                    "user_data": null,
                    "init_value": 2526.1501121955766,
                    "min": 0,
                    "max": Infinity,
                    "brute_step": null,
                    "stderr": 146.690806374883,
                    "correl": {
                        "fr": 0.05969529933115892,
                        "Ql": 0.817644918400967,
                        "A": -0.33167409623209165,
                        "theta": -0.000254494142871894,
                        "phi_v": 0.5556111578100592,
                        "phi_0": -0.5557015133587632,
                        "alpha": 0.10452587973109088
                    },
                    "value": 9783.39379158522
                },
                "A": {
                    "name": "A",
                    "user_data": null,
                    "init_value": 0.0019034558653506844,
                    "min": 0,
                    "max": Infinity,
                    "brute_step": null,
                    "stderr": 4.8477723136577594e-06,
                    "correl": {
                        "fr": 0.3102787965491455,
                        "Ql": -0.3744625051683756,
                        "Qe": -0.33167409623209165,
                        "theta": -0.4303133519207101,
                        "phi_v": -0.21733991993784924,
                        "phi_0": 0.21727364791972334,
                        "alpha": 0.5001402797169806
                    },
                    "value": 0.0020403568866622646
                },
                "theta": {
                    "name": "theta",
                    "user_data": null,
                    "init_value": 0,
                    "min": -1.5707963267948966,
                    "max": 1.5707963267948966,
                    "brute_step": null,
                    "stderr": 0.014994033797749494,
                    "correl": {
                        "fr": -0.8176624930430606,
                        "Ql": 0.05923265397813646,
                        "Qe": -0.000254494142871894,
                        "A": -0.4303133519207101,
                        "phi_v": 0.10660457166918429,
                        "phi_0": -0.10637539830994397,
                        "alpha": -0.5561284418885376
                    },
                    "value": 0.5541586006462884
                },
                "phi_v": {
                    "name": "phi_v",
                    "user_data": null,
                    "init_value": -1.1442557264525047e-07,
                    "min": -Infinity,
                    "max": Infinity,
                    "brute_step": null,
                    "stderr": 7.095158876733091e-10,
                    "correl": {
                        "fr": -0.010947494906856023,
                        "Ql": 0.42851985649947316,
                        "Qe": 0.5556111578100592,
                        "A": -0.21733991993784924,
                        "theta": 0.10660457166918429,
                        "phi_0": -0.9999998705004092,
                        "alpha": -0.004304543742516768
                    },
                    "value": -7.763271563231897e-08
                },
                "phi_0": {
                    "name": "phi_0",
                    "user_data": null,
                    "init_value": 652.7902032499912,
                    "min": -Infinity,
                    "max": Infinity,
                    "brute_step": null,
                    "stderr": 4.059496977165384,
                    "correl": {
                        "fr": 0.010722119616520228,
                        "Ql": -0.4285763591157923,
                        "Qe": -0.5557015133587632,
                        "A": 0.21727364791972334,
                        "theta": -0.10637539830994397,
                        "phi_v": -0.9999998705004092,
                        "alpha": 0.00417025393791154
                    },
                    "value": 442.5145300600182
                },
                "alpha": {
                    "name": "alpha",
                    "user_data": null,
                    "init_value": 0,
                    "min": -1,
                    "max": 1,
                    "brute_step": null,
                    "stderr": 4.112114230665705,
                    "correl": {
                        "fr": 0.4286238160321369,
                        "Ql": 0.009370752249717403,
                        "Qe": 0.10452587973109088,
                        "A": 0.5001402797169806,
                        "theta": -0.5561284418885376,
                        "phi_v": -0.004304543742516768,
                        "phi_0": 0.00417025393791154
                    },
                    "value": 0.9999267780334655
                },
                "Qi": {
                    "name": "Qi",
                    "user_data": null,
                    "init_value": -127570.58066587595,
                    "min": -Infinity,
                    "max": Infinity,
                    "brute_step": null,
                    "stderr": 291.19036424191603,
                    "correl": null,
                    "value": 11008.886087817513
                },
                "Qc": {
                    "name": "Qc",
                    "user_data": null,
                    "init_value": 2526.1501121955766,