{
    "fit_success": true,
    "Qi": {
        "__dtype__": "UFloat",
        "nominal_value": 704.5846947485517,
        "std_dev": 153.7747065211219
    },
    "Qe": {
        "__dtype__": "UFloat",
        "nominal_value": 10066.187969774386,
        "std_dev": 4740.2459521566625
    },
    "Ql": {
        "__dtype__": "UFloat",
        "nominal_value": 658.9294607149427,
        "std_dev": 154.15339931532745
    },
    "Qc": {
        "__dtype__": "UFloat",
        "nominal_value": 10169.07749496791,
        "std_dev": 4836.664446537485
    },
    "fr": {
        "__dtype__": "UFloat",
        "nominal_value": 5996555068.936404,
        "std_dev": 1063653.8627747404
    },
    "fit_msg": "Summary\n$Q_I$: 7.0e+02$\\pm$1.5e+02 \n$Q_C$: 10.2$\\pm$4.8 k\n$f_{res}$: 5.9966$\\pm$0.0011 GHz",
    "fit_result": {
        "hanger_func_complex_SI": {
            "success": true,
            "message": "Fit succeeded.",
            "params": {
                "fr": {
                    "name": "fr",
                    "user_data": null,
                    "init_value": 5996859296.482412,
                    "min": 5995000000.0,
                    "max": 6005000000.0,
                    "brute_step": null,
                    "stderr": 1063653.8627747404,
                    "correl": {
                        "Ql": 0.0017574386545661195,
                        "Qe": 0.31762270531298076,
                        "A": -0.4451973644353938,
                        "theta": -0.936827185017828,
                        "phi_v": 0.8385417724713373,
                        "phi_0": -0.8391878835047496,
                        "alpha": 0.28819005578208634
                    },
                    "value": 5996555068.936404
                },
                "Ql": {
                    "name": "Ql",
                    "user_data": null,
                    "init_value": 2701.915552431013,
                    "min": 59.968592964824126,
                    "max": 119337.50000120638,
                    "brute_step": null,
                    "stderr": 154.15339931532745,
                    "correl": {
                        "fr": 0.0017574386545661195,
                        "Qe": 0.9369694946683564,
                        "A": -0.859397524861629,
                        "theta": 0.31473124616823556,
                        "phi_v": 0.3589843586291409,
                        "phi_0": -0.3576606788002692,
                        "alpha": -0.8642183035732418
                    },
                    "value": 658.9294607149427
                },
                "Qe": {
                    "name": "Qe",
                    "user_data": null,
                    "init_value": 2648.412274165052,
                    "min": 0,
                    "max": Infinity,
                    "brute_step": null,
                    "stderr": 4740.2459521566625,
                    "correl": {
                        "fr": 0.31762270531298076,
                        "Ql": 0.9369694946683564,
                        "A": -0.9820085326242662,
                        "theta": -0.0013074690498769503,
                        "phi_v": 0.6386152920252723,
                        "phi_0": -0.6375325623641657,
                        "alpha": -0.7616512036082226
                    },
                    "value": 10066.187969774386
                },
                "A": {
                    "name": "A",
                    "user_data": null,
                    "init_value": 0.011033574766316057,
                    "min": 0,
                    "max": Infinity,
                    "brute_step": null,
                    "stderr": 0.00021913379667707052,
                    "correl": {
                        "fr": -0.4451973644353938,
                        "Ql": -0.859397524861629,
                        "Qe": -0.9820085326242662,
                        "theta": 0.14459610096280937,
                        "phi_v": -0.7405645964831284,
                        "phi_0": 0.7396360998642734,
                        "alpha": 0.6960422901540777
                    },
                    "value": 0.011547349566893628
                },
                "theta": {
                    "name": "theta",
                    "user_data": null,
                    "init_value": 0,
                    "min": -1.5707963267948966,
                    "max": 1.5707963267948966,
                    "brute_step": null,
                    "stderr": 0.47046248184157974,
                    "correl": {
                        "fr": -0.936827185017828,
                        "Ql": 0.31473124616823556,
                        "Qe": -0.0013074690498769503,
                        "A": 0.14459610096280937,
                        "phi_v": -0.7130291537320036,
                        "phi_0": 0.7140731981065768,
                        "alpha": -0.5776769734646633
                    },
                    "value": 0.14237268006239545
                },
                "phi_v": {
                    "name": "phi_v",
                    "user_data": null,
                    "init_value": -1.3217690687971412e-06,
                    "min": -Infinity,
                    "max": Infinity,
                    "brute_step": null,
                    "stderr": 1.539462924764748e-09,
                    "correl": {
                        "fr": 0.8385417724713373,
                        "Ql": 0.3589843586291409,
                        "Qe": 0.6386152920252723,
                        "A": -0.7405645964831284,
                        "theta": -0.7130291537320036,
                        "phi_0": -0.9999988409233823,
                        "alpha": -0.08108634043812925
                    },
                    "value": -1.329531054455839e-06
                },
                "phi_0": {
                    "name": "phi_0",
                    "user_data": null,
                    "init_value": 7923.429776962246,
                    "min": -Infinity,
                    "max": Infinity,
                    "brute_step": null,
                    "stderr": 9.244198866780485,
                    "correl": {
                        "fr": -0.8391878835047496,
                        "Ql": -0.3576606788002692,
                        "Qe": -0.6375325623641657,
                        "A": 0.7396360998642734,
                        "theta": 0.7140731981065768,
                        "phi_v": -0.9999988409233823,
                        "alpha": 0.07962990736390382
                    },
                    "value": 7970.0060169313465
                },
                "alpha": {
                    "name": "alpha",
                    "user_data": null,
                    "init_value": 0,
                    "min": -1,
                    "max": 1,
                    "brute_step": null,
                    "stderr": 9.244188435887512,
                    "correl": {
                        "fr": 0.28819005578208634,
                        "Ql": -0.8642183035732418,
                        "Qe": -0.7616512036082226,
                        "A": 0.6960422901540777,
                        "theta": -0.5776769734646633,
                        "phi_v": -0.08108634043812925,
                        "phi_0": 0.07962990736390382
                    },
                    "value": -0.982647734553977
                },
                "Qi": {
                    "name": "Qi",
                    "user_data": null,
                    "init_value": -133744.81984533474,
                    "min": -Infinity,
                    "max": Infinity,
                    "brute_step": null,
                    "stderr": 153.7747065211219,
                    "correl": null,
                    "value": 704.5846947485517
                },
                "Qc": {
                    "name": "Qc",
                    "user_data": null,
                    "init_value": 2648.412274165052,
                    "min": -Infinity,