{
    "fit_success": true,
    "Qi": {
        "__dtype__": "UFloat",
        "nominal_value": 39372.18909912592,
        "std_dev": 4010.624414509123
    },
    "Qe": {
        "__dtype__": "UFloat",
        "nominal_value": 3352.6541848311363,
        "std_dev": 31.52676269378033
    },
    "Ql": {
        "__dtype__": "UFloat",
        "nominal_value": 3094.2166609334886,
        "std_dev": 38.87696997781158
    },
    "Qc": {
        "__dtype__": "UFloat",
        "nominal_value": 3358.1282331998304,
        "std_dev": 31.629777833285615
    },
    "fr": {
        "__dtype__": "UFloat",
        "nominal_value": 6013151922.361724,
        "std_dev": 12208.735575802537
    },
    "fit_msg": "Summary\n$Q_I$: 39.4$\\pm$4.0 k\n$Q_C$: 3.358$\\pm$0.032 k\n$f_{res}$: 6.013152$\\pm$1.2e-05 GHz",
    "fit_result": {
        "hanger_func_complex_SI": {
            "success": true,
            "message": "Fit succeeded.",
            "params": {
                "fr": {
                    "name": "fr",
                    "user_data": null,
                    "init_value": 6013136884.422111,
                    "min": 5997760000.0,
                    "max": 6027760000.0,
                    "brute_step": null,
                    "stderr": 12208.735575802537,
                    "correl": {
                        "Ql": 4.525872469929844e-06,
                        "Qe": -0.005742645697221957,
                        "A": -0.02888104949853964,
                        "theta": -0.776315181515251,
                        "phi_v": 0.003881959557447418,
                        "phi_0": -0.004360198462349403,
                        "alpha": 0.3408400971528709
                    },
                    "value": 6013151922.361724
                },
                "Ql": {
                    "name": "Ql",
                    "user_data": null,
                    "init_value": 903.0831675726937,
                    "min": 20.04378961474037,
                    "max": 39887.14133348422,
                    "brute_step": null,
                    "stderr": 38.87696997781158,
                    "correl": {
                        "fr": 4.525872469929844e-06,
                        "Qe": 0.7763104668245053,
                        "A": -0.3312408363604752,
                        "theta": -0.005738218016024298,
                        "phi_v": 0.3408626123335207,
                        "phi_0": -0.34084666785536494,
                        "alpha": -0.006627557110306504
                    },
                    "value": 3094.2166609334886
                },
                "Qe": {
                    "name": "Qe",
                    "user_data": null,
                    "init_value": 885.2003325712543,
                    "min": 0,
                    "max": Infinity,
                    "brute_step": null,
                    "stderr": 31.52676269378033,
                    "correl": {
                        "fr": -0.005742645697221957,
                        "Ql": 0.7763104668245053,
                        "A": -0.2705342121555396,
                        "theta": 1.1134296141578345e-05,
                        "phi_v": 0.45737755016577,
                        "phi_0": -0.45735313640535125,
                        "alpha": -0.01886693559614375
                    },
                    "value": 3352.6541848311363
                },
                "A": {
                    "name": "A",
                    "user_data": null,
                    "init_value": 0.28601803339188225,
                    "min": 0,
                    "max": Infinity,
                    "brute_step": null,
                    "stderr": 0.000548047980785169,
                    "correl": {
                        "fr": -0.02888104949853964,
                        "Ql": -0.3312408363604752,
                        "Qe": -0.2705342121555396,
                        "theta": 0.03958490071703839,
                        "phi_v": -0.112725607918883,
                        "phi_0": 0.11273883525733866,
                        "alpha": -0.046273279136472126
                    },
                    "value": 0.3046034396794426
                },
                "theta": {
                    "name": "theta",
                    "user_data": null,
                    "init_value": 0,
                    "min": -1.5707963267948966,
                    "max": 1.5707963267948966,
                    "brute_step": null,
                    "stderr": 0.009403547781029302,
                    "correl": {
                        "fr": -0.776315181515251,
                        "Ql": -0.005738218016024298,
                        "Qe": 1.1134296141578345e-05,
                        "A": 0.03958490071703839,
                        "phi_v": -0.015422780541287666,
                        "phi_0": 0.015816581556273,
                        "alpha": -0.45726919754608875
                    },
                    "value": -0.057105729996365984
                },
                "phi_v": {
                    "name": "phi_v",
                    "user_data": null,
                    "init_value": -1.2625921079680684e-07,
                    "min": -Infinity,
                    "max": Infinity,
                    "brute_step": null,
                    "stderr": 2.0937964596916446e-10,
                    "correl": {
                        "fr": 0.003881959557447418,
                        "Ql": 0.3408626123335207,
                        "Qe": 0.45737755016577,
                        "A": -0.112725607918883,
                        "theta": -0.015422780541287666,
                        "phi_0": -0.9999989788297278,
                        "alpha": -0.006832379205913765
                    },
                    "value": -1.1073930037937152e-07
                },
                "phi_0": {
                    "name": "phi_0",
                    "user_data": null,
                    "init_value": 756.3072537407156,
                    "min": -Infinity,
                    "max": Infinity,
                    "brute_step": null,
                    "stderr": 1.2589464455716524,
                    "correl": {
                        "fr": -0.004360198462349403,
                        "Ql": -0.34084666785536494,
                        "Qe": -0.45735313640535125,
                        "A": 0.11273883525733866,
                        "theta": 0.015816581556273,
                        "phi_v": -0.9999989788297278,
                        "alpha": 0.006658062962796056
                    },
                    "value": 663.2988659396657
                },
                "alpha": {
                    "name": "alpha",
                    "user_data": null,
                    "init_value": 0,
                    "min": -1,
                    "max": 1,
                    "brute_step": null,
                    "stderr": 1.308856437014156,
                    "correl": {
                        "fr": 0.3408400971528709,
                        "Ql": -0.006627557110306504,
                        "Qe": -0.01886693559614375,
                        "A": -0.046273279136472126,
                        "theta": -0.45726919754608875,
                        "phi_v": -0.006832379205913765,
                        "phi_0": 0.006658062962796056
                    },
                    "value": -0.9999747518695394
                },
                "Qi": {
                    "name": "Qi",
                    "user_data": null,
                    "init_value": -44702.616794848684,
                    "min": -Infinity,
                    "max": Infinity,
                    "brute_step": null,
                    "stderr": 4010.624414509123,
                    "correl": null,
                    "value": 39372.18909912592
                },
                "Qc": {
                    "name": "Qc",
                    "user_data": null,
                    "init_value": 885.2003325712543,