{
    "fit_success": true,
    "Qi": {
        "__dtype__": "UFloat",
        "nominal_value": 11791.803563812717,
        "std_dev": 330.86610281561593
    },
    "Qe": {
        "__dtype__": "UFloat",
        "nominal_value": 9743.701702766997,
        "std_dev": 149.11982191659618
    },
    "Ql": {
        "__dtype__": "UFloat",
        "nominal_value": 5801.194499729792,
        "std_dev": 109.7247862902394
    },
    "Qc": {
        "__dtype__": "UFloat",
        "nominal_value": 11418.963455055058,
        "std_dev": 204.79678730029707
    },
    "fr": {
        "__dtype__": "UFloat",
        "nominal_value": 5719822340.67486,
        "std_dev": 9324.571087412716
    },
    "fit_msg": "Summary\n$Q_I$: 11.79$\\pm$0.33 k\n$Q_C$: 11.42$\\pm$0.20 k\n$f_{res}$: 5.7198223$\\pm$9.3e-06 GHz",
    "fit_result": {
        "hanger_func_complex_SI": {
            "success": true,
            "message": "Fit succeeded.",
            "params": {
                "fr": {
                    "name": "fr",
                    "user_data": null,
                    "init_value": 5720018341.708543,
                    "min": 5716350000.0,
                    "max": 5726350000.0,
                    "brute_step": null,
                    "stderr": 9324.571087412716,
                    "correl": {
                        "Ql": 0.0001142187299244178,
                        "Qe": 0.059231402389833404,
                        "A": 0.3048061882594474,
                        "theta": -0.8146546023933435,
                        "phi_v": -0.008487768210034777,
                        "phi_0": 0.008267120508118921,
                        "alpha": -0.42276750662225143
                    },
                    "value": 5719822340.67486
                },
                "Ql": {
                    "name": "Ql",
                    "user_data": null,
                    "init_value": 2577.1834477954876,
                    "min": 57.200183417085434,
                    "max": 113828.36500115068,
                    "brute_step": null,
                    "stderr": 109.7247862902394,
                    "correl": {
                        "fr": 0.0001142187299244178,
                        "Qe": 0.8146479438337357,
                        "A": -0.36418838283864496,
                        "theta": 0.059025332871542165,
                        "phi_v": 0.4227315265699138,
                        "phi_0": -0.4227863180848656,
                        "alpha": -0.006831909360195074
                    },
                    "value": 5801.194499729792
                },
                "Qe": {
                    "name": "Qe",
                    "user_data": null,
                    "init_value": 2526.1501121955766,
                    "min": 0,
                    "max": Infinity,
                    "brute_step": null,
                    "stderr": 149.11982191659618,
                    "correl": {
                        "fr": 0.059231402389833404,
                        "Ql": 0.8146479438337357,
                        "A": -0.3158285001480772,
                        "theta": -9.20391555693555e-05,
                        "phi_v": 0.54922031239959,
                        "phi_0": -0.5493082019532654,
                        "alpha": -0.10234315639727982
                    },
                    "value": 9743.701702766997
                },
                "A": {
                    "name": "A",
                    "user_data": null,
                    "init_value": 0.00187555590767348,
                    "min": 0,
                    "max": Infinity,
                    "brute_step": null,
                    "stderr": 4.989228292004462e-06,
                    "correl": {
                        "fr": 0.3048061882594474,
                        "Ql": -0.36418838283864496,
                        "Qe": -0.3158285001480772,
                        "theta": -0.4226343017360434,
                        "phi_v": -0.19591915539997376,
                        "phi_0": 0.19585563599259379,
                        "alpha": -0.5011769678141523
                    },
                    "value": 0.002011899625411706
                },
                "theta": {
                    "name": "theta",
                    "user_data": null,
                    "init_value": 0,
                    "min": -1.5707963267948966,
                    "max": 1.5707963267948966,
                    "brute_step": null,
                    "stderr": 0.015304245173904222,
                    "correl": {
                        "fr": -0.8146546023933435,
                        "Ql": 0.059025332871542165,
                        "Qe": -9.20391555693555e-05,
                        "A": -0.4226343017360434,
                        "phi_v": 0.10450817919253606,
                        "phi_0": -0.10428591924000913,
                        "alpha": 0.5496404715415243
                    },
                    "value": 0.5485313269620806
                },
                "phi_v": {
                    "name": "phi_v",
                    "user_data": null,
                    "init_value": -1.1261633174158246e-07,
                    "min": -Infinity,
                    "max": Infinity,
                    "brute_step": null,
                    "stderr": 7.440101726739928e-10,
                    "correl": {
                        "fr": -0.008487768210034777,
                        "Ql": 0.4227315265699138,
                        "Qe": 0.54922031239959,
                        "A": -0.19591915539997376,
                        "theta": 0.10450817919253606,
                        "phi_0": -0.9999998710483965,
                        "alpha": 0.004003785118167552
                    },
                    "value": -6.97992948450178e-08
                },
                "phi_0": {
                    "name": "phi_0",
                    "user_data": null,
                    "init_value": 640.9398447142498,
                    "min": -Infinity,
                    "max": Infinity,
                    "brute_step": null,
                    "stderr": 4.25684835366577,
                    "correl": {
                        "fr": 0.008267120508118921,
                        "Ql": -0.4227863180848656,
                        "Qe": -0.5493082019532654,
                        "A": 0.19585563599259379,
                        "theta": -0.10428591924000913,
                        "phi_v": -0.9999998710483965,
                        "alpha": -0.0038752352310372443
                    },
                    "value": 396.23999906985176
                },
                "alpha": {
                    "name": "alpha",
                    "user_data": null,
                    "init_value": 0,
                    "min": -1,
                    "max": 1,
                    "brute_step": null,
                    "stderr": 4.25560206829805,
                    "correl": {
                        "fr": -0.42276750662225143,
                        "Ql": -0.006831909360195074,
                        "Qe": -0.10234315639727982,
                        "A": -0.5011769678141523,
                        "theta": 0.5496404715415243,
                        "phi_v": 0.004003785118167552,
                        "phi_0": -0.0038752352310372443
                    },
                    "value": -0.10212665194374537
                },
                "Qi": {
                    "name": "Qi",
                    "user_data": null,
                    "init_value": -127570.58066587595,
                    "min": -Infinity,
                    "max": Infinity,
                    "brute_step": null,
                    "stderr": 330.86610281561593,
                    "correl": null,
                    "value": 11791.803563812717
                },
                "Qc": {
                    "name": "Qc",
                    "user_data": null,
                    "init_value": 2526.1501121955766,