{
    "amplitude": {
        "__dtype__": "UFloat",
        "nominal_value": 878770.8650358908,
        "std_dev": 19777.831331852176
    },
    "frequency": {
        "__dtype__": "UFloat",
        "nominal_value": 10.498926404377585,
        "std_dev": 0.1322632651089221
    },
    "shift": {
        "__dtype__": "UFloat",
        "nominal_value": 0.8741859788677209,
        "std_dev": 0.023387847372018634
    },
    "offset": {
        "__dtype__": "UFloat",
        "nominal_value": 5719585336.127952,
        "std_dev": 125432.58481485044
    },
    "offset_0": {
        "__dtype__": "UFloat",
        "nominal_value": 0.06635062682568384,
        "std_dev": 0.002379300050445503
    },
    "freq_0": 5720464106.992988,
    "fit_success": true,
    "fit_msg": "Summary:\nf_0: 5.7205 GHz\noffset_0: 66.4$\\pm$2.4 mV\n",
    "fit_result": {
        "sin": {
            "success": true,
            "message": "Fit succeeded.",
            "params": {
                "amplitude": {
                    "name": "amplitude",
                    "user_data": null,
                    "init_value": 879734.9226874225,
                    "min": 0,
                    "max": Infinity,
                    "brute_step": null,
                    "stderr": 19777.831331852176,
                    "correl": {
                        "frequency": -0.03503896356474884,
                        "shift": -0.03174433337854551
                    },
                    "value": 878770.8650358908
                },
                "frequency": {
                    "name": "frequency",
                    "user_data": null,
                    "init_value": 10.053096491487338,
                    "min": 0,
                    "max": Infinity,
                    "brute_step": null,
                    "stderr": 0.1322632651089221,
                    "correl": {
                        "amplitude": -0.03503896356474884,
                        "shift": -0.24727762771153924
                    },
                    "value": 10.498926404377585
                },
                "shift": {
                    "name": "shift",
                    "user_data": null,
                    "init_value": 1.1423973285781066,
                    "min": -6.283195307179586,
                    "max": 6.283195307179586,
                    "brute_step": null,
                    "stderr": 0.023387847372018634,
                    "correl": {
                        "amplitude": -0.03174433337854551,
                        "frequency": -0.24727762771153924
                    },
                    "value": 0.8741859788677209
                },
                "offset": {
                    "name": "offset",
                    "user_data": null,
                    "init_value": 5719585336.127952,
                    "min": -Infinity,
                    "max": Infinity,
                    "brute_step": null,
                    "stderr": 125432.58481485044,
                    "correl": null,
                    "value": 5719585336.127952
                }
            }
        }
    }
}