{
    "fit_success": true,
    "Pi-pulse amplitude": {
        "__dtype__": "UFloat",
        "nominal_value": 1.9545231683201176e-08,
        "std_dev": 8.590687786531331e-11
    },
    "fit_msg": "Summary\nPi-pulse amplitude: 19.545$\\pm$0.086 nV\nOscillation amplitude: 175$\\pm$14 \u03bcV\nOffset: 1.285$\\pm$0.010 mV\n",
    "fit_result": {
        "Rabi_oscillation": {
            "success": true,
            "message": "Fit succeeded.",
            "params": {
                "frequency": {
                    "name": "frequency",
                    "user_data": null,
                    "init_value": 25000000.0,
                    "min": 0,
                    "max": Infinity,
                    "brute_step": null,
                    "stderr": 112438.82409226192,
                    "correl": {
                        "amplitude": 0.016278605292344407,
                        "offset": 0.03740091358653815
                    },
                    "value": 25581687.03775163
                },
                "amplitude": {
                    "name": "amplitude",
                    "user_data": null,
                    "init_value": 0.00028028648753371493,
                    "min": 0,
                    "max": Infinity,
                    "brute_step": null,
                    "stderr": 1.4119045871328244e-05,
                    "correl": {
                        "frequency": 0.016278605292344407,
                        "offset": 0.02527065754396369
                    },
                    "value": 0.00017466175131031214
                },
                "offset": {
                    "name": "offset",
                    "user_data": null,
                    "init_value": 0.0012821554822486688,
                    "min": -Infinity,
                    "max": Infinity,
                    "brute_step": null,
                    "stderr": 1.0011126540075879e-05,
                    "correl": {
                        "frequency": 0.03740091358653815,
                        "amplitude": 0.02527065754396369
                    },
                    "value": 0.0012852106381431466
                },
                "phase": {
                    "name": "phase",
                    "user_data": null,
                    "init_value": 3.141592653589793,
                    "min": -Infinity,
                    "max": Infinity,
                    "brute_step": null,
                    "stderr": 0.0,
                    "correl": null,
                    "value": 3.141592653589793
                },
                "amp180": {
                    "name": "amp180",
                    "user_data": null,
                    "init_value": 2e-08,
                    "min": -Infinity,
                    "max": Infinity,
                    "brute_step": null,
                    "stderr": 8.590687786531331e-11,
                    "correl": null,
                    "value": 1.9545231683201176e-08
                }
            }
        }
    }
}