{
    "fit_success": true,
    "Pi-pulse amplitude": {
        "__dtype__": "UFloat",
        "nominal_value": 0.786263348080399,
        "std_dev": 0.13837574678272374
    },
    "fit_msg": "Summary\nPi-pulse amplitude: 7.9e+02$\\pm$1.4e+02 mV\nOscillation amplitude: 29.7$\\pm$5.0 \u03bcV\nOffset: 1.2531$\\pm$0.0063 mV\n",
    "fit_result": {
        "Rabi_oscillation": {
            "success": true,
            "message": "Fit succeeded.",
            "params": {
                "frequency": {
                    "name": "frequency",
                    "user_data": null,
                    "init_value": 0.7071428571428582,
                    "min": 0,
                    "max": Infinity,
                    "brute_step": null,
                    "stderr": 0.11191644851394227,
                    "correl": {
                        "amplitude": -0.8304384462603283,
                        "offset": -0.9552951280568922
                    },
                    "value": 0.6359192517630528
                },
                "amplitude": {
                    "name": "amplitude",
                    "user_data": null,
                    "init_value": 6.744719301616945e-05,
                    "min": 0,
                    "max": Infinity,
                    "brute_step": null,
                    "stderr": 4.9872132974280775e-06,
                    "correl": {
                        "frequency": -0.8304384462603283,
                        "offset": 0.8204296528153989
                    },
                    "value": 2.9735818266152236e-05
                },
                "offset": {
                    "name": "offset",
                    "user_data": null,
                    "init_value": 0.0012498125421125895,
                    "min": -Infinity,
                    "max": Infinity,
                    "brute_step": null,
                    "stderr": 6.287535396531178e-06,
                    "correl": {
                        "frequency": -0.9552951280568922,
                        "amplitude": 0.8204296528153989
                    },
                    "value": 0.0012530881218109295
                },
                "phase": {
                    "name": "phase",
                    "user_data": null,
                    "init_value": 3.141592653589793,
                    "min": -Infinity,
                    "max": Infinity,
                    "brute_step": null,
                    "stderr": 0.0,
                    "correl": null,
                    "value": 3.141592653589793
                },
                "amp180": {
                    "name": "amp180",
                    "user_data": null,
                    "init_value": 0.7070707070707061,
                    "min": -Infinity,
                    "max": Infinity,
                    "brute_step": null,
                    "stderr": 0.13837574678272374,
                    "correl": null,
                    "value": 0.786263348080399
                }
            }
        }
    }
}