{
    "fit_success": true,
    "Qi": {
        "__dtype__": "UFloat",
        "nominal_value": 14075.122220125699,
        "std_dev": 1893.7331986396825
    },
    "Qe": {
        "__dtype__": "UFloat",
        "nominal_value": 9712.339359994276,
        "std_dev": 552.9182526136713
    },
    "Ql": {
        "__dtype__": "UFloat",
        "nominal_value": 5773.766842268259,
        "std_dev": 439.8410814635744
    },
    "Qc": {
        "__dtype__": "UFloat",
        "nominal_value": 9789.5428248019,
        "std_dev": 561.7442378376822
    },
    "fr": {
        "__dtype__": "UFloat",
        "nominal_value": 5258900028.078982,
        "std_dev": 34695.10038765607
    },
    "fit_msg": "Summary\n$Q_I$: 14.1$\\pm$1.9 k\n$Q_C$: 9.79$\\pm$0.56 k\n$f_{res}$: 5.258900$\\pm$3.5e-05 GHz",
    "fit_result": {
        "hanger_func_complex_SI": {
            "success": true,
            "message": "Fit succeeded.",
            "params": {
                "fr": {
                    "name": "fr",
                    "user_data": null,
                    "init_value": 5258854271.356784,
                    "min": 5248000000.0,
                    "max": 5268000000.0,
                    "brute_step": null,
                    "stderr": 34695.10038765607,
                    "correl": {
                        "Ql": 3.792708013156173e-05,
                        "Qe": 0.0007594411273168967,
                        "A": 0.003189452517007787,
                        "theta": -0.7628015758760238,
                        "phi_v": -0.07817174148727489,
                        "phi_0": 0.07786681008671717,
                        "alpha": 0.27874597171353915
                    },
                    "value": 5258900028.078982
                },
                "Ql": {
                    "name": "Ql",
                    "user_data": null,
                    "init_value": 1184.7018114977557,
                    "min": 26.29427135678392,
                    "max": 52325.600000032435,
                    "brute_step": null,
                    "stderr": 439.8410814635744,
                    "correl": {
                        "fr": 3.792708013156173e-05,
                        "Qe": 0.7627694738899371,
                        "A": -0.2826349317548984,
                        "theta": 0.0007181306680839537,
                        "phi_v": 0.27800035277245166,
                        "phi_0": -0.2780618337505191,
                        "alpha": 0.07561195247917593
                    },
                    "value": 5773.766842268259
                },
                "Qe": {
                    "name": "Qe",
                    "user_data": null,
                    "init_value": 1161.242369685919,
                    "min": 0,
                    "max": Infinity,
                    "brute_step": null,
                    "stderr": 552.9182526136713,
                    "correl": {
                        "fr": 0.0007594411273168967,
                        "Ql": 0.7627694738899371,
                        "A": -0.28495182646084993,
                        "theta": 6.348824359931676e-07,
                        "phi_v": 0.37926529311497853,
                        "phi_0": -0.37934749696338854,
                        "alpha": 0.08934733277041773
                    },
                    "value": 9712.339359994276
                },
                "A": {
                    "name": "A",
                    "user_data": null,
                    "init_value": 0.0003693416064495476,
                    "min": 0,
                    "max": Infinity,
                    "brute_step": null,
                    "stderr": 2.292931289493005e-06,
                    "correl": {
                        "fr": 0.003189452517007787,
                        "Ql": -0.2826349317548984,
                        "Qe": -0.28495182646084993,
                        "theta": -0.0042038690140607194,
                        "phi_v": -0.08813214417227228,
                        "phi_0": 0.08815811430090234,
                        "alpha": -0.17429517878640852
                    },
                    "value": 0.0003808502346067666
                },
                "theta": {
                    "name": "theta",
                    "user_data": null,
                    "init_value": 0,
                    "min": -1.5707963267948966,
                    "max": 1.5707963267948966,
                    "brute_step": null,
                    "stderr": 0.05693400928234736,
                    "correl": {
                        "fr": -0.7628015758760238,
                        "Ql": 0.0007181306680839537,
                        "Qe": 6.348824359931676e-07,
                        "A": -0.0042038690140607194,
                        "phi_v": 0.0927497879564479,
                        "phi_0": -0.0924427210917431,
                        "alpha": -0.3801547313974967
                    },
                    "value": 0.1256718525846645
                },
                "phi_v": {
                    "name": "phi_v",
                    "user_data": null,
                    "init_value": -1.0010510606670362e-07,
                    "min": -Infinity,
                    "max": Infinity,
                    "brute_step": null,
                    "stderr": 1.0325938491807575e-09,
                    "correl": {
                        "fr": -0.07817174148727489,
                        "Ql": 0.27800035277245166,
                        "Qe": 0.37926529311497853,
                        "A": -0.08813214417227228,
                        "theta": 0.0927497879564479,
                        "phi_0": -0.9999994012367461,
                        "alpha": -0.00831195200049312
                    },
                    "value": -1.5576279831096557e-07
                },
                "phi_0": {
                    "name": "phi_0",
                    "user_data": null,
                    "init_value": 522.2128919039134,
                    "min": -Infinity,
                    "max": Infinity,
                    "brute_step": null,
                    "stderr": 5.429253734279367,
                    "correl": {
                        "fr": 0.07786681008671717,
                        "Ql": -0.2780618337505191,
                        "Qe": -0.37934749696338854,
                        "A": 0.08815811430090234,
                        "theta": -0.0924427210917431,
                        "phi_v": -0.9999994012367461,
                        "alpha": 0.008189786086337107
                    },
                    "value": 814.441415457247
                },
                "alpha": {
                    "name": "alpha",
                    "user_data": null,
                    "init_value": 0,
                    "min": -1,
                    "max": 1,
                    "brute_step": null,
                    "stderr": 6.191973871982484,
                    "correl": {
                        "fr": 0.27874597171353915,
                        "Ql": 0.07561195247917593,
                        "Qe": 0.08934733277041773,
                        "A": -0.17429517878640852,
                        "theta": -0.3801547313974967,
                        "phi_v": -0.00831195200049312,
                        "phi_0": 0.008189786086337107
                    },
                    "value": -0.99993877206542
                },
                "Qi": {
                    "name": "Qi",
                    "user_data": null,
                    "init_value": -58642.739669138755,
                    "min": -Infinity,
                    "max": Infinity,
                    "brute_step": null,
                    "stderr": 1893.7331986396825,
                    "correl": null,
                    "value": 14075.122220125699
                },
                "Qc": {
                    "name": "Qc",
                    "user_data": null,
                    "init_value": 1161.242369685919,