{
    "fit_success": true,
    "Qi": {
        "__dtype__": "UFloat",
        "nominal_value": 26030.36510780168,
        "std_dev": 1158.6664720513133
    },
    "Qe": {
        "__dtype__": "UFloat",
        "nominal_value": 3211.283648893119,
        "std_dev": 17.158669440567685
    },
    "Ql": {
        "__dtype__": "UFloat",
        "nominal_value": 2883.6657597892167,
        "std_dev": 21.18281787868108
    },
    "Qc": {
        "__dtype__": "UFloat",
        "nominal_value": 3242.919063647192,
        "std_dev": 17.497922840419832
    },
    "fr": {
        "__dtype__": "UFloat",
        "nominal_value": 6008069299.328831,
        "std_dev": 7651.115115877276
    },
    "fit_msg": "Summary\n$Q_I$: 26.0$\\pm$1.2 k\n$Q_C$: 3.243$\\pm$0.017 k\n$f_{res}$: 6.0080693$\\pm$7.7e-06 GHz",
    "fit_result": {
        "hanger_func_complex_SI": {
            "success": true,
            "message": "Fit succeeded.",
            "params": {
                "fr": {
                    "name": "fr",
                    "user_data": null,
                    "init_value": 6008165829.145729,
                    "min": 5975000000.0,
                    "max": 6025000000.0,
                    "brute_step": null,
                    "stderr": 7651.115115877276,
                    "correl": {
                        "Ql": 0.00023901288594586307,
                        "Qe": -0.004824751279700398,
                        "A": -0.02922890234292144,
                        "theta": -0.7551261830949031,
                        "phi_v": -0.1758150346300819,
                        "phi_0": 0.17521796028394446,
                        "alpha": 0.22208386000232916
                    },
                    "value": 6008069299.328831
                },
                "Ql": {
                    "name": "Ql",
                    "user_data": null,
                    "init_value": 541.4019536797853,
                    "min": 12.016331658291458,
                    "max": 23912.500000060205,
                    "brute_step": null,
                    "stderr": 21.18281787868108,
                    "correl": {
                        "fr": 0.00023901288594586307,
                        "Qe": 0.7552131180025977,
                        "A": -0.3039732092565195,
                        "theta": -0.005235336574752592,
                        "phi_v": 0.22184451180014658,
                        "phi_0": -0.2220874516988585,
                        "alpha": 0.1753349594103166
                    },
                    "value": 2883.6657597892167
                },
                "Qe": {
                    "name": "Qe",
                    "user_data": null,
                    "init_value": 530.6811229138489,
                    "min": 0,
                    "max": Infinity,
                    "brute_step": null,
                    "stderr": 17.158669440567685,
                    "correl": {
                        "fr": -0.004824751279700398,
                        "Ql": 0.7552131180025977,
                        "A": -0.253269677667393,
                        "theta": -0.00016225214619932456,
                        "phi_v": 0.3045084811349455,
                        "phi_0": -0.3048302849026767,
                        "alpha": 0.1604964471198076
                    },
                    "value": 3211.283648893119
                },
                "A": {
                    "name": "A",
                    "user_data": null,
                    "init_value": 0.0103845195532785,
                    "min": 0,
                    "max": Infinity,
                    "brute_step": null,
                    "stderr": 1.0475906016023797e-05,
                    "correl": {
                        "fr": -0.02922890234292144,
                        "Ql": -0.3039732092565195,
                        "Qe": -0.253269677667393,
                        "theta": 0.04439406356518764,
                        "phi_v": -0.06395136924393748,
                        "phi_0": 0.06405546429085587,
                        "alpha": -0.5234509604587188
                    },
                    "value": 0.010802729333517114
                },
                "theta": {
                    "name": "theta",
                    "user_data": null,
                    "init_value": 0,
                    "min": -1.5707963267948966,
                    "max": 1.5707963267948966,
                    "brute_step": null,
                    "stderr": 0.005341802335098369,
                    "correl": {
                        "fr": -0.7551261830949031,
                        "Ql": -0.005235336574752592,
                        "Qe": -0.00016225214619932456,
                        "A": 0.04439406356518764,
                        "phi_v": 0.16140666157483793,
                        "phi_0": -0.16092961576811113,
                        "alpha": -0.30451734969986116
                    },
                    "value": 0.13979363437091008
                },
                "phi_v": {
                    "name": "phi_v",
                    "user_data": null,
                    "init_value": -8.855159515563146e-08,
                    "min": -Infinity,
                    "max": Infinity,
                    "brute_step": null,
                    "stderr": 5.7609443658843164e-11,
                    "correl": {
                        "fr": -0.1758150346300819,
                        "Ql": 0.22184451180014658,
                        "Qe": 0.3045084811349455,
                        "A": -0.06395136924393748,
                        "theta": 0.16140666157483793,
                        "phi_0": -0.9999971414990636,
                        "alpha": -0.0038997385785912047
                    },
                    "value": -6.82058929051556e-08
                },
                "phi_0": {
                    "name": "phi_0",
                    "user_data": null,
                    "init_value": 529.0628699876554,
                    "min": -Infinity,
                    "max": Infinity,
                    "brute_step": null,
                    "stderr": 0.345616042451813,
                    "correl": {
                        "fr": 0.17521796028394446,
                        "Ql": -0.2220874516988585,
                        "Qe": -0.3048302849026767,
                        "A": 0.06405546429085587,
                        "theta": -0.16092961576811113,
                        "phi_v": -0.9999971414990636,
                        "alpha": 0.003707105391119745
                    },
                    "value": 407.51923917549595
                },
                "alpha": {
                    "name": "alpha",
                    "user_data": null,
                    "init_value": 0,
                    "min": -1,
                    "max": 1,
                    "brute_step": null,
                    "stderr": 0.37076719413509396,
                    "correl": {
                        "fr": 0.22208386000232916,
                        "Ql": 0.1753349594103166,
                        "Qe": 0.1604964471198076,
                        "A": -0.5234509604587188,
                        "theta": -0.30451734969986116,
                        "phi_v": -0.0038997385785912047,
                        "phi_0": 0.003707105391119745
                    },
                    "value": 0.9999974798691762
                },
                "Qi": {
                    "name": "Qi",
                    "user_data": null,
                    "init_value": -26799.396707149328,
                    "min": -Infinity,
                    "max": Infinity,
                    "brute_step": null,
                    "stderr": 1158.6664720513133,
                    "correl": null,
                    "value": 26030.36510780168
                },
                "Qc": {
                    "name": "Qc",
                    "user_data": null,
                    "init_value": 530.6811229138489,