{
    "fit_success": true,
    "Qi": {
        "__dtype__": "UFloat",
        "nominal_value": 13060.054614684874,
        "std_dev": 246.30863063827823
    },
    "Qe": {
        "__dtype__": "UFloat",
        "nominal_value": 9837.144776342999,
        "std_dev": 82.16554716098156
    },
    "Ql": {
        "__dtype__": "UFloat",
        "nominal_value": 5641.132869194499,
        "std_dev": 62.88887731237823
    },
    "Qc": {
        "__dtype__": "UFloat",
        "nominal_value": 9930.486651265317,
        "std_dev": 83.7298575982104
    },
    "fr": {
        "__dtype__": "UFloat",
        "nominal_value": 5258857236.35199,
        "std_dev": 5196.183666347255
    },
    "fit_msg": "Summary\n$Q_I$: 13.06$\\pm$0.25 k\n$Q_C$: 9.930$\\pm$0.084 k\n$f_{res}$: 5.2588572$\\pm$5.2e-06 GHz",
    "fit_result": {
        "hanger_func_complex_SI": {
            "success": true,
            "message": "Fit succeeded.",
            "params": {
                "fr": {
                    "name": "fr",
                    "user_data": null,
                    "init_value": 5258954773.869347,
                    "min": 5248000000.0,
                    "max": 5268000000.0,
                    "brute_step": null,
                    "stderr": 5196.183666347255,
                    "correl": {
                        "Ql": 0.00018101319912787575,
                        "Qe": 0.0016012047994890686,
                        "A": 0.00938589879511911,
                        "theta": -0.7641749984968431,
                        "phi_v": -0.07922398443604782,
                        "phi_0": 0.07891486211622051,
                        "alpha": 0.2815582783645633
                    },
                    "value": 5258857236.35199
                },
                "Ql": {
                    "name": "Ql",
                    "user_data": null,
                    "init_value": 1184.7244524576588,
                    "min": 26.294773869346734,
                    "max": 52326.600000032435,
                    "brute_step": null,
                    "stderr": 62.88887731237823,
                    "correl": {
                        "fr": 0.00018101319912787575,
                        "Qe": 0.7641977954074759,
                        "A": -0.2862719557427174,
                        "theta": 0.0012188679500486886,
                        "phi_v": 0.2809974923994551,
                        "phi_0": -0.28106120163406983,
                        "alpha": 0.07724263655295391
                    },
                    "value": 5641.132869194499
                },
                "Qe": {
                    "name": "Qe",
                    "user_data": null,
                    "init_value": 1161.2645623099822,
                    "min": 0,
                    "max": Infinity,
                    "brute_step": null,
                    "stderr": 82.16554716098156,
                    "correl": {
                        "fr": 0.0016012047994890686,
                        "Ql": 0.7641977954074759,
                        "A": -0.2922678802449523,
                        "theta": -0.00019792271720187282,
                        "phi_v": 0.3830447234955812,
                        "phi_0": -0.383130042785717,
                        "alpha": 0.09310591867397217
                    },
                    "value": 9837.144776342999
                },
                "A": {
                    "name": "A",
                    "user_data": null,
                    "init_value": 0.00367510579982065,
                    "min": 0,
                    "max": Infinity,
                    "brute_step": null,
                    "stderr": 3.26450546049316e-06,
                    "correl": {
                        "fr": 0.00938589879511911,
                        "Ql": -0.2862719557427174,
                        "Qe": -0.2922678802449523,
                        "theta": -0.0114099130889183,
                        "phi_v": -0.09252048087741627,
                        "phi_0": 0.09254552844393187,
                        "alpha": -0.16485077359136246
                    },
                    "value": 0.003801959524741605
                },
                "theta": {
                    "name": "theta",
                    "user_data": null,
                    "init_value": 0,
                    "min": -1.5707963267948966,
                    "max": 1.5707963267948966,
                    "brute_step": null,
                    "stderr": 0.008351871634803588,
                    "correl": {
                        "fr": -0.7641749984968431,
                        "Ql": 0.0012188679500486886,
                        "Qe": -0.00019792271720187282,
                        "A": -0.0114099130889183,
                        "phi_v": 0.09590673335908088,
                        "phi_0": -0.09559159508897083,
                        "alpha": -0.3837117262088269
                    },
                    "value": 0.13721726535197232
                },
                "phi_v": {
                    "name": "phi_v",
                    "user_data": null,
                    "init_value": -1.833838690387436e-07,
                    "min": -Infinity,
                    "max": Infinity,
                    "brute_step": null,
                    "stderr": 1.4748055040670122e-10,
                    "correl": {
                        "fr": -0.07922398443604782,
                        "Ql": 0.2809974923994551,
                        "Qe": 0.3830447234955812,
                        "A": -0.09252048087741627,
                        "theta": 0.09590673335908088,
                        "phi_0": -0.9999994010157565,
                        "alpha": -0.00816044197128121
                    },
                    "value": -1.5761948061767442e-07
                },
                "phi_0": {
                    "name": "phi_0",
                    "user_data": null,
                    "init_value": 959.344774134155,
                    "min": -Infinity,
                    "max": Infinity,
                    "brute_step": null,
                    "stderr": 0.7754385071838754,
                    "correl": {
                        "fr": 0.07891486211622051,
                        "Ql": -0.28106120163406983,
                        "Qe": -0.383130042785717,
                        "A": 0.09254552844393187,
                        "theta": -0.09559159508897083,
                        "phi_v": -0.9999994010157565,
                        "alpha": 0.008033522202275377
                    },
                    "value": 824.1300269183256
                },
                "alpha": {
                    "name": "alpha",
                    "user_data": null,
                    "init_value": 0,
                    "min": -1,
                    "max": 1,
                    "brute_step": null,
                    "stderr": 0.8107862656993096,
                    "correl": {
                        "fr": 0.2815582783645633,
                        "Ql": 0.07724263655295391,
                        "Qe": 0.09310591867397217,
                        "A": -0.16485077359136246,
                        "theta": -0.3837117262088269,
                        "phi_v": -0.00816044197128121,
                        "phi_0": 0.008033522202275377
                    },
                    "value": 0.9999662862372822
                },
                "Qi": {
                    "name": "Qi",
                    "user_data": null,
                    "init_value": -58643.860396653574,
                    "min": -Infinity,
                    "max": Infinity,
                    "brute_step": null,
                    "stderr": 246.30863063827823,
                    "correl": null,
                    "value": 13060.054614684874
                },
                "Qc": {
                    "name": "Qc",
                    "user_data": null,
                    "init_value": 1161.2645623099822,