{
    "fit_success": true,
    "Qi": {
        "__dtype__": "UFloat",
        "nominal_value": 20330.536107572698,
        "std_dev": 150.2692711411945
    },
    "Qe": {
        "__dtype__": "UFloat",
        "nominal_value": 4158.675207265557,
        "std_dev": 7.7430716510002595
    },
    "Ql": {
        "__dtype__": "UFloat",
        "nominal_value": 3753.9563338941352,
        "std_dev": 8.518197060302171
    },
    "Qc": {
        "__dtype__": "UFloat",
        "nominal_value": 4604.082738085212,
        "std_dev": 9.489323224354168
    },
    "fr": {
        "__dtype__": "UFloat",
        "nominal_value": 5913125682.416991,
        "std_dev": 1787.1797994172173
    },
    "fit_msg": "Summary\n$Q_I$: 20.33$\\pm$0.15 k\n$Q_C$: 4.6041$\\pm$0.0095 k\n$f_{res}$: 5.9131257$\\pm$1.8e-06 GHz",
    "fit_result": {
        "hanger_func_complex_SI": {
            "success": true,
            "message": "Fit succeeded.",
            "params": {
                "fr": {
                    "name": "fr",
                    "user_data": null,
                    "init_value": 5913472864.321608,
                    "min": 5908900000.0,
                    "max": 5918900000.0,
                    "brute_step": null,
                    "stderr": 1787.1797994172173,
                    "correl": {
                        "Ql": 0.0002794061694104148,
                        "Qe": 0.08863152378673984,
                        "A": 0.26172594926282833,
                        "theta": -0.8450737211892123,
                        "phi_v": -0.08596441745379275,
                        "phi_0": 0.08570037300737447,
                        "alpha": 0.50517197395176
                    },
                    "value": 5913125682.416991
                },
                "Ql": {
                    "name": "Ql",
                    "user_data": null,
                    "init_value": 2664.3453699774795,
                    "min": 59.13472864321608,
                    "max": 117678.11000118959,
                    "brute_step": null,
                    "stderr": 8.518197060302171,
                    "correl": {
                        "fr": 0.0002794061694104148,
                        "Qe": 0.8450744299614492,
                        "A": -0.49118334757067816,
                        "theta": 0.08805504543549458,
                        "phi_v": 0.5048044872022724,
                        "phi_0": -0.5048781942882014,
                        "alpha": 0.08433027979516915
                    },
                    "value": 3753.9563338941352
                },
                "Qe": {
                    "name": "Qe",
                    "user_data": null,
                    "init_value": 2611.5860557205,
                    "min": 0,
                    "max": Infinity,
                    "brute_step": null,
                    "stderr": 7.7430716510002595,
                    "correl": {
                        "fr": 0.08863152378673984,
                        "Ql": 0.8450744299614492,
                        "A": -0.3891506943182803,
                        "theta": -0.0002924658418305934,
                        "phi_v": 0.6161119801123367,
                        "phi_0": -0.6162290662929745,
                        "alpha": 0.20453152161228633
                    },
                    "value": 4158.675207265557
                },
                "A": {
                    "name": "A",
                    "user_data": null,
                    "init_value": 0.08229699830858671,
                    "min": 0,
                    "max": Infinity,
                    "brute_step": null,
                    "stderr": 4.773538467045469e-05,
                    "correl": {
                        "fr": 0.26172594926282833,
                        "Ql": -0.49118334757067816,
                        "Qe": -0.3891506943182803,
                        "theta": -0.3710438129946792,
                        "phi_v": -0.2901488838429502,
                        "phi_0": 0.29011268824370723,
                        "alpha": 0.23514452646996098
                    },
                    "value": 0.0949007890774316
                },
                "theta": {
                    "name": "theta",
                    "user_data": null,
                    "init_value": 0,
                    "min": -1.5707963267948966,
                    "max": 1.5707963267948966,
                    "brute_step": null,
                    "stderr": 0.0018617909906021974,
                    "correl": {
                        "fr": -0.8450737211892123,
                        "Ql": 0.08805504543549458,
                        "Qe": -0.0002924658418305934,
                        "A": -0.3710438129946792,
                        "phi_v": 0.20661784239888542,
                        "phi_0": -0.20638988470041564,
                        "alpha": -0.6169458700439907
                    },
                    "value": 0.4434934682448155
                },
                "phi_v": {
                    "name": "phi_v",
                    "user_data": null,
                    "init_value": -1.41643548929198e-07,
                    "min": -Infinity,
                    "max": Infinity,
                    "brute_step": null,
                    "stderr": 1.682467379431898e-10,
                    "correl": {
                        "fr": -0.08596441745379275,
                        "Ql": 0.5048044872022724,
                        "Qe": 0.6161119801123367,
                        "A": -0.2901488838429502,
                        "theta": 0.20661784239888542,
                        "phi_0": -0.9999998775371504,
                        "alpha": -0.0038996183060076017
                    },
                    "value": -6.858009173789451e-08
                },
                "phi_0": {
                    "name": "phi_0",
                    "user_data": null,
                    "init_value": 834.8255320561075,
                    "min": -Infinity,
                    "max": Infinity,
                    "brute_step": null,
                    "stderr": 0.9949824158194622,
                    "correl": {
                        "fr": 0.08570037300737447,
                        "Ql": -0.5048781942882014,
                        "Qe": -0.6162290662929745,
                        "A": 0.29011268824370723,
                        "theta": -0.20638988470041564,
                        "phi_v": -0.9999998775371504,
                        "alpha": 0.0037418294428962096
                    },
                    "value": 403.25799091194796
                },
                "alpha": {
                    "name": "alpha",
                    "user_data": null,
                    "init_value": 0,
                    "min": -1,
                    "max": 1,
                    "brute_step": null,
                    "stderr": 1.150284640883082,
                    "correl": {
                        "fr": 0.50517197395176,
                        "Ql": 0.08433027979516915,
                        "Qe": 0.20453152161228633,
                        "A": 0.23514452646996098,
                        "theta": -0.6169458700439907,
                        "phi_v": -0.0038996183060076017,
                        "phi_0": 0.0037418294428962096
                    },
                    "value": 0.9999056929235415
                },
                "Qi": {
                    "name": "Qi",
                    "user_data": null,
                    "init_value": -131885.0958138866,
                    "min": -Infinity,
                    "max": Infinity,
                    "brute_step": null,
                    "stderr": 150.2692711411945,
                    "correl": null,
                    "value": 20330.536107572698
                },
                "Qc": {
                    "name": "Qc",
                    "user_data": null,
                    "init_value": 2611.5860557205,