{
    "a": {
        "__dtype__": "UFloat",
        "nominal_value": -113278028413.15619,
        "std_dev": 9712490629.777422
    },
    "b": {
        "__dtype__": "UFloat",
        "nominal_value": 6202824816.039364,
        "std_dev": 891888780.2210449
    },
    "c": {
        "__dtype__": "UFloat",
        "nominal_value": 4385302601.719081,
        "std_dev": 17405951.573496137
    },
    "fit_success": true,
    "offset_0": {
        "__dtype__": "UFloat",
        "nominal_value": 0.027378764015100757,
        "std_dev": 0.004583490231595107
    },
    "freq_0": {
        "__dtype__": "UFloat",
        "nominal_value": 4470215440.151757,
        "std_dev": 30858556.667189874
    },
    "fit_msg": "Summary:\noffset_0: 27.4$\\pm$4.6 mV\nfreq_0: 4.470$\\pm$0.031 GHz\n",
    "fit_result": {
        "poly2": {
            "success": true,
            "message": "Fit succeeded.",
            "params": {
                "a": {
                    "name": "a",
                    "user_data": null,
                    "init_value": -113278028408.35318,
                    "min": -Infinity,
                    "max": Infinity,
                    "brute_step": null,
                    "stderr": 9712490629.777422,
                    "correl": {
                        "b": -0.9794556040089336,
                        "c": 0.823399970686196
                    },
                    "value": -113278028413.15619
                },
                "b": {
                    "name": "b",
                    "user_data": null,
                    "init_value": 6202824815.578537,
                    "min": -Infinity,
                    "max": Infinity,
                    "brute_step": null,
                    "stderr": 891888780.2210449,
                    "correl": {
                        "a": -0.9794556040089336,
                        "c": -0.9105417251117367
                    },
                    "value": 6202824816.039364
                },
                "c": {
                    "name": "c",
                    "user_data": null,
                    "init_value": 4385302601.727612,
                    "min": -Infinity,
                    "max": Infinity,
                    "brute_step": null,
                    "stderr": 17405951.573496137,
                    "correl": {
                        "a": 0.823399970686196,
                        "b": -0.9105417251117367
                    },
                    "value": 4385302601.719081
                }
            }
        }
    }
}