{
    "a": {
        "__dtype__": "UFloat",
        "nominal_value": -50697138310.570755,
        "std_dev": 812880905.8712865
    },
    "b": {
        "__dtype__": "UFloat",
        "nominal_value": -2452534687.321329,
        "std_dev": 46054001.23901979
    },
    "c": {
        "__dtype__": "UFloat",
        "nominal_value": 3207574923.772303,
        "std_dev": 1742345.1940261633
    },
    "fit_success": true,
    "offset_0": {
        "__dtype__": "UFloat",
        "nominal_value": -0.02418809787938224,
        "std_dev": 0.0005972594366154084
    },
    "freq_0": {
        "__dtype__": "UFloat",
        "nominal_value": 3237235998.3070574,
        "std_dev": 2121992.9618640724
    },
    "fit_msg": "Summary:\noffset_0: -24.19$\\pm$0.60 mV\nfreq_0: 3.2372$\\pm$0.0021 GHz\n",
    "fit_result": {
        "poly2": {
            "success": true,
            "message": "Fit succeeded.",
            "params": {
                "a": {
                    "name": "a",
                    "user_data": null,
                    "init_value": -50697138310.37294,
                    "min": -Infinity,
                    "max": Infinity,
                    "brute_step": null,
                    "stderr": 812880905.8712865,
                    "correl": {
                        "b": 0.8517788318604108,
                        "c": -0.6776675952994556
                    },
                    "value": -50697138310.570755
                },
                "b": {
                    "name": "b",
                    "user_data": null,
                    "init_value": -2452534687.309279,
                    "min": -Infinity,
                    "max": Infinity,
                    "brute_step": null,
                    "stderr": 46054001.23901979,
                    "correl": {
                        "a": 0.8517788318604108,
                        "c": -0.37164611334145703
                    },
                    "value": -2452534687.321329
                },
                "c": {
                    "name": "c",
                    "user_data": null,
                    "init_value": 3207574923.7720876,
                    "min": -Infinity,
                    "max": Infinity,
                    "brute_step": null,
                    "stderr": 1742345.1940261633,
                    "correl": {
                        "a": -0.6776675952994556,
                        "b": -0.37164611334145703
                    },
                    "value": 3207574923.772303
                }
            }
        }
    }
}