{
    "fit_success": true,
    "Qi": {
        "__dtype__": "UFloat",
        "nominal_value": 18159.80143532625,
        "std_dev": 296.4764694996863
    },
    "Qe": {
        "__dtype__": "UFloat",
        "nominal_value": 3106.0190408378576,
        "std_dev": 12.920416833802001
    },
    "Ql": {
        "__dtype__": "UFloat",
        "nominal_value": 2684.987225540355,
        "std_dev": 13.341656716984579
    },
    "Qc": {
        "__dtype__": "UFloat",
        "nominal_value": 3150.851067495628,
        "std_dev": 13.29589971506441
    },
    "fr": {
        "__dtype__": "UFloat",
        "nominal_value": 6008011430.285963,
        "std_dev": 5558.780881694493
    },
    "fit_msg": "Summary\n$Q_I$: 18.16$\\pm$0.30 k\n$Q_C$: 3.151$\\pm$0.013 k\n$f_{res}$: 6.0080114$\\pm$5.6e-06 GHz",
    "fit_result": {
        "hanger_func_complex_SI": {
            "success": true,
            "message": "Fit succeeded.",
            "params": {
                "fr": {
                    "name": "fr",
                    "user_data": null,
                    "init_value": 6008118090.452261,
                    "min": 6004500000.0,
                    "max": 6014500000.0,
                    "brute_step": null,
                    "stderr": 5558.780881694493,
                    "correl": {
                        "Ql": 0.0001148353431768003,
                        "Qe": 0.08533021784325304,
                        "A": 0.19171199281763987,
                        "theta": -0.8879977694833892,
                        "phi_v": 0.2257481803718964,
                        "phi_0": -0.22607295862024987,
                        "alpha": -0.554041315364667
                    },
                    "value": 6008011430.285963
                },
                "Ql": {
                    "name": "Ql",
                    "user_data": null,
                    "init_value": 2706.988259497293,
                    "min": 60.08118090452262,
                    "max": 119561.55000120864,
                    "brute_step": null,
                    "stderr": 13.341656716984579,
                    "correl": {
                        "fr": 0.0001148353431768003,
                        "Qe": 0.8880228577811965,
                        "A": -0.6588030439255523,
                        "theta": 0.08515174104645146,
                        "phi_v": 0.5552509997609028,
                        "phi_0": -0.5551814716221682,
                        "alpha": 0.22844957957212106
                    },
                    "value": 2684.987225540355
                },
                "Qe": {
                    "name": "Qe",
                    "user_data": null,
                    "init_value": 2653.384531586455,
                    "min": 0,
                    "max": Infinity,
                    "brute_step": null,
                    "stderr": 12.920416833802001,
                    "correl": {
                        "fr": 0.08533021784325304,
                        "Ql": 0.8880228577811965,
                        "A": -0.5915332488480187,
                        "theta": -5.9100489746896534e-05,
                        "phi_v": 0.6954457072877894,
                        "phi_0": -0.6953978741676377,
                        "alpha": 0.14136572431756483
                    },
                    "value": 3106.0190408378576
                },
                "A": {
                    "name": "A",
                    "user_data": null,
                    "init_value": 0.004547290794479996,
                    "min": 0,
                    "max": Infinity,
                    "brute_step": null,
                    "stderr": 8.217262104785752e-06,
                    "correl": {
                        "fr": 0.19171199281763987,
                        "Ql": -0.6588030439255523,
                        "Qe": -0.5915332488480187,
                        "theta": -0.303772273833216,
                        "phi_v": -0.3389856400311275,
                        "phi_0": 0.33886907220468443,
                        "alpha": -0.5513120577797037
                    },
                    "value": 0.0056456074464448225
                },
                "theta": {
                    "name": "theta",
                    "user_data": null,
                    "init_value": 0,
                    "min": -1.5707963267948966,
                    "max": 1.5707963267948966,
                    "brute_step": null,
                    "stderr": 0.004159099551186958,
                    "correl": {
                        "fr": -0.8879977694833892,
                        "Ql": 0.08515174104645146,
                        "Qe": -5.9100489746896534e-05,
                        "A": -0.303772273833216,
                        "phi_v": -0.13799142900907005,
                        "phi_0": 0.13830656140546127,
                        "alpha": 0.6946638383822853
                    },
                    "value": 0.1688929582634502
                },
                "phi_v": {
                    "name": "phi_v",
                    "user_data": null,
                    "init_value": -1.4697628754752727e-07,
                    "min": -Infinity,
                    "max": Infinity,
                    "brute_step": null,
                    "stderr": 4.0702356359631236e-10,
                    "correl": {
                        "fr": 0.2257481803718964,
                        "Ql": 0.5552509997609028,
                        "Qe": 0.6954457072877894,
                        "A": -0.3389856400311275,
                        "theta": -0.13799142900907005,
                        "phi_0": -0.9999998740018383,
                        "alpha": 0.0047133097057085365
                    },
                    "value": -7.513154118604695e-08
                },
                "phi_0": {
                    "name": "phi_0",
                    "user_data": null,
                    "init_value": 879.944144324859,
                    "min": -Infinity,
                    "max": Infinity,
                    "brute_step": null,
                    "stderr": 2.446203534581171,
                    "correl": {
                        "fr": -0.22607295862024987,
                        "Ql": -0.5551814716221682,
                        "Qe": -0.6953978741676377,
                        "A": 0.33886907220468443,
                        "theta": 0.13830656140546127,
                        "phi_v": -0.9999998740018383,
                        "alpha": -0.004499681223904413
                    },
                    "value": 448.8197050585924
                },
                "alpha": {
                    "name": "alpha",
                    "user_data": null,
                    "init_value": 0,
                    "min": -1,
                    "max": 1,
                    "brute_step": null,
                    "stderr": 0.02773997902763938,
                    "correl": {
                        "fr": -0.554041315364667,
                        "Ql": 0.22844957957212106,
                        "Qe": 0.14136572431756483,
                        "A": -0.5513120577797037,
                        "theta": 0.6946638383822853,
                        "phi_v": 0.0047133097057085365,
                        "phi_0": -0.004499681223904413
                    },
                    "value": -0.9999999998155714
                },
                "Qi": {
                    "name": "Qi",
                    "user_data": null,
                    "init_value": -133995.91884511552,
                    "min": -Infinity,
                    "max": Infinity,
                    "brute_step": null,
                    "stderr": 296.4764694996863,
                    "correl": null,
                    "value": 18159.80143532625
                },
                "Qc": {
                    "name": "Qc",
                    "user_data": null,
                    "init_value": 2653.384531586455,