{
    "amplitude": {
        "__dtype__": "UFloat",
        "nominal_value": 609541.1959428956,
        "std_dev": 18361.550047544846
    },
    "frequency": {
        "__dtype__": "UFloat",
        "nominal_value": 9.755379912780873,
        "std_dev": 0.17326122049926437
    },
    "shift": {
        "__dtype__": "UFloat",
        "nominal_value": 1.18216080677246,
        "std_dev": 0.029420270286392224
    },
    "offset": {
        "__dtype__": "UFloat",
        "nominal_value": 5838186666.666666,
        "std_dev": 86059.41100322812
    },
    "offset_0": {
        "__dtype__": "UFloat",
        "nominal_value": 0.03983807124859086,
        "std_dev": 0.0030976878613366257
    },
    "freq_0": 5838796207.862609,
    "fit_success": true,
    "fit_msg": "Summary:\nf_0: 5.8388 GHz\noffset_0: 39.8$\\pm$3.1 mV\n",
    "fit_result": {
        "sin": {
            "success": true,
            "message": "Fit succeeded.",
            "params": {
                "amplitude": {
                    "name": "amplitude",
                    "user_data": null,
                    "init_value": 602040.5778364966,
                    "min": 0,
                    "max": Infinity,
                    "brute_step": null,
                    "stderr": 18361.550047544846,
                    "correl": {
                        "frequency": -0.22432640409423016,
                        "shift": 0.06906510433512013
                    },
                    "value": 609541.1959428956
                },
                "frequency": {
                    "name": "frequency",
                    "user_data": null,
                    "init_value": 10.053096491487338,
                    "min": 0,
                    "max": Infinity,
                    "brute_step": null,
                    "stderr": 0.17326122049926437,
                    "correl": {
                        "amplitude": -0.22432640409423016,
                        "shift": -0.21667630615345662
                    },
                    "value": 9.755379912780873
                },
                "shift": {
                    "name": "shift",
                    "user_data": null,
                    "init_value": 1.1423973285781066,
                    "min": -6.283195307179586,
                    "max": 6.283195307179586,
                    "brute_step": null,
                    "stderr": 0.029420270286392224,
                    "correl": {
                        "amplitude": 0.06906510433512013,
                        "frequency": -0.21667630615345662
                    },
                    "value": 1.18216080677246
                },
                "offset": {
                    "name": "offset",
                    "user_data": null,
                    "init_value": 5838186666.666666,
                    "min": -Infinity,
                    "max": Infinity,
                    "brute_step": null,
                    "stderr": 86059.41100322812,
                    "correl": null,
                    "value": 5838186666.666666
                }
            }
        }
    }
}