{
    "fit_success": true,
    "Qi": {
        "__dtype__": "UFloat",
        "nominal_value": 27204.441547831146,
        "std_dev": 744.233643545335
    },
    "Qe": {
        "__dtype__": "UFloat",
        "nominal_value": 3182.96331303726,
        "std_dev": 10.530420484109136
    },
    "Ql": {
        "__dtype__": "UFloat",
        "nominal_value": 2887.649084011228,
        "std_dev": 13.119200454188013
    },
    "Qc": {
        "__dtype__": "UFloat",
        "nominal_value": 3230.5609727727683,
        "std_dev": 10.847734541611343
    },
    "fr": {
        "__dtype__": "UFloat",
        "nominal_value": 6008023561.804445,
        "std_dev": 4726.090457353707
    },
    "fit_msg": "Summary\n$Q_I$: 27.20$\\pm$0.74 k\n$Q_C$: 3.231$\\pm$0.011 k\n$f_{res}$: 6.0080236$\\pm$4.7e-06 GHz",
    "fit_result": {
        "hanger_func_complex_SI": {
            "success": true,
            "message": "Fit succeeded.",
            "params": {
                "fr": {
                    "name": "fr",
                    "user_data": null,
                    "init_value": 6008216080.40201,
                    "min": 5985000000.0,
                    "max": 6015000000.0,
                    "brute_step": null,
                    "stderr": 4726.090457353707,
                    "correl": {
                        "Ql": 6.33710115745225e-05,
                        "Qe": 0.003995548957526242,
                        "A": 0.02757619258318361,
                        "theta": -0.7888945350886702,
                        "phi_v": -0.3410583779254156,
                        "phi_0": 0.34064850263441065,
                        "alpha": 0.1652936663645665
                    },
                    "value": 6008023561.804445
                },
                "Ql": {
                    "name": "Ql",
                    "user_data": null,
                    "init_value": 902.3441364535138,
                    "min": 20.02738693467337,
                    "max": 39854.500000150765,
                    "brute_step": null,
                    "stderr": 13.119200454188013,
                    "correl": {
                        "fr": 6.33710115745225e-05,
                        "Qe": 0.7889174252571916,
                        "A": -0.44493210998007016,
                        "theta": 0.003964417667018459,
                        "phi_v": 0.16434816050440595,
                        "phi_0": -0.16466679632440492,
                        "alpha": 0.34036195737002556
                    },
                    "value": 2887.649084011228
                },
                "Qe": {
                    "name": "Qe",
                    "user_data": null,
                    "init_value": 884.475935731662,
                    "min": 0,
                    "max": Infinity,
                    "brute_step": null,
                    "stderr": 10.530420484109136,
                    "correl": {
                        "fr": 0.003995548957526242,
                        "Ql": 0.7889174252571916,
                        "A": -0.3778846522996386,
                        "theta": 3.1170738963968285e-05,
                        "phi_v": 0.21935533006647237,
                        "phi_0": -0.21976841587192242,
                        "alpha": 0.3055208183355272
                    },
                    "value": 3182.96331303726
                },
                "A": {
                    "name": "A",
                    "user_data": null,
                    "init_value": 0.010142812559620386,
                    "min": 0,
                    "max": Infinity,
                    "brute_step": null,
                    "stderr": 1.0438122967307507e-05,
                    "correl": {
                        "fr": 0.02757619258318361,
                        "Ql": -0.44493210998007016,
                        "Qe": -0.3778846522996386,
                        "theta": -0.03192482459868879,
                        "phi_v": -0.08384753928259543,
                        "phi_0": 0.08399074525319038,
                        "alpha": -0.7389298939039203
                    },
                    "value": 0.01076916093490854
                },
                "theta": {
                    "name": "theta",
                    "user_data": null,
                    "init_value": 0,
                    "min": -1.5707963267948966,
                    "max": 1.5707963267948966,
                    "brute_step": null,
                    "stderr": 0.00330796260350407,
                    "correl": {
                        "fr": -0.7888945350886702,
                        "Ql": 0.003964417667018459,
                        "Qe": 3.1170738963968285e-05,
                        "A": -0.03192482459868879,
                        "phi_v": 0.30649601804999677,
                        "phi_0": -0.30617321995051655,
                        "alpha": -0.21997443638709327
                    },
                    "value": 0.1718713539414305
                },
                "phi_v": {
                    "name": "phi_v",
                    "user_data": null,
                    "init_value": -9.639522754452626e-08,
                    "min": -Infinity,
                    "max": Infinity,
                    "brute_step": null,
                    "stderr": 7.642282442118334e-11,
                    "correl": {
                        "fr": -0.3410583779254156,
                        "Ql": 0.16434816050440595,
                        "Qe": 0.21935533006647237,
                        "A": -0.08384753928259543,
                        "theta": 0.30649601804999677,
                        "phi_0": -0.9999989842111903,
                        "alpha": -0.004013999203074808
                    },
                    "value": -7.000679520425377e-08
                },
                "phi_0": {
                    "name": "phi_0",
                    "user_data": null,
                    "init_value": 576.0688863596268,
                    "min": -Infinity,
                    "max": Infinity,
                    "brute_step": null,
                    "stderr": 0.4584341665495489,
                    "correl": {
                        "fr": 0.34064850263441065,
                        "Ql": -0.16466679632440492,
                        "Qe": -0.21976841587192242,
                        "A": 0.08399074525319038,
                        "theta": -0.30617321995051655,
                        "phi_v": -0.9999989842111903,
                        "alpha": 0.00382242193278263
                    },
                    "value": 418.1764436872103
                },
                "alpha": {
                    "name": "alpha",
                    "user_data": null,
                    "init_value": 0,
                    "min": -1,
                    "max": 1,
                    "brute_step": null,
                    "stderr": 1.9166766604703234,
                    "correl": {
                        "fr": 0.1652936663645665,
                        "Ql": 0.34036195737002556,
                        "Qe": 0.3055208183355272,
                        "A": -0.7389298939039203,
                        "theta": -0.21997443638709327,
                        "phi_v": -0.004013999203074808,
                        "phi_0": 0.00382242193278263
                    },
                    "value": 0.9999904404449631
                },
                "Qi": {
                    "name": "Qi",
                    "user_data": null,
                    "init_value": -44666.03475444915,
                    "min": -Infinity,
                    "max": Infinity,
                    "brute_step": null,
                    "stderr": 744.233643545335,
                    "correl": null,
                    "value": 27204.441547831146
                },
                "Qc": {
                    "name": "Qc",
                    "user_data": null,
                    "init_value": 884.475935731662,