{
    "fit_success": true,
    "Qi": {
        "__dtype__": "UFloat",
        "nominal_value": 46687.4971637474,
        "std_dev": 4805.675486442179
    },
    "Qe": {
        "__dtype__": "UFloat",
        "nominal_value": 5104.900910181156,
        "std_dev": 71.05027295260408
    },
    "Ql": {
        "__dtype__": "UFloat",
        "nominal_value": 4730.026466349166,
        "std_dev": 83.58938255686844
    },
    "Qc": {
        "__dtype__": "UFloat",
        "nominal_value": 5263.26047689573,
        "std_dev": 75.52245515518253
    },
    "fr": {
        "__dtype__": "UFloat",
        "nominal_value": 5913292777.184609,
        "std_dev": 11046.94808931744
    },
    "fit_msg": "Summary\n$Q_I$: 46.7$\\pm$4.8 k\n$Q_C$: 5.263$\\pm$0.076 k\n$f_{res}$: 5.913293$\\pm$1.1e-05 GHz",
    "fit_result": {
        "hanger_func_complex_SI": {
            "success": true,
            "message": "Fit succeeded.",
            "params": {
                "fr": {
                    "name": "fr",
                    "user_data": null,
                    "init_value": 5913472864.321608,
                    "min": 5908900000.0,
                    "max": 5918900000.0,
                    "brute_step": null,
                    "stderr": 11046.94808931744,
                    "correl": {
                        "Ql": 0.0002245456645321089,
                        "Qe": 0.04615323851390878,
                        "A": 0.15394588307865192,
                        "theta": -0.8251241280063815,
                        "phi_v": -0.016230938045807726,
                        "phi_0": 0.01599816948047593,
                        "alpha": 0.4619796077167763
                    },
                    "value": 5913292777.184609
                },
                "Ql": {
                    "name": "Ql",
                    "user_data": null,
                    "init_value": 2664.3453699774795,
                    "min": 59.13472864321608,
                    "max": 117678.11000118959,
                    "brute_step": null,
                    "stderr": 83.58938255686844,
                    "correl": {
                        "fr": 0.0002245456645321089,
                        "Qe": 0.8251144259020877,
                        "A": -0.45560863071202784,
                        "theta": 0.04568000891729012,
                        "phi_v": 0.4618949856866428,
                        "phi_0": -0.4619238973727705,
                        "alpha": 0.014914276252477156
                    },
                    "value": 4730.026466349166
                },
                "Qe": {
                    "name": "Qe",
                    "user_data": null,
                    "init_value": 2611.5860557205,
                    "min": 0,
                    "max": Infinity,
                    "brute_step": null,
                    "stderr": 71.05027295260408,
                    "correl": {
                        "fr": 0.04615323851390878,
                        "Ql": 0.8251144259020877,
                        "A": -0.3722476801392922,
                        "theta": -0.00024225778927274296,
                        "phi_v": 0.5906496190359062,
                        "phi_0": -0.5906985293094672,
                        "alpha": 0.08250418880976652
                    },
                    "value": 5104.900910181156
                },
                "A": {
                    "name": "A",
                    "user_data": null,
                    "init_value": 0.5355291488742026,
                    "min": 0,
                    "max": Infinity,
                    "brute_step": null,
                    "stderr": 0.0021247725578881003,
                    "correl": {
                        "fr": 0.15394588307865192,
                        "Ql": -0.45560863071202784,
                        "Qe": -0.3722476801392922,
                        "theta": -0.21957441359683086,
                        "phi_v": -0.21097923323208392,
                        "phi_0": 0.21095567948075608,
                        "alpha": 0.20893186561455207
                    },
                    "value": 0.5988189576046605
                },
                "theta": {
                    "name": "theta",
                    "user_data": null,
                    "init_value": 0,
                    "min": -1.5707963267948966,
                    "max": 1.5707963267948966,
                    "brute_step": null,
                    "stderr": 0.013918103383749157,
                    "correl": {
                        "fr": -0.8251241280063815,
                        "Ql": 0.04568000891729012,
                        "Qe": -0.00024225778927274296,
                        "A": -0.21957441359683086,
                        "phi_v": 0.0842796753051393,
                        "phi_0": -0.08407963133831788,
                        "alpha": -0.590965949855493
                    },
                    "value": 0.2459261362093661
                },
                "phi_v": {
                    "name": "phi_v",
                    "user_data": null,
                    "init_value": -1.4301584399820742e-07,
                    "min": -Infinity,
                    "max": Infinity,
                    "brute_step": null,
                    "stderr": 1.211825612091556e-09,
                    "correl": {
                        "fr": -0.016230938045807726,
                        "Ql": 0.4618949856866428,
                        "Qe": 0.5906496190359062,
                        "A": -0.21097923323208392,
                        "theta": 0.0842796753051393,
                        "phi_0": -0.9999998814299418,
                        "alpha": -0.0034691965866709864
                    },
                    "value": -6.06436967039032e-08
                },
                "phi_0": {
                    "name": "phi_0",
                    "user_data": null,
                    "init_value": 842.8281342939996,
                    "min": -Infinity,
                    "max": Infinity,
                    "brute_step": null,
                    "stderr": 7.166621982373052,
                    "correl": {
                        "fr": 0.01599816948047593,
                        "Ql": -0.4619238973727705,
                        "Qe": -0.5906985293094672,
                        "A": 0.21095567948075608,
                        "theta": -0.08407963133831788,
                        "phi_v": -0.9999998814299418,
                        "alpha": 0.0033527786332469864
                    },
                    "value": 356.18053521808446
                },
                "alpha": {
                    "name": "alpha",
                    "user_data": null,
                    "init_value": 0,
                    "min": -1,
                    "max": 1,
                    "brute_step": null,
                    "stderr": 8.910316414962379,
                    "correl": {
                        "fr": 0.4619796077167763,
                        "Ql": 0.014914276252477156,
                        "Qe": 0.08250418880976652,
                        "A": 0.20893186561455207,
                        "theta": -0.590965949855493,
                        "phi_v": -0.0034691965866709864,
                        "phi_0": 0.0033527786332469864
                    },
                    "value": 0.9999082605034113
                },
                "Qi": {
                    "name": "Qi",
                    "user_data": null,
                    "init_value": -131885.0958138866,
                    "min": -Infinity,
                    "max": Infinity,
                    "brute_step": null,
                    "stderr": 4805.675486442179,
                    "correl": null,
                    "value": 46687.4971637474
                },
                "Qc": {
                    "name": "Qc",
                    "user_data": null,
                    "init_value": 2611.5860557205,