{
    "amplitude": {
        "__dtype__": "UFloat",
        "nominal_value": 508306.9849145144,
        "std_dev": 43873.03686680627
    },
    "frequency": {
        "__dtype__": "UFloat",
        "nominal_value": 10.570021934545483,
        "std_dev": 0.39944312267710735
    },
    "shift": {
        "__dtype__": "UFloat",
        "nominal_value": 2.008097107281012,
        "std_dev": 0.09113897854749059
    },
    "offset": {
        "__dtype__": "UFloat",
        "nominal_value": 5721939310.344828,
        "std_dev": 65701.73660280512
    },
    "offset_0": {
        "__dtype__": "UFloat",
        "nominal_value": -0.041371794987189826,
        "std_dev": 0.008763000978797824
    },
    "freq_0": 5722447617.329742,
    "fit_success": true,
    "fit_msg": "Summary:\nf_0: 5.7224 GHz\noffset_0: -41.4$\\pm$8.8 mV\n",
    "fit_result": {
        "sin": {
            "success": true,
            "message": "Fit succeeded.",
            "params": {
                "amplitude": {
                    "name": "amplitude",
                    "user_data": null,
                    "init_value": 468603.6413285707,
                    "min": 0,
                    "max": Infinity,
                    "brute_step": null,
                    "stderr": 43873.03686680627,
                    "correl": {
                        "frequency": 0.10080596037494452,
                        "shift": 0.047033152182256115
                    },
                    "value": 508306.9849145144
                },
                "frequency": {
                    "name": "frequency",
                    "user_data": null,
                    "init_value": 7.6576320931251205,
                    "min": 0,
                    "max": Infinity,
                    "brute_step": null,
                    "stderr": 0.39944312267710735,
                    "correl": {
                        "amplitude": 0.10080596037494452,
                        "shift": -0.13034622230281792
                    },
                    "value": 10.570021934545483
                },
                "shift": {
                    "name": "shift",
                    "user_data": null,
                    "init_value": 1.7135959928671598,
                    "min": -6.283195307179586,
                    "max": 6.283195307179586,
                    "brute_step": null,
                    "stderr": 0.09113897854749059,
                    "correl": {
                        "amplitude": 0.047033152182256115,
                        "frequency": -0.13034622230281792
                    },
                    "value": 2.008097107281012
                },
                "offset": {
                    "name": "offset",
                    "user_data": null,
                    "init_value": 5721939310.344828,
                    "min": -Infinity,
                    "max": Infinity,
                    "brute_step": null,
                    "stderr": 65701.73660280512,
                    "correl": null,
                    "value": 5721939310.344828
                }
            }
        }
    }
}