{
    "amplitude": {
        "__dtype__": "UFloat",
        "nominal_value": 369880.55982044974,
        "std_dev": 15473.57987748894
    },
    "frequency": {
        "__dtype__": "UFloat",
        "nominal_value": 8.472369348597649,
        "std_dev": 0.20663887351883548
    },
    "shift": {
        "__dtype__": "UFloat",
        "nominal_value": 2.0342360163899347,
        "std_dev": 0.04444016316125867
    },
    "offset": {
        "__dtype__": "UFloat",
        "nominal_value": 6013722758.620689,
        "std_dev": 43783.05613767391
    },
    "offset_0": {
        "__dtype__": "UFloat",
        "nominal_value": -0.05470012820814368,
        "std_dev": 0.005412310771696455
    },
    "freq_0": 6014092639.18051,
    "fit_success": true,
    "fit_msg": "Summary:\nf_0: 6.0141 GHz\noffset_0: -54.7$\\pm$5.4 mV\n",
    "fit_result": {
        "sin": {
            "success": true,
            "message": "Fit succeeded.",
            "params": {
                "amplitude": {
                    "name": "amplitude",
                    "user_data": null,
                    "init_value": 375656.6393610928,
                    "min": 0,
                    "max": Infinity,
                    "brute_step": null,
                    "stderr": 15473.57987748894,
                    "correl": {
                        "frequency": -0.10505314586444224,
                        "shift": 0.054247039268634084
                    },
                    "value": 369880.55982044974
                },
                "frequency": {
                    "name": "frequency",
                    "user_data": null,
                    "init_value": 7.6576320931251205,
                    "min": 0,
                    "max": Infinity,
                    "brute_step": null,
                    "stderr": 0.20663887351883548,
                    "correl": {
                        "amplitude": -0.10505314586444224,
                        "shift": 0.15487269957482677
                    },
                    "value": 8.472369348597649
                },
                "shift": {
                    "name": "shift",
                    "user_data": null,
                    "init_value": 1.7135959928671598,
                    "min": -6.283195307179586,
                    "max": 6.283195307179586,
                    "brute_step": null,
                    "stderr": 0.04444016316125867,
                    "correl": {
                        "amplitude": 0.054247039268634084,
                        "frequency": 0.15487269957482677
                    },
                    "value": 2.0342360163899347
                },
                "offset": {
                    "name": "offset",
                    "user_data": null,
                    "init_value": 6013722758.620689,
                    "min": -Infinity,
                    "max": Infinity,
                    "brute_step": null,
                    "stderr": 43783.05613767391,
                    "correl": null,
                    "value": 6013722758.620689
                }
            }
        }
    }
}