{
    "T2*": {
        "__dtype__": "UFloat",
        "nominal_value": 1.5820017558176858e-05,
        "std_dev": 2.3469757516058515e-05
    },
    "fitted_detuning": {
        "__dtype__": "UFloat",
        "nominal_value": 5835981.903771179,
        "std_dev": 14741.37141192312
    },
    "detuning": {
        "__dtype__": "UFloat",
        "nominal_value": 5835981.903771179,
        "std_dev": 14741.37141192312
    },
    "fit_success": true,
    "fit_msg": "Summary\n$T_2^*$: 16$\\pm$23 \u03bcs\n\nartificial detuning: 0 Hz\nfitted detuning: 5.836$\\pm$0.015 MHz\nactual detuning: 5.836$\\pm$0.015 MHz\n",
    "fit_result": {
        "Ramsey_decay": {
            "success": true,
            "message": "Fit succeeded.",
            "params": {
                "tau": {
                    "name": "tau",
                    "user_data": null,
                    "init_value": 1.328e-06,
                    "min": 0,
                    "max": Infinity,
                    "brute_step": null,
                    "stderr": 2.3469757516058515e-05,
                    "correl": {
                        "frequency": 0.03771956807368994,
                        "phase": -0.031220995578394632,
                        "amplitude": -0.8598772349585296,
                        "offset": 0.01956655164030726
                    },
                    "value": 1.5820017558176858e-05
                },
                "n_factor": {
                    "name": "n_factor",
                    "user_data": null,
                    "init_value": 1,
                    "min": -Infinity,
                    "max": Infinity,
                    "brute_step": null,
                    "stderr": 0.0,
                    "correl": null,
                    "value": 1
                },
                "frequency": {
                    "name": "frequency",
                    "user_data": null,
                    "init_value": 6000000.0,
                    "min": 0,
                    "max": Infinity,
                    "brute_step": null,
                    "stderr": 14741.37141192312,
                    "correl": {
                        "tau": 0.03771956807368994,
                        "phase": -0.8550621230013378,
                        "amplitude": -0.03188582558589047,
                        "offset": -0.028970331829503308
                    },
                    "value": 5835981.903771179
                },
                "phase": {
                    "name": "phase",
                    "user_data": null,
                    "init_value": -45.43999614152277,
                    "min": -Infinity,
                    "max": Infinity,
                    "brute_step": null,
                    "stderr": 0.10326897213112267,
                    "correl": {
                        "tau": -0.031220995578394632,
                        "frequency": -0.8550621230013378,
                        "amplitude": 0.029864610118589475,
                        "offset": 0.03589282653093447
                    },
                    "value": -43.65926026571981
                },
                "amplitude": {
                    "name": "amplitude",
                    "user_data": null,
                    "init_value": 0.0002016399590207338,
                    "min": 0,
                    "max": Infinity,
                    "brute_step": null,
                    "stderr": 1.5878714147391928e-05,
                    "correl": {
                        "tau": -0.8598772349585296,
                        "frequency": -0.03188582558589047,
                        "phase": 0.029864610118589475,
                        "offset": -0.003162627342312475
                    },
                    "value": 0.0001506404580031706
                },
                "offset": {
                    "name": "offset",
                    "user_data": null,
                    "init_value": 0.001032545961398906,
                    "min": -Infinity,
                    "max": Infinity,
                    "brute_step": null,
                    "stderr": 5.378561755308538e-06,
                    "correl": {
                        "tau": 0.01956655164030726,
                        "frequency": -0.028970331829503308,
                        "phase": 0.03589282653093447,
                        "amplitude": -0.003162627342312475
                    },
                    "value": 0.0010351964217123137
                }
            }
        }
    }
}