{
    "fit_success": true,
    "Qi": {
        "__dtype__": "UFloat",
        "nominal_value": 36172.24487748032,
        "std_dev": 1287.8293734787937
    },
    "Qe": {
        "__dtype__": "UFloat",
        "nominal_value": 3308.757225496924,
        "std_dev": 12.656513892024758
    },
    "Ql": {
        "__dtype__": "UFloat",
        "nominal_value": 3039.041260011784,
        "std_dev": 15.112914886386298
    },
    "Qc": {
        "__dtype__": "UFloat",
        "nominal_value": 3317.787978460244,
        "std_dev": 12.725685250850603
    },
    "fr": {
        "__dtype__": "UFloat",
        "nominal_value": 6013162809.572911,
        "std_dev": 4919.934731816748
    },
    "fit_msg": "Summary\n$Q_I$: 36.2$\\pm$1.3 k\n$Q_C$: 3.318$\\pm$0.013 k\n$f_{res}$: 6.0131628$\\pm$4.9e-06 GHz",
    "fit_result": {
        "hanger_func_complex_SI": {
            "success": true,
            "message": "Fit succeeded.",
            "params": {
                "fr": {
                    "name": "fr",
                    "user_data": null,
                    "init_value": 6013111758.79397,
                    "min": 6002760000.0,
                    "max": 6022760000.0,
                    "brute_step": null,
                    "stderr": 4919.934731816748,
                    "correl": {
                        "Ql": 4.820387703543257e-06,
                        "Qe": -0.011565436722876195,
                        "A": -0.04692862013582581,
                        "theta": -0.8062667840773194,
                        "phi_v": 0.0016069023391124685,
                        "phi_0": -0.002009143014671657,
                        "alpha": -0.4149008459153471
                    },
                    "value": 6013162809.572911
                },
                "Ql": {
                    "name": "Ql",
                    "user_data": null,
                    "init_value": 1354.6190911169224,
                    "min": 30.06555879396985,
                    "max": 59830.46200003709,
                    "brute_step": null,
                    "stderr": 15.112914886386298,
                    "correl": {
                        "fr": 4.820387703543257e-06,
                        "Qe": 0.8062576785626189,
                        "A": -0.41598364869409893,
                        "theta": -0.01155975009750237,
                        "phi_v": 0.41490124372714976,
                        "phi_0": -0.41488707848317635,
                        "alpha": 0.00479161469043131
                    },
                    "value": 3039.041260011784
                },
                "Qe": {
                    "name": "Qe",
                    "user_data": null,
                    "init_value": 1327.7949506987657,
                    "min": 0,
                    "max": Infinity,
                    "brute_step": null,
                    "stderr": 12.656513892024758,
                    "correl": {
                        "fr": -0.011565436722876195,
                        "Ql": 0.8062576785626189,
                        "A": -0.3505476712976153,
                        "theta": 1.2617718071184275e-05,
                        "phi_v": 0.5431748703995185,
                        "phi_0": -0.5431510990480397,
                        "alpha": 0.024557997409340542
                    },
                    "value": 3308.757225496924
                },
                "A": {
                    "name": "A",
                    "user_data": null,
                    "init_value": 0.2821087861366013,
                    "min": 0,
                    "max": Infinity,
                    "brute_step": null,
                    "stderr": 0.00026997263295209676,
                    "correl": {
                        "fr": -0.04692862013582581,
                        "Ql": -0.41598364869409893,
                        "Qe": -0.3505476712976153,
                        "theta": 0.06558143226340116,
                        "phi_v": -0.17363469285775374,
                        "phi_0": 0.17365105487025922,
                        "alpha": 0.07199150477933354
                    },
                    "value": 0.3105767685796146
                },
                "theta": {
                    "name": "theta",
                    "user_data": null,
                    "init_value": 0,
                    "min": -1.5707963267948966,
                    "max": 1.5707963267948966,
                    "brute_step": null,
                    "stderr": 0.003825199699066323,
                    "correl": {
                        "fr": -0.8062667840773194,
                        "Ql": -0.01155975009750237,
                        "Qe": 1.2617718071184275e-05,
                        "A": 0.06558143226340116,
                        "phi_v": -0.020561849802615377,
                        "phi_0": 0.020904649195226895,
                        "alpha": 0.5430348793152842
                    },
                    "value": -0.07379912678369416
                },
                "phi_v": {
                    "name": "phi_v",
                    "user_data": null,
                    "init_value": -1.453231883146947e-07,
                    "min": -Infinity,
                    "max": Infinity,
                    "brute_step": null,
                    "stderr": 1.5157607645985384e-10,
                    "correl": {
                        "fr": 0.0016069023391124685,
                        "Ql": 0.41490124372714976,
                        "Qe": 0.5431748703995185,
                        "A": -0.17363469285775374,
                        "theta": -0.020561849802615377,
                        "phi_0": -0.9999995454011473,
                        "alpha": 0.0068912556012933465
                    },
                    "value": -1.116530427424584e-07
                },
                "phi_0": {
                    "name": "phi_0",
                    "user_data": null,
                    "init_value": 870.9060377682193,
                    "min": -Infinity,
                    "max": Infinity,
                    "brute_step": null,
                    "stderr": 0.9113881424381745,
                    "correl": {
                        "fr": -0.002009143014671657,
                        "Ql": -0.41488707848317635,
                        "Qe": -0.5431510990480397,
                        "A": 0.17365105487025922,
                        "theta": 0.020904649195226895,
                        "phi_v": -0.9999995454011473,
                        "alpha": -0.00671288575003195
                    },
                    "value": 668.8884599468678
                },
                "alpha": {
                    "name": "alpha",
                    "user_data": null,
                    "init_value": 0,
                    "min": -1,
                    "max": 1,
                    "brute_step": null,
                    "stderr": 0.7978204714376578,
                    "correl": {
                        "fr": -0.4149008459153471,
                        "Ql": 0.00479161469043131,
                        "Qe": 0.024557997409340542,
                        "A": 0.07199150477933354,
                        "theta": 0.5430348793152842,
                        "phi_v": 0.0068912556012933465,
                        "phi_0": -0.00671288575003195
                    },
                    "value": -0.9999587058467494
                },
                "Qi": {
                    "name": "Qi",
                    "user_data": null,
                    "init_value": -67053.64501028821,
                    "min": -Infinity,
                    "max": Infinity,
                    "brute_step": null,
                    "stderr": 1287.8293734787937,
                    "correl": null,
                    "value": 36172.24487748032
                },
                "Qc": {
                    "name": "Qc",
                    "user_data": null,