{
    "amplitude": {
        "__dtype__": "UFloat",
        "nominal_value": 14993.39315177581,
        "std_dev": 4297.824794731815
    },
    "frequency": {
        "__dtype__": "UFloat",
        "nominal_value": 7.872063320774904,
        "std_dev": 1.3838980973442718
    },
    "shift": {
        "__dtype__": "UFloat",
        "nominal_value": 4.859415076396592,
        "std_dev": 0.2839480748789401
    },
    "offset": {
        "__dtype__": "UFloat",
        "nominal_value": 5835086301.283422,
        "std_dev": 3314.65236987536
    },
    "offset_0": {
        "__dtype__": "UFloat",
        "nominal_value": -0.41775816778846403,
        "std_dev": 0.08182113308656135
    },
    "freq_0": 5835101294.676575,
    "fit_success": true,
    "fit_msg": "Summary:\nf_0: 5.8351 GHz\noffset_0: -418$\\pm$82 mV\n",
    "fit_result": {
        "sin": {
            "success": true,
            "message": "Fit succeeded.",
            "params": {
                "amplitude": {
                    "name": "amplitude",
                    "user_data": null,
                    "init_value": 15178.793583769104,
                    "min": 0,
                    "max": Infinity,
                    "brute_step": null,
                    "stderr": 4297.824794731815,
                    "correl": {
                        "frequency": -0.27454406851540253,
                        "shift": -0.016171659022214634
                    },
                    "value": 14993.39315177581
                },
                "frequency": {
                    "name": "frequency",
                    "user_data": null,
                    "init_value": 7.6576320931251205,
                    "min": 0,
                    "max": Infinity,
                    "brute_step": null,
                    "stderr": 1.3838980973442718,
                    "correl": {
                        "amplitude": -0.27454406851540253,
                        "shift": 0.08643603696749419
                    },
                    "value": 7.872063320774904
                },
                "shift": {
                    "name": "shift",
                    "user_data": null,
                    "init_value": 4.569589314312426,
                    "min": -6.283195307179586,
                    "max": 6.283195307179586,
                    "brute_step": null,
                    "stderr": 0.2839480748789401,
                    "correl": {
                        "amplitude": -0.016171659022214634,
                        "frequency": 0.08643603696749419
                    },
                    "value": 4.859415076396592
                },
                "offset": {
                    "name": "offset",
                    "user_data": null,
                    "init_value": 5835086301.283422,
                    "min": -Infinity,
                    "max": Infinity,
                    "brute_step": null,
                    "stderr": 3314.65236987536,
                    "correl": null,
                    "value": 5835086301.283422
                }
            }
        }
    }
}