{
    "a": {
        "__dtype__": "UFloat",
        "nominal_value": -56266352029.34659,
        "std_dev": 8645835565.9879
    },
    "b": {
        "__dtype__": "UFloat",
        "nominal_value": -2826295051.6516137,
        "std_dev": 562665204.8341327
    },
    "c": {
        "__dtype__": "UFloat",
        "nominal_value": 4205818594.716184,
        "std_dev": 14118799.900416905
    },
    "fit_success": true,
    "offset_0": {
        "__dtype__": "UFloat",
        "nominal_value": -0.025115321588446995,
        "std_dev": 0.006316134235778473
    },
    "freq_0": {
        "__dtype__": "UFloat",
        "nominal_value": 4241310249.2792177,
        "std_dev": 20707057.09580209
    },
    "fit_msg": "Summary:\noffset_0: -25.1$\\pm$6.3 mV\nfreq_0: 4.241$\\pm$0.021 GHz\n",
    "fit_result": {
        "poly2": {
            "success": true,
            "message": "Fit succeeded.",
            "params": {
                "a": {
                    "name": "a",
                    "user_data": null,
                    "init_value": -56266352029.34659,
                    "min": -Infinity,
                    "max": Infinity,
                    "brute_step": null,
                    "stderr": 8645835565.9879,
                    "correl": {
                        "b": 0.8645424098631077,
                        "c": -0.35976621812411996
                    },
                    "value": -56266352029.34659
                },
                "b": {
                    "name": "b",
                    "user_data": null,
                    "init_value": -2826295051.6516137,
                    "min": -Infinity,
                    "max": Infinity,
                    "brute_step": null,
                    "stderr": 562665204.8341327,
                    "correl": {
                        "a": 0.8645424098631077,
                        "c": -0.027876166742494796
                    },
                    "value": -2826295051.6516137
                },
                "c": {
                    "name": "c",
                    "user_data": null,
                    "init_value": 4205818594.716184,
                    "min": -Infinity,
                    "max": Infinity,
                    "brute_step": null,
                    "stderr": 14118799.900416905,
                    "correl": {
                        "a": -0.35976621812411996,
                        "b": -0.027876166742494796
                    },
                    "value": 4205818594.716184
                }
            }
        }
    }
}