{
    "fit_success": true,
    "frequency_01": {
        "__dtype__": "UFloat",
        "nominal_value": 4112172294.945038,
        "std_dev": 859147.9211286345
    },
    "fit_msg": "Summary\nFrequency 0-1: 4.11217$\\pm$0.00086 GHz\nPeak width: 11.0$\\pm$2.3 MHz\n",
    "fit_result": {
        "Lorentzian_peak": {
            "success": true,
            "message": "Fit succeeded.",
            "params": {
                "x0": {
                    "name": "x0",
                    "user_data": null,
                    "init_value": 4114863151.1027117,
                    "min": -Infinity,
                    "max": Infinity,
                    "brute_step": null,
                    "stderr": 859147.9211286345,
                    "correl": {
                        "width": -0.0440247443466672,
                        "a": -0.025770619715353684,
                        "c": 0.01105575289735786
                    },
                    "value": 4112172294.945038
                },
                "width": {
                    "name": "width",
                    "user_data": null,
                    "init_value": 40201512.61036511,
                    "min": -Infinity,
                    "max": Infinity,
                    "brute_step": null,
                    "stderr": 2318585.495231707,
                    "correl": {
                        "x0": -0.0440247443466672,
                        "a": 0.7427956990398119,
                        "c": -0.31045100035367773
                    },
                    "value": 11038437.493815081
                },
                "a": {
                    "name": "a",
                    "user_data": null,
                    "init_value": 41042.22165102459,
                    "min": -Infinity,
                    "max": Infinity,
                    "brute_step": null,
                    "stderr": 574.8542066350699,
                    "correl": {
                        "x0": -0.025770619715353684,
                        "width": 0.7427956990398119,
                        "c": -0.42483582363836275
                    },
                    "value": 3723.858912052321
                },
                "c": {
                    "name": "c",
                    "user_data": null,
                    "init_value": 0.0009622171669953659,
                    "min": -Infinity,
                    "max": Infinity,
                    "brute_step": null,
                    "stderr": 5.705103003027568e-06,
                    "correl": {
                        "x0": 0.01105575289735786,
                        "width": -0.31045100035367773,
                        "a": -0.42483582363836275
                    },
                    "value": 0.0009462029402940351
                }
            }
        }
    }
}