{
    "fit_success": true,
    "Qi": {
        "__dtype__": "UFloat",
        "nominal_value": 18678.56457166556,
        "std_dev": 739.970421062807
    },
    "Qe": {
        "__dtype__": "UFloat",
        "nominal_value": 2352.3743606063804,
        "std_dev": 14.983076838832037
    },
    "Ql": {
        "__dtype__": "UFloat",
        "nominal_value": 2104.010610586965,
        "std_dev": 16.77490033056449
    },
    "Qc": {
        "__dtype__": "UFloat",
        "nominal_value": 2371.0983801799184,
        "std_dev": 15.222594153364087
    },
    "fr": {
        "__dtype__": "UFloat",
        "nominal_value": 6106694879.211194,
        "std_dev": 11570.407138962097
    },
    "fit_msg": "Summary\n$Q_I$: 18.68$\\pm$0.74 k\n$Q_C$: 2.371$\\pm$0.015 k\n$f_{res}$: 6.106695$\\pm$1.2e-05 GHz",
    "fit_result": {
        "hanger_func_complex_SI": {
            "success": true,
            "message": "Fit succeeded.",
            "params": {
                "fr": {
                    "name": "fr",
                    "user_data": null,
                    "init_value": 6106847738.693467,
                    "min": 6097300000.0,
                    "max": 6117300000.0,
                    "brute_step": null,
                    "stderr": 11570.407138962097,
                    "correl": {
                        "Ql": 5.275309657996846e-06,
                        "Qe": 0.025648800503805014,
                        "A": 0.08219532428508819,
                        "theta": -0.8412469453326591,
                        "phi_v": -0.010743746635202578,
                        "phi_0": 0.010248482797904872,
                        "alpha": 0.49221789943597416
                    },
                    "value": 6106694879.211194
                },
                "Ql": {
                    "name": "Ql",
                    "user_data": null,
                    "init_value": 1375.735703112486,
                    "min": 30.534238693467337,
                    "max": 60763.13500003766,
                    "brute_step": null,
                    "stderr": 16.77490033056449,
                    "correl": {
                        "fr": 5.275309657996846e-06,
                        "Qe": 0.8412333381349687,
                        "A": -0.5115481835515886,
                        "theta": 0.025661882084022775,
                        "phi_v": 0.4921723593251091,
                        "phi_0": -0.4922038425871029,
                        "alpha": 0.008055195864820003
                    },
                    "value": 2104.010610586965
                },
                "Qe": {
                    "name": "Qe",
                    "user_data": null,
                    "init_value": 1348.4934119617435,
                    "min": 0,
                    "max": Infinity,
                    "brute_step": null,
                    "stderr": 14.983076838832037,
                    "correl": {
                        "fr": 0.025648800503805014,
                        "Ql": 0.8412333381349687,
                        "A": -0.4494688686445468,
                        "theta": 2.187341144376088e-05,
                        "phi_v": 0.6243129855698325,
                        "phi_0": -0.6243669662869262,
                        "alpha": 0.0435523090685115
                    },
                    "value": 2352.3743606063804
                },
                "A": {
                    "name": "A",
                    "user_data": null,
                    "init_value": 0.005648407574723011,
                    "min": 0,
                    "max": Infinity,
                    "brute_step": null,
                    "stderr": 1.0640884390264133e-05,
                    "correl": {
                        "fr": 0.08219532428508819,
                        "Ql": -0.5115481835515886,
                        "Qe": -0.4494688686445468,
                        "theta": -0.11932744378138531,
                        "phi_v": -0.2599694997586465,
                        "phi_0": 0.2599444991104067,
                        "alpha": 0.1042763028822646
                    },
                    "value": 0.006492309131076013
                },
                "theta": {
                    "name": "theta",
                    "user_data": null,
                    "init_value": 0,
                    "min": -1.5707963267948966,
                    "max": 1.5707963267948966,
                    "brute_step": null,
                    "stderr": 0.0063695340854598125,
                    "correl": {
                        "fr": -0.8412469453326591,
                        "Ql": 0.025661882084022775,
                        "Qe": 2.187341144376088e-05,
                        "A": -0.11932744378138531,
                        "phi_v": 0.04679547167046766,
                        "phi_0": -0.046353316711074725,
                        "alpha": -0.6245306546931219
                    },
                    "value": 0.12575520295277354
                },
                "phi_v": {
                    "name": "phi_v",
                    "user_data": null,
                    "init_value": -1.2961991284031136e-07,
                    "min": -Infinity,
                    "max": Infinity,
                    "brute_step": null,
                    "stderr": 2.82678758676581e-10,
                    "correl": {
                        "fr": -0.010743746635202578,
                        "Ql": 0.4921723593251091,
                        "Qe": 0.6243129855698325,
                        "A": -0.2599694997586465,
                        "theta": 0.04679547167046766,
                        "phi_0": -0.9999995496048566,
                        "alpha": -0.004725294622027256
                    },
                    "value": -7.304715242994466e-08
                },
                "phi_0": {
                    "name": "phi_0",
                    "user_data": null,
                    "init_value": 787.3350790118571,
                    "min": -Infinity,
                    "max": Infinity,
                    "brute_step": null,
                    "stderr": 1.7264021942559624,
                    "correl": {
                        "fr": 0.010248482797904872,
                        "Ql": -0.4922038425871029,
                        "Qe": -0.6243669662869262,
                        "A": 0.2599444991104067,
                        "theta": -0.046353316711074725,
                        "phi_v": -0.9999995496048566,
                        "alpha": 0.004460938783020566
                    },
                    "value": 442.5187403650534
                },
                "alpha": {
                    "name": "alpha",
                    "user_data": null,
                    "init_value": 0,
                    "min": -1,
                    "max": 1,
                    "brute_step": null,
                    "stderr": 2.164072456429249,
                    "correl": {
                        "fr": 0.49221789943597416,
                        "Ql": 0.008055195864820003,
                        "Qe": 0.0435523090685115,
                        "A": 0.1042763028822646,
                        "theta": -0.6245306546931219,
                        "phi_v": -0.004725294622027256,
                        "phi_0": 0.004460938783020566
                    },
                    "value": -0.9999769629171684
                },
                "Qi": {
                    "name": "Qi",
                    "user_data": null,
                    "init_value": -68098.91730406768,
                    "min": -Infinity,
                    "max": Infinity,
                    "brute_step": null,
                    "stderr": 739.970421062807,
                    "correl": null,
                    "value": 18678.56457166556
                },
                "Qc": {
                    "name": "Qc",
                    "user_data": null,
                    "init_value": 1348.4934119617435,