{
    "fit_success": true,
    "Qi": {
        "__dtype__": "UFloat",
        "nominal_value": 4434.236767996163,
        "std_dev": 2217.432965002335
    },
    "Qe": {
        "__dtype__": "UFloat",
        "nominal_value": 5608787.862662347,
        "std_dev": 2279414.9351464985
    },
    "Ql": {
        "__dtype__": "UFloat",
        "nominal_value": 4433.551193633274,
        "std_dev": 2216.9708799161244
    },
    "Qc": {
        "__dtype__": "UFloat",
        "nominal_value": 28675832.67374384,
        "std_dev": 59612820.830614254
    },
    "fr": {
        "__dtype__": "UFloat",
        "nominal_value": 5908003728.806287,
        "std_dev": 333148.4660395985
    },
    "fit_msg": "Summary\n$Q_I$: 4.4$\\pm$2.2 k\n$Q_C$: 29$\\pm$60 M\n$f_{res}$: 5.90800$\\pm$0.00033 GHz",
    "fit_result": {
        "hanger_func_complex_SI": {
            "success": true,
            "message": "Fit succeeded.",
            "params": {
                "fr": {
                    "name": "fr",
                    "user_data": null,
                    "init_value": 5911879899.497487,
                    "min": 5895900000.0,
                    "max": 5915900000.0,
                    "brute_step": null,
                    "stderr": 333148.4660395985,
                    "correl": {
                        "Ql": 0.00015597329163481553,
                        "Qe": -0.002633205998205119,
                        "A": -0.5420075714244639,
                        "theta": -0.7894454435334597,
                        "phi_v": 0.2977399550738897,
                        "phi_0": -0.29787989542186283,
                        "alpha": -0.18193484044368177
                    },
                    "value": 5908003728.806287
                },
                "Ql": {
                    "name": "Ql",
                    "user_data": null,
                    "init_value": 1331.8138257679575,
                    "min": 29.559399497487437,
                    "max": 58823.20500003646,
                    "brute_step": null,
                    "stderr": 2216.9708799161244,
                    "correl": {
                        "fr": 0.00015597329163481553,
                        "Qe": 0.7894516372842393,
                        "A": -0.017661495547856423,
                        "theta": -0.0029203571655900405,
                        "phi_v": 0.18178431575804627,
                        "phi_0": -0.18144474961293633,
                        "alpha": 0.297749055258833
                    },
                    "value": 4433.551193633274
                },
                "Qe": {
                    "name": "Qe",
                    "user_data": null,
                    "init_value": 1305.4412747626516,
                    "min": 0,
                    "max": Infinity,
                    "brute_step": null,
                    "stderr": 2279414.9351464985,
                    "correl": {
                        "fr": -0.002633205998205119,
                        "Ql": 0.7894516372842393,
                        "A": -0.013521621793318742,
                        "theta": -0.00012972286879725674,
                        "phi_v": 0.2447357132150127,
                        "phi_0": -0.24429253317212604,
                        "alpha": 0.4080863661343811
                    },
                    "value": 5608787.862662347
                },
                "A": {
                    "name": "A",
                    "user_data": null,
                    "init_value": 0.0044555709859014905,
                    "min": 0,
                    "max": Infinity,
                    "brute_step": null,
                    "stderr": 3.3385941322649787e-07,
                    "correl": {
                        "fr": -0.5420075714244639,
                        "Ql": -0.017661495547856423,
                        "Qe": -0.013521621793318742,
                        "theta": 0.612325816609948,
                        "phi_v": -0.24971312236065135,
                        "phi_0": 0.24981699212389913,
                        "alpha": 0.37784721572081664
                    },
                    "value": 0.0044552873315582
                },
                "theta": {
                    "name": "theta",
                    "user_data": null,
                    "init_value": 0,
                    "min": -1.5707963267948966,
                    "max": 1.5707963267948966,
                    "brute_step": null,
                    "stderr": 0.40660640573062,
                    "correl": {
                        "fr": -0.7894454435334597,
                        "Ql": -0.0029203571655900405,
                        "Qe": -0.00012972286879725674,
                        "A": 0.612325816609948,
                        "phi_v": -0.40806433976683787,
                        "phi_0": 0.4082442933877994,
                        "alpha": 0.24480081041299034
                    },
                    "value": -1.3739343858722717
                },
                "phi_v": {
                    "name": "phi_v",
                    "user_data": null,
                    "init_value": 2.179868746749516e-10,
                    "min": -Infinity,
                    "max": Infinity,
                    "brute_step": null,
                    "stderr": 1.0843398047830472e-11,
                    "correl": {
                        "fr": 0.2977399550738897,
                        "Ql": 0.18178431575804627,
                        "Qe": 0.2447357132150127,
                        "A": -0.24971312236065135,
                        "theta": -0.40806433976683787,
                        "phi_0": -0.9999995121557465,
                        "alpha": -2.6701652896285037e-05
                    },
                    "value": -4.037525446382238e-12
                },
                "phi_0": {
                    "name": "phi_0",
                    "user_data": null,
                    "init_value": -1.4618290401287377,
                    "min": -Infinity,
                    "max": Infinity,
                    "brute_step": null,
                    "stderr": 0.06403712781906433,
                    "correl": {
                        "fr": -0.29787989542186283,
                        "Ql": -0.18144474961293633,
                        "Qe": -0.24429253317212604,
                        "A": 0.24981699212389913,
                        "theta": 0.4082442933877994,
                        "phi_v": -0.9999995121557465,
                        "alpha": 0.00025236077687145717
                    },
                    "value": -0.15296399532080823
                },
                "alpha": {
                    "name": "alpha",
                    "user_data": null,
                    "init_value": 0,
                    "min": -1,
                    "max": 1,
                    "brute_step": null,
                    "stderr": 0.06407822988515394,
                    "correl": {
                        "fr": -0.18193484044368177,
                        "Ql": 0.297749055258833,
                        "Qe": 0.4080863661343811,
                        "A": 0.37784721572081664,
                        "theta": 0.24480081041299034,
                        "phi_v": -2.6701652896285037e-05,
                        "phi_0": 0.00025236077687145717
                    },
                    "value": -0.2516238402680282
                },
                "Qi": {
                    "name": "Qi",
                    "user_data": null,
                    "init_value": -65924.78437551399,
                    "min": -Infinity,
                    "max": Infinity,
                    "brute_step": null,
                    "stderr": 2217.432965002335,
                    "correl": null,
                    "value": 4434.236767996163
                },
                "Qc": {
                    "name": "Qc",
                    "user_data": null,
                    "init_value": 1305.4412747626516,