{
    "a": {
        "__dtype__": "UFloat",
        "nominal_value": -133922213803.13013,
        "std_dev": 34629452248.00202
    },
    "b": {
        "__dtype__": "UFloat",
        "nominal_value": 11584109434.409058,
        "std_dev": 1996096592.9620101
    },
    "c": {
        "__dtype__": "UFloat",
        "nominal_value": 3812568042.465868,
        "std_dev": 26123863.512202527
    },
    "fit_success": true,
    "offset_0": {
        "__dtype__": "UFloat",
        "nominal_value": 0.04324939494891439,
        "std_dev": 0.01343900815162953
    },
    "freq_0": {
        "__dtype__": "UFloat",
        "nominal_value": 4063070904.4959693,
        "std_dev": 111045428.53991877
    },
    "fit_msg": "Summary:\noffset_0: 43$\\pm$13 mV\nfreq_0: 4.06$\\pm$0.11 GHz\n",
    "fit_result": {
        "poly2": {
            "success": true,
            "message": "Fit succeeded.",
            "params": {
                "a": {
                    "name": "a",
                    "user_data": null,
                    "init_value": -133922213809.06198,
                    "min": -Infinity,
                    "max": Infinity,
                    "brute_step": null,
                    "stderr": 34629452248.00202,
                    "correl": {
                        "b": -0.9469170594164319,
                        "c": 0.5296047045197669
                    },
                    "value": -133922213803.13013
                },
                "b": {
                    "name": "b",
                    "user_data": null,
                    "init_value": 11584109434.743763,
                    "min": -Infinity,
                    "max": Infinity,
                    "brute_step": null,
                    "stderr": 1996096592.9620101,
                    "correl": {
                        "a": -0.9469170594164319,
                        "c": -0.7318179115707767
                    },
                    "value": 11584109434.409058
                },
                "c": {
                    "name": "c",
                    "user_data": null,
                    "init_value": 3812568042.4631815,
                    "min": -Infinity,
                    "max": Infinity,
                    "brute_step": null,
                    "stderr": 26123863.512202527,
                    "correl": {
                        "a": 0.5296047045197669,
                        "b": -0.7318179115707767
                    },
                    "value": 3812568042.465868
                }
            }
        }
    }
}