{
    "fit_success": true,
    "Qi": {
        "__dtype__": "UFloat",
        "nominal_value": 21723.55739167374,
        "std_dev": 1229.0335506860054
    },
    "Qe": {
        "__dtype__": "UFloat",
        "nominal_value": 3893.3419867785437,
        "std_dev": 35.8306487874103
    },
    "Ql": {
        "__dtype__": "UFloat",
        "nominal_value": 3531.481293210966,
        "std_dev": 45.23074641524387
    },
    "Qc": {
        "__dtype__": "UFloat",
        "nominal_value": 4217.019329485608,
        "std_dev": 42.0362939018419
    },
    "fr": {
        "__dtype__": "UFloat",
        "nominal_value": 5913522194.339386,
        "std_dev": 10723.686204280824
    },
    "fit_msg": "Summary\n$Q_I$: 21.7$\\pm$1.2 k\n$Q_C$: 4.217$\\pm$0.042 k\n$f_{res}$: 5.913522$\\pm$1.1e-05 GHz",
    "fit_result": {
        "hanger_func_complex_SI": {
            "success": true,
            "message": "Fit succeeded.",
            "params": {
                "fr": {
                    "name": "fr",
                    "user_data": null,
                    "init_value": 5913693467.336683,
                    "min": 5875000000.0,
                    "max": 5925000000.0,
                    "brute_step": null,
                    "stderr": 10723.686204280824,
                    "correl": {
                        "Ql": 0.00013062793744205483,
                        "Qe": 0.015641546384968917,
                        "A": 0.08024416668369075,
                        "theta": -0.7489712367540797,
                        "phi_v": -0.2602146750023775,
                        "phi_0": 0.25979985443692,
                        "alpha": 0.06689402240841465
                    },
                    "value": 5913522194.339386
                },
                "Ql": {
                    "name": "Ql",
                    "user_data": null,
                    "init_value": 532.8889527562682,
                    "min": 11.827386934673367,
                    "max": 23536.50000005926,
                    "brute_step": null,
                    "stderr": 45.23074641524387,
                    "correl": {
                        "fr": 0.00013062793744205483,
                        "Qe": 0.7489600534312792,
                        "A": -0.3050985180135298,
                        "theta": 0.015550098539832864,
                        "phi_v": 0.06639927410537559,
                        "phi_0": -0.06684520863200662,
                        "alpha": 0.25979849251094966
                    },
                    "value": 3531.481293210966
                },
                "Qe": {
                    "name": "Qe",
                    "user_data": null,
                    "init_value": 522.3366962660451,
                    "min": 0,
                    "max": Infinity,
                    "brute_step": null,
                    "stderr": 35.8306487874103,
                    "correl": {
                        "fr": 0.015641546384968917,
                        "Ql": 0.7489600534312792,
                        "A": -0.24310136257980228,
                        "theta": 2.6151068961597118e-05,
                        "phi_v": 0.08522817357317035,
                        "phi_0": -0.08583716379584025,
                        "alpha": 0.23764890476340217
                    },
                    "value": 3893.3419867785437
                },
                "A": {
                    "name": "A",
                    "user_data": null,
                    "init_value": 0.009623752999606397,
                    "min": 0,
                    "max": Infinity,
                    "brute_step": null,
                    "stderr": 1.8451536664612547e-05,
                    "correl": {
                        "fr": 0.08024416668369075,
                        "Ql": -0.3050985180135298,
                        "Qe": -0.24310136257980228,
                        "theta": -0.11368963678193497,
                        "phi_v": -0.04278963226456539,
                        "phi_0": 0.04291045721134386,
                        "alpha": -0.7165623202256138
                    },
                    "value": 0.00986181906089989
                },
                "theta": {
                    "name": "theta",
                    "user_data": null,
                    "init_value": 0,
                    "min": -1.5707963267948966,
                    "max": 1.5707963267948966,
                    "brute_step": null,
                    "stderr": 0.00920300603516028,
                    "correl": {
                        "fr": -0.7489712367540797,
                        "Ql": 0.015550098539832864,
                        "Qe": 2.6151068961597118e-05,
                        "A": -0.11368963678193497,
                        "phi_v": 0.23826031553613003,
                        "phi_0": -0.23800651657811414,
                        "alpha": -0.08539103980368569
                    },
                    "value": 0.3943539051397673
                },
                "phi_v": {
                    "name": "phi_v",
                    "user_data": null,
                    "init_value": -8.006122952687452e-08,
                    "min": -Infinity,
                    "max": Infinity,
                    "brute_step": null,
                    "stderr": 9.10037289977991e-11,
                    "correl": {
                        "fr": -0.2602146750023775,
                        "Ql": 0.06639927410537559,
                        "Qe": 0.08522817357317035,
                        "A": -0.04278963226456539,
                        "theta": 0.23826031553613003,
                        "phi_0": -0.9999970451061274,
                        "alpha": -0.0038163575473181824
                    },
                    "value": -6.739541337966247e-08
                },
                "phi_0": {
                    "name": "phi_0",
                    "user_data": null,
                    "init_value": 470.5139189423435,
                    "min": -Infinity,
                    "max": Infinity,
                    "brute_step": null,
                    "stderr": 0.5368134342482269,
                    "correl": {
                        "fr": 0.25979985443692,
                        "Ql": -0.06684520863200662,
                        "Qe": -0.08583716379584025,
                        "A": 0.04291045721134386,
                        "theta": -0.23800651657811414,
                        "phi_v": -0.9999970451061274,
                        "alpha": 0.0036517103439011322
                    },
                    "value": 396.11278237187855
                },
                "alpha": {
                    "name": "alpha",
                    "user_data": null,
                    "init_value": 0,
                    "min": -1,
                    "max": 1,
                    "brute_step": null,
                    "stderr": 0.552186299804719,
                    "correl": {
                        "fr": 0.06689402240841465,
                        "Ql": 0.25979849251094966,
                        "Qe": 0.23764890476340217,
                        "A": -0.7165623202256138,
                        "theta": -0.08539103980368569,
                        "phi_v": -0.0038163575473181824,
                        "phi_0": 0.0036517103439011322
                    },
                    "value": 0.9999972155837149
                },
                "Qi": {
                    "name": "Qi",
                    "user_data": null,
                    "init_value": -26378.00316143546,
                    "min": -Infinity,
                    "max": Infinity,
                    "brute_step": null,
                    "stderr": 1229.0335506860054,
                    "correl": null,
                    "value": 21723.55739167374
                },
                "Qc": {
                    "name": "Qc",
                    "user_data": null,
                    "init_value": 522.3366962660451,