{
    "fit_success": true,
    "Qi": {
        "__dtype__": "UFloat",
        "nominal_value": 25553.809219234077,
        "std_dev": 403.78622757057116
    },
    "Qe": {
        "__dtype__": "UFloat",
        "nominal_value": 2404.271388792135,
        "std_dev": 5.5455405410035485
    },
    "Ql": {
        "__dtype__": "UFloat",
        "nominal_value": 2919.075586383243,
        "std_dev": 7.984088605339333
    },
    "Qc": {
        "__dtype__": "UFloat",
        "nominal_value": 3295.532513919238,
        "std_dev": 10.416511319087359
    },
    "fr": {
        "__dtype__": "UFloat",
        "nominal_value": 5836434141.686419,
        "std_dev": 2734.8401527310484
    },
    "fit_msg": "Summary\n$Q_I$: 25.55$\\pm$0.40 k\n$Q_C$: 3.296$\\pm$0.010 k\n$f_{res}$: 5.8364341$\\pm$2.7e-06 GHz",
    "fit_result": {
        "hanger_func_complex_SI": {
            "success": true,
            "message": "Fit succeeded.",
            "params": {
                "fr": {
                    "name": "fr",
                    "user_data": null,
                    "init_value": 5837267587.939698,
                    "min": 5833750000.0,
                    "max": 5843750000.0,
                    "brute_step": null,
                    "stderr": 2734.8401527310484,
                    "correl": {
                        "Ql": 0.00035001535175300575,
                        "Qe": 0.2798722572553,
                        "A": 0.45352450063623223,
                        "theta": -0.8176258199135955,
                        "phi_v": 0.07917964605450654,
                        "phi_0": -0.07949164007505731,
                        "alpha": 0.5832491374026822
                    },
                    "value": 5836434141.686419
                },
                "Ql": {
                    "name": "Ql",
                    "user_data": null,
                    "init_value": 2630.010693898893,
                    "min": 58.37267587939698,
                    "max": 116161.62500117427,
                    "brute_step": null,
                    "stderr": 7.984088605339333,
                    "correl": {
                        "fr": 0.00035001535175300575,
                        "Qe": 0.8175707881401424,
                        "A": -0.5171541458936152,
                        "theta": 0.27911076639286375,
                        "phi_v": 0.5834412321306138,
                        "phi_0": -0.5834920310033386,
                        "alpha": -0.08097447830515096
                    },
                    "value": 2919.075586383243
                },
                "Qe": {
                    "name": "Qe",
                    "user_data": null,
                    "init_value": 2577.9312742177262,
                    "min": 0,
                    "max": Infinity,
                    "brute_step": null,
                    "stderr": 5.5455405410035485,
                    "correl": {
                        "fr": 0.2798722572553,
                        "Ql": 0.8175707881401424,
                        "A": -0.18317740677987257,
                        "theta": -0.0004389533337078814,
                        "phi_v": 0.6786397679214212,
                        "phi_0": -0.6787960701417757,
                        "alpha": 0.2522410911521743
                    },
                    "value": 2404.271388792135
                },
                "A": {
                    "name": "A",
                    "user_data": null,
                    "init_value": 0.06246410405867284,
                    "min": 0,
                    "max": Infinity,
                    "brute_step": null,
                    "stderr": 8.641668840638128e-05,
                    "correl": {
                        "fr": 0.45352450063623223,
                        "Ql": -0.5171541458936152,
                        "Qe": -0.18317740677987257,
                        "theta": -0.669835012570967,
                        "phi_v": -0.27239138022117515,
                        "phi_0": 0.27226943787332886,
                        "alpha": 0.6427702896087502
                    },
                    "value": 0.07656180306561322
                },
                "theta": {
                    "name": "theta",
                    "user_data": null,
                    "init_value": 0,
                    "min": -1.5707963267948966,
                    "max": 1.5707963267948966,
                    "brute_step": null,
                    "stderr": 0.002306415585734758,
                    "correl": {
                        "fr": -0.8176258199135955,
                        "Ql": 0.27911076639286375,
                        "Qe": -0.0004389533337078814,
                        "A": -0.669835012570967,
                        "phi_v": 0.2543384056779526,
                        "phi_0": -0.2541033816099197,
                        "alpha": -0.6797215128611785
                    },
                    "value": 0.7531256312273791
                },
                "phi_v": {
                    "name": "phi_v",
                    "user_data": null,
                    "init_value": -1.3067173190845167e-07,
                    "min": -Infinity,
                    "max": Infinity,
                    "brute_step": null,
                    "stderr": 2.9623970796691046e-10,
                    "correl": {
                        "fr": 0.07917964605450654,
                        "Ql": 0.5834412321306138,
                        "Qe": 0.6786397679214212,
                        "A": -0.27239138022117515,
                        "theta": 0.2543384056779526,
                        "phi_0": -0.9999998723759392,
                        "alpha": -0.0037428098573589947
                    },
                    "value": -6.754410248067059e-08
                },
                "phi_0": {
                    "name": "phi_0",
                    "user_data": null,
                    "init_value": 759.4288470064162,
                    "min": -Infinity,
                    "max": Infinity,
                    "brute_step": null,
                    "stderr": 1.7297088464793051,
                    "correl": {
                        "fr": -0.07949164007505731,
                        "Ql": -0.5834920310033386,
                        "Qe": -0.6787960701417757,
                        "A": 0.27226943787332886,
                        "theta": -0.2541033816099197,
                        "phi_v": -0.9999998723759392,
                        "alpha": 0.0035519601904141543
                    },
                    "value": 391.47095435214135
                },
                "alpha": {
                    "name": "alpha",
                    "user_data": null,
                    "init_value": 0,
                    "min": -1,
                    "max": 1,
                    "brute_step": null,
                    "stderr": 1.9512018393976907,
                    "correl": {
                        "fr": 0.5832491374026822,
                        "Ql": -0.08097447830515096,
                        "Qe": 0.2522410911521743,
                        "A": 0.6427702896087502,
                        "theta": -0.6797215128611785,
                        "phi_v": -0.0037428098573589947,
                        "phi_0": 0.0035519601904141543
                    },
                    "value": 0.9999599280751301
                },
                "Qi": {
                    "name": "Qi",
                    "user_data": null,
                    "init_value": -130185.52934799485,
                    "min": -Infinity,
                    "max": Infinity,
                    "brute_step": null,
                    "stderr": 403.78622757057116,
                    "correl": null,
                    "value": 25553.809219234077
                },
                "Qc": {
                    "name": "Qc",
                    "user_data": null,
                    "init_value": 2577.9312742177262,