{
    "fit_success": true,
    "Qi": {
        "__dtype__": "UFloat",
        "nominal_value": 2151.025524926052,
        "std_dev": 297.1606653486502
    },
    "Qe": {
        "__dtype__": "UFloat",
        "nominal_value": 1781.3205377696838,
        "std_dev": 219.2548781473385
    },
    "Ql": {
        "__dtype__": "UFloat",
        "nominal_value": 1159.4474045071142,
        "std_dev": 82.64505818926796
    },
    "Qc": {
        "__dtype__": "UFloat",
        "nominal_value": 2515.1835347580663,
        "std_dev": 437.4613702064732
    },
    "fr": {
        "__dtype__": "UFloat",
        "nominal_value": 6104999974.280061,
        "std_dev": 3565541.1995966583
    },
    "fit_msg": "Summary\n$Q_I$: 2.15$\\pm$0.30 k\n$Q_C$: 2.52$\\pm$0.44 k\n$f_{res}$: 6.1050$\\pm$0.0036 GHz",
    "fit_result": {
        "hanger_func_complex_SI": {
            "success": true,
            "message": "Fit succeeded.",
            "params": {
                "fr": {
                    "name": "fr",
                    "user_data": null,
                    "init_value": 6105000000.0,
                    "min": 6095000000.0,
                    "max": 6105000000.0,
                    "brute_step": null,
                    "stderr": 3565541.1995966583,
                    "correl": {
                        "Ql": -0.00022940581603021426,
                        "Qe": -0.21956481968175529,
                        "A": 0.9110684858157958,
                        "theta": -0.9555671834809787,
                        "phi_v": -0.044181584486781264,
                        "phi_0": 0.04486978068545819,
                        "alpha": -0.8704327725202428
                    },
                    "value": 6104999974.280061
                },
                "Ql": {
                    "name": "Ql",
                    "user_data": null,
                    "init_value": 2750.6388981423906,
                    "min": 61.050000000000004,
                    "max": 121489.50000122814,
                    "brute_step": null,
                    "stderr": 82.64505818926796,
                    "correl": {
                        "fr": -0.00022940581603021426,
                        "Qe": 0.9554567957141813,
                        "A": 0.214455882470508,
                        "theta": -0.21863150267183498,
                        "phi_v": -0.8765682137208297,
                        "phi_0": 0.876397080397848,
                        "alpha": 0.11403578621966144
                    },
                    "value": 1159.4474045071142
                },
                "Qe": {
                    "name": "Qe",
                    "user_data": null,
                    "init_value": 2696.170801149472,
                    "min": 0,
                    "max": Infinity,
                    "brute_step": null,
                    "stderr": 219.2548781473385,
                    "correl": {
                        "fr": -0.21956481968175529,
                        "Ql": 0.9554567957141813,
                        "A": 0.01811380513371208,
                        "theta": 0.0007224597444591828,
                        "phi_v": -0.9105008965347212,
                        "phi_0": 0.9102157078853479,
                        "alpha": 0.29835581571877035
                    },
                    "value": 1781.3205377696838
                },
                "A": {
                    "name": "A",
                    "user_data": null,
                    "init_value": 0.0696970833111767,
                    "min": 0,
                    "max": Infinity,
                    "brute_step": null,
                    "stderr": 0.0027982908326542135,
                    "correl": {
                        "fr": 0.9110684858157958,
                        "Ql": 0.214455882470508,
                        "Qe": 0.01811380513371208,
                        "theta": -0.9827104661740181,
                        "phi_v": -0.24036646366101816,
                        "phi_0": 0.24100140167630357,
                        "alpha": -0.9288608583341696
                    },
                    "value": 0.06490110524057258
                },
                "theta": {
                    "name": "theta",
                    "user_data": null,
                    "init_value": 0,
                    "min": -1.5707963267948966,
                    "max": 1.5707963267948966,
                    "brute_step": null,
                    "stderr": 0.12318703348039173,
                    "correl": {
                        "fr": -0.9555671834809787,
                        "Ql": -0.21863150267183498,
                        "Qe": 0.0007224597444591828,
                        "A": -0.9827104661740181,
                        "phi_v": 0.22595884643256053,
                        "phi_0": -0.2266013662178343,
                        "alpha": 0.8899105455361062
                    },
                    "value": 0.7838128751643882
                },
                "phi_v": {
                    "name": "phi_v",
                    "user_data": null,
                    "init_value": -1.331986807468359e-06,
                    "min": -Infinity,
                    "max": Infinity,
                    "brute_step": null,
                    "stderr": 3.2580645225778985e-09,
                    "correl": {
                        "fr": -0.044181584486781264,
                        "Ql": -0.8765682137208297,
                        "Qe": -0.9105008965347212,
                        "A": -0.24036646366101816,
                        "theta": 0.22595884643256053,
                        "phi_0": -0.9999996896489047,
                        "alpha": -0.07946918152795346
                    },
                    "value": -1.2936667319199465e-06
                },
                "phi_0": {
                    "name": "phi_0",
                    "user_data": null,
                    "init_value": 8119.501802810259,
                    "min": -Infinity,
                    "max": Infinity,
                    "brute_step": null,
                    "stderr": 19.849923933414722,
                    "correl": {
                        "fr": 0.04486978068545819,
                        "Ql": 0.876397080397848,
                        "Qe": 0.9102157078853479,
                        "A": 0.24100140167630357,
                        "theta": -0.2266013662178343,
                        "phi_v": -0.9999996896489047,
                        "alpha": 0.07880685336903823
                    },
                    "value": 7886.082797004807
                },
                "alpha": {
                    "name": "alpha",
                    "user_data": null,
                    "init_value": 0,
                    "min": -1,
                    "max": 1,
                    "brute_step": null,
                    "stderr": 21.22744446608198,
                    "correl": {
                        "fr": -0.8704327725202428,
                        "Ql": 0.11403578621966144,
                        "Qe": 0.29835581571877035,
                        "A": -0.9288608583341696,
                        "theta": 0.8899105455361062,
                        "phi_v": -0.07946918152795346,
                        "phi_0": 0.07880685336903823
                    },
                    "value": -0.9895200634155805
                },
                "Qi": {
                    "name": "Qi",
                    "user_data": null,
                    "init_value": -136156.625458048,
                    "min": -Infinity,
                    "max": Infinity,
                    "brute_step": null,
                    "stderr": 297.1606653486502,
                    "correl": null,
                    "value": 2151.025524926052
                },
                "Qc": {
                    "name": "Qc",
                    "user_data": null,
                    "init_value": 2696.170801149472,
                    "min": -Infinity,