{
    "a": {
        "__dtype__": "UFloat",
        "nominal_value": -4756542446.172364,
        "std_dev": 6889848739.82729
    },
    "b": {
        "__dtype__": "UFloat",
        "nominal_value": 1089393001.5548809,
        "std_dev": 1954189350.908932
    },
    "c": {
        "__dtype__": "UFloat",
        "nominal_value": 3983270316.0792694,
        "std_dev": 111448878.90776591
    },
    "fit_success": true,
    "offset_0": {
        "__dtype__": "UFloat",
        "nominal_value": 0.11451521918316171,
        "std_dev": 0.2640311734801079
    },
    "freq_0": {
        "__dtype__": "UFloat",
        "nominal_value": 4045646355.2540994,
        "std_dev": 265826524.9339256
    },
    "fit_msg": "Summary:\noffset_0: 1.1e+02$\\pm$2.6e+02 mV\nfreq_0: 4.05$\\pm$0.27 GHz\n",
    "fit_result": {
        "poly2": {
            "success": true,
            "message": "Fit succeeded.",
            "params": {
                "a": {
                    "name": "a",
                    "user_data": null,
                    "init_value": -4756542446.172364,
                    "min": -Infinity,
                    "max": Infinity,
                    "brute_step": null,
                    "stderr": 6889848739.82729,
                    "correl": {
                        "b": -0.9669973911527627,
                        "c": 0.7621745810843124
                    },
                    "value": -4756542446.172364
                },
                "b": {
                    "name": "b",
                    "user_data": null,
                    "init_value": 1089393001.5548809,
                    "min": -Infinity,
                    "max": Infinity,
                    "brute_step": null,
                    "stderr": 1954189350.908932,
                    "correl": {
                        "a": -0.9669973911527627,
                        "c": -0.8753301028449618
                    },
                    "value": 1089393001.5548809
                },
                "c": {
                    "name": "c",
                    "user_data": null,
                    "init_value": 3983270316.0792694,
                    "min": -Infinity,
                    "max": Infinity,
                    "brute_step": null,
                    "stderr": 111448878.90776591,
                    "correl": {
                        "a": 0.7621745810843124,
                        "b": -0.8753301028449618
                    },
                    "value": 3983270316.0792694
                }
            }
        }
    }
}