{
    "fit_success": true,
    "Qi": {
        "__dtype__": "UFloat",
        "nominal_value": 31921.66650964572,
        "std_dev": 536.0442710177595
    },
    "Qe": {
        "__dtype__": "UFloat",
        "nominal_value": 4513.947625687683,
        "std_dev": 11.035697198118738
    },
    "Ql": {
        "__dtype__": "UFloat",
        "nominal_value": 4566.761378501556,
        "std_dev": 14.786810951800993
    },
    "Qc": {
        "__dtype__": "UFloat",
        "nominal_value": 5329.15881282602,
        "std_dev": 15.38017341877018
    },
    "fr": {
        "__dtype__": "UFloat",
        "nominal_value": 5905537437.209824,
        "std_dev": 2093.431394312542
    },
    "fit_msg": "Summary\n$Q_I$: 31.92$\\pm$0.54 k\n$Q_C$: 5.329$\\pm$0.015 k\n$f_{res}$: 5.9055374$\\pm$2.1e-06 GHz",
    "fit_result": {
        "hanger_func_complex_SI": {
            "success": true,
            "message": "Fit succeeded.",
            "params": {
                "fr": {
                    "name": "fr",
                    "user_data": null,
                    "init_value": 5905849748.743718,
                    "min": 5895900000.0,
                    "max": 5915900000.0,
                    "brute_step": null,
                    "stderr": 2093.431394312542,
                    "correl": {
                        "Ql": 0.0001791325705106483,
                        "Qe": 0.04060247171045078,
                        "A": 0.1701951735240849,
                        "theta": -0.7728913819775706,
                        "phi_v": -0.1629636662634215,
                        "phi_0": 0.16268126243535128,
                        "alpha": 0.29998373123024547
                    },
                    "value": 5905537437.209824
                },
                "Ql": {
                    "name": "Ql",
                    "user_data": null,
                    "init_value": 1330.4553681737807,
                    "min": 29.529248743718593,
                    "max": 58763.205000036425,
                    "brute_step": null,
                    "stderr": 14.786810951800993,
                    "correl": {
                        "fr": 0.0001791325705106483,
                        "Qe": 0.7729355074498261,
                        "A": -0.2846807293871946,
                        "theta": 0.040265895363026265,
                        "phi_v": 0.29908973675507194,
                        "phi_0": -0.2992544126092245,
                        "alpha": 0.1614504022799501
                    },
                    "value": 4566.761378501556
                },
                "Qe": {
                    "name": "Qe",
                    "user_data": null,
                    "init_value": 1304.109717318854,
                    "min": 0,
                    "max": Infinity,
                    "brute_step": null,
                    "stderr": 11.035697198118738,
                    "correl": {
                        "fr": 0.04060247171045078,
                        "Ql": 0.7729355074498261,
                        "A": -0.18485868856496288,
                        "theta": -0.00013777075302766155,
                        "phi_v": 0.3863122681711077,
                        "phi_0": -0.38654203612032595,
                        "alpha": 0.23899637965299797
                    },
                    "value": 4513.947625687683
                },
                "A": {
                    "name": "A",
                    "user_data": null,
                    "init_value": 0.28256736071749927,
                    "min": 0,
                    "max": Infinity,
                    "brute_step": null,
                    "stderr": 0.00015110624834200617,
                    "correl": {
                        "fr": 0.1701951735240849,
                        "Ql": -0.2846807293871946,
                        "Qe": -0.18485868856496288,
                        "theta": -0.23712655442507746,
                        "phi_v": -0.11129046349441787,
                        "phi_0": 0.11129183489171113,
                        "alpha": 0.011480523639583679
                    },
                    "value": 0.2979058903732945
                },
                "theta": {
                    "name": "theta",
                    "user_data": null,
                    "init_value": 0,
                    "min": -1.5707963267948966,
                    "max": 1.5707963267948966,
                    "brute_step": null,
                    "stderr": 0.0024444828310603147,
                    "correl": {
                        "fr": -0.7728913819775706,
                        "Ql": 0.040265895363026265,
                        "Qe": -0.00013777075302766155,
                        "A": -0.23712655442507746,
                        "phi_v": 0.241145575084494,
                        "phi_0": -0.24095768561943062,
                        "alpha": -0.3876277398670441
                    },
                    "value": 0.560427092883522
                },
                "phi_v": {
                    "name": "phi_v",
                    "user_data": null,
                    "init_value": -1.2674832051083643e-07,
                    "min": -Infinity,
                    "max": Infinity,
                    "brute_step": null,
                    "stderr": 8.863886845089996e-11,
                    "correl": {
                        "fr": -0.1629636662634215,
                        "Ql": 0.29908973675507194,
                        "Qe": 0.3863122681711077,
                        "A": -0.11129046349441787,
                        "theta": 0.241145575084494,
                        "phi_0": -0.9999995286695536,
                        "alpha": -0.006075857175597372
                    },
                    "value": -1.0497306965826567e-07
                },
                "phi_0": {
                    "name": "phi_0",
                    "user_data": null,
                    "init_value": 744.785770005449,
                    "min": -Infinity,
                    "max": Infinity,
                    "brute_step": null,
                    "stderr": 0.523466547955249,
                    "correl": {
                        "fr": 0.16268126243535128,
                        "Ql": -0.2992544126092245,
                        "Qe": -0.38654203612032595,
                        "A": 0.11129183489171113,
                        "theta": -0.24095768561943062,
                        "phi_v": -0.9999995286695536,
                        "alpha": 0.005950702368482736
                    },
                    "value": 616.4342808387386
                },
                "alpha": {
                    "name": "alpha",
                    "user_data": null,
                    "init_value": 0,
                    "min": -1,
                    "max": 1,
                    "brute_step": null,
                    "stderr": 0.7093618663962613,
                    "correl": {
                        "fr": 0.29998373123024547,
                        "Ql": 0.1614504022799501,
                        "Qe": 0.23899637965299797,
                        "A": 0.011480523639583679,
                        "theta": -0.3876277398670441,
                        "phi_v": -0.006075857175597372,
                        "phi_0": 0.005950702368482736
                    },
                    "value": 0.999899797799396
                },
                "Qi": {
                    "name": "Qi",
                    "user_data": null,
                    "init_value": -65857.54072460145,
                    "min": -Infinity,
                    "max": Infinity,
                    "brute_step": null,
                    "stderr": 536.0442710177595,
                    "correl": null,
                    "value": 31921.66650964572
                },
                "Qc": {
                    "name": "Qc",
                    "user_data": null,
                    "init_value": 1304.109717318854,