{
    "a": {
        "__dtype__": "UFloat",
        "nominal_value": -49627026348.617744,
        "std_dev": 0.00018340971007048374
    },
    "b": {
        "__dtype__": "UFloat",
        "nominal_value": -2399380087.084945,
        "std_dev": 1.9399406373267835e-05
    },
    "c": {
        "__dtype__": "UFloat",
        "nominal_value": 3202215349.667869,
        "std_dev": 4.1787177009131596e-07
    },
    "fit_success": true,
    "offset_0": {
        "__dtype__": "UFloat",
        "nominal_value": -0.024174127120068466,
        "std_dev": 2.1490337553012598e-16
    },
    "freq_0": {
        "__dtype__": "UFloat",
        "nominal_value": 3231216809.2851453,
        "std_dev": 6.372063037803877e-07
    },
    "fit_msg": "Summary:\noffset_0: -24.17412712006847$\\pm$2.1e-13 mV\nfreq_0: 3.23121680928514543$\\pm$6.4e-16 GHz\n",
    "fit_result": {
        "poly2": {
            "success": true,
            "message": "Fit succeeded.",
            "params": {
                "a": {
                    "name": "a",
                    "user_data": null,
                    "init_value": -49627026348.61696,
                    "min": -Infinity,
                    "max": Infinity,
                    "brute_step": null,
                    "stderr": 0.00018340971007048374,
                    "correl": {
                        "b": 0.9555354544821132,
                        "c": 0.5108956154722573
                    },
                    "value": -49627026348.617744
                },
                "b": {
                    "name": "b",
                    "user_data": null,
                    "init_value": -2399380087.084837,
                    "min": -Infinity,
                    "max": Infinity,
                    "brute_step": null,
                    "stderr": 1.9399406373267835e-05,
                    "correl": {
                        "a": 0.9555354544821132,
                        "c": 0.6921684082907037
                    },
                    "value": -2399380087.084945
                },
                "c": {
                    "name": "c",
                    "user_data": null,
                    "init_value": 3202215349.6678715,
                    "min": -Infinity,
                    "max": Infinity,
                    "brute_step": null,
                    "stderr": 4.1787177009131596e-07,
                    "correl": {
                        "a": 0.5108956154722573,
                        "b": 0.6921684082907037
                    },
                    "value": 3202215349.667869
                }
            }
        }
    }
}