{
    "a": {
        "__dtype__": "UFloat",
        "nominal_value": -38051272182.70903,
        "std_dev": 4388344811.132537
    },
    "b": {
        "__dtype__": "UFloat",
        "nominal_value": -2117157026.0767655,
        "std_dev": 229614680.02824685
    },
    "c": {
        "__dtype__": "UFloat",
        "nominal_value": 3519201729.423138,
        "std_dev": 10384681.508329334
    },
    "fit_success": true,
    "offset_0": {
        "__dtype__": "UFloat",
        "nominal_value": -0.02781979293505498,
        "std_dev": 0.004404205918374959
    },
    "freq_0": {
        "__dtype__": "UFloat",
        "nominal_value": 3548651164.4613643,
        "std_dev": 12656263.442683022
    },
    "fit_msg": "Summary:\noffset_0: -27.8$\\pm$4.4 mV\nfreq_0: 3.549$\\pm$0.013 GHz\n",
    "fit_result": {
        "poly2": {
            "success": true,
            "message": "Fit succeeded.",
            "params": {
                "a": {
                    "name": "a",
                    "user_data": null,
                    "init_value": -38051272182.69286,
                    "min": -Infinity,
                    "max": Infinity,
                    "brute_step": null,
                    "stderr": 4388344811.132537,
                    "correl": {
                        "b": 0.6149081880458188,
                        "c": -0.6467994300487225
                    },
                    "value": -38051272182.70903
                },
                "b": {
                    "name": "b",
                    "user_data": null,
                    "init_value": -2117157026.1139615,
                    "min": -Infinity,
                    "max": Infinity,
                    "brute_step": null,
                    "stderr": 229614680.02824685,
                    "correl": {
                        "a": 0.6149081880458188,
                        "c": -0.23425293419642204
                    },
                    "value": -2117157026.0767655
                },
                "c": {
                    "name": "c",
                    "user_data": null,
                    "init_value": 3519201729.4226665,
                    "min": -Infinity,
                    "max": Infinity,
                    "brute_step": null,
                    "stderr": 10384681.508329334,
                    "correl": {
                        "a": -0.6467994300487225,
                        "b": -0.23425293419642204
                    },
                    "value": 3519201729.423138
                }
            }
        }
    }
}