{
    "a": {
        "__dtype__": "UFloat",
        "nominal_value": -144980823880.54614,
        "std_dev": 47412023509.86269
    },
    "b": {
        "__dtype__": "UFloat",
        "nominal_value": 23483963682.201797,
        "std_dev": 8476126804.204021
    },
    "c": {
        "__dtype__": "UFloat",
        "nominal_value": 2007723651.5843678,
        "std_dev": 354601075.3918336
    },
    "fit_success": true,
    "offset_0": {
        "__dtype__": "UFloat",
        "nominal_value": 0.08098989595186364,
        "std_dev": 0.039446000810938714
    },
    "freq_0": {
        "__dtype__": "UFloat",
        "nominal_value": 2958705539.1638017,
        "std_dev": 832894966.3631138
    },
    "fit_msg": "Summary:\noffset_0: 81$\\pm$39 mV\nfreq_0: 2.96$\\pm$0.83 GHz\n",
    "fit_result": {
        "poly2": {
            "success": true,
            "message": "Fit succeeded.",
            "params": {
                "a": {
                    "name": "a",
                    "user_data": null,
                    "init_value": -144980823895.54285,
                    "min": -Infinity,
                    "max": Infinity,
                    "brute_step": null,
                    "stderr": 47412023509.86269,
                    "correl": {
                        "b": -0.9922447099983586,
                        "c": 0.961557824696819
                    },
                    "value": -144980823880.54614
                },
                "b": {
                    "name": "b",
                    "user_data": null,
                    "init_value": 23483963684.89063,
                    "min": -Infinity,
                    "max": Infinity,
                    "brute_step": null,
                    "stderr": 8476126804.204021,
                    "correl": {
                        "a": -0.9922447099983586,
                        "c": -0.98685704277647
                    },
                    "value": 23483963682.201797
                },
                "c": {
                    "name": "c",
                    "user_data": null,
                    "init_value": 2007723651.473837,
                    "min": -Infinity,
                    "max": Infinity,
                    "brute_step": null,
                    "stderr": 354601075.3918336,
                    "correl": {
                        "a": 0.961557824696819,
                        "b": -0.98685704277647
                    },
                    "value": 2007723651.5843678
                }
            }
        }
    }
}