{
    "a": {
        "__dtype__": "UFloat",
        "nominal_value": -50172064417.72652,
        "std_dev": 2111304217.5427794
    },
    "b": {
        "__dtype__": "UFloat",
        "nominal_value": -3331927212.0916843,
        "std_dev": 156720125.47646934
    },
    "c": {
        "__dtype__": "UFloat",
        "nominal_value": 4709231284.680406,
        "std_dev": 3588545.8183657597
    },
    "fit_success": true,
    "offset_0": {
        "__dtype__": "UFloat",
        "nominal_value": -0.033205004126902804,
        "std_dev": 0.0020956559783405775
    },
    "freq_0": {
        "__dtype__": "UFloat",
        "nominal_value": 4764549613.094428,
        "std_dev": 6736253.805729343
    },
    "fit_msg": "Summary:\noffset_0: -33.2$\\pm$2.1 mV\nfreq_0: 4.7645$\\pm$0.0067 GHz\n",
    "fit_result": {
        "poly2": {
            "success": true,
            "message": "Fit succeeded.",
            "params": {
                "a": {
                    "name": "a",
                    "user_data": null,
                    "init_value": -50172064418.8814,
                    "min": -Infinity,
                    "max": Infinity,
                    "brute_step": null,
                    "stderr": 2111304217.5427794,
                    "correl": {
                        "b": 0.8946632097311662,
                        "c": -0.19154334875323623
                    },
                    "value": -50172064417.72652
                },
                "b": {
                    "name": "b",
                    "user_data": null,
                    "init_value": -3331927212.1508255,
                    "min": -Infinity,
                    "max": Infinity,
                    "brute_step": null,
                    "stderr": 156720125.47646934,
                    "correl": {
                        "a": 0.8946632097311662,
                        "c": 0.1180487993782493
                    },
                    "value": -3331927212.0916843
                },
                "c": {
                    "name": "c",
                    "user_data": null,
                    "init_value": 4709231284.681366,
                    "min": -Infinity,
                    "max": Infinity,
                    "brute_step": null,
                    "stderr": 3588545.8183657597,
                    "correl": {
                        "a": -0.19154334875323623,
                        "b": 0.1180487993782493
                    },
                    "value": 4709231284.680406
                }
            }
        }
    }
}