{
    "fit_success": true,
    "Qi": {
        "__dtype__": "UFloat",
        "nominal_value": 14115.53136477533,
        "std_dev": 382.20816126018076
    },
    "Qe": {
        "__dtype__": "UFloat",
        "nominal_value": 7878.274530690714,
        "std_dev": 95.27041907608867
    },
    "Ql": {
        "__dtype__": "UFloat",
        "nominal_value": 5969.22661256898,
        "std_dev": 90.13100171777864
    },
    "Qc": {
        "__dtype__": "UFloat",
        "nominal_value": 10343.193390886629,
        "std_dev": 164.21473730972752
    },
    "fr": {
        "__dtype__": "UFloat",
        "nominal_value": 5719807621.771314,
        "std_dev": 7234.780020223708
    },
    "fit_msg": "Summary\n$Q_I$: 14.12$\\pm$0.38 k\n$Q_C$: 10.34$\\pm$0.16 k\n$f_{res}$: 5.7198076$\\pm$7.2e-06 GHz",
    "fit_result": {
        "hanger_func_complex_SI": {
            "success": true,
            "message": "Fit succeeded.",
            "params": {
                "fr": {
                    "name": "fr",
                    "user_data": null,
                    "init_value": 5720073618.090452,
                    "min": 5715350000.0,
                    "max": 5725350000.0,
                    "brute_step": null,
                    "stderr": 7234.780020223708,
                    "correl": {
                        "Ql": 4.7487649839064525e-05,
                        "Qe": 0.06162570007087767,
                        "A": 0.28947091974150496,
                        "theta": -0.8057144607309421,
                        "phi_v": -0.20441193104095712,
                        "phi_0": 0.20423089566170755,
                        "alpha": 0.3562060937619716
                    },
                    "value": 5719807621.771314
                },
                "Ql": {
                    "name": "Ql",
                    "user_data": null,
                    "init_value": 2577.2083528513804,
                    "min": 57.20073618090452,
                    "max": 113829.46500115069,
                    "brute_step": null,
                    "stderr": 90.13100171777864,
                    "correl": {
                        "fr": 4.7487649839064525e-05,
                        "Qe": 0.8056725793486516,
                        "A": -0.3236794077059537,
                        "theta": 0.061514732921506506,
                        "phi_v": 0.3551673644715155,
                        "phi_0": -0.35529164225786064,
                        "alpha": 0.2026081938657539
                    },
                    "value": 5969.22661256898
                },
                "Qe": {
                    "name": "Qe",
                    "user_data": null,
                    "init_value": 2526.1745240820464,
                    "min": 0,
                    "max": Infinity,
                    "brute_step": null,
                    "stderr": 95.27041907608867,
                    "correl": {
                        "fr": 0.06162570007087767,
                        "Ql": 0.8056725793486516,
                        "A": -0.24631224439446953,
                        "theta": -6.755028297011735e-05,
                        "phi_v": 0.4384122130230807,
                        "phi_0": -0.4385843467968217,
                        "alpha": 0.32020574951584496
                    },
                    "value": 7878.274530690714
                },
                "A": {
                    "name": "A",
                    "user_data": null,
                    "init_value": 0.002215915773025506,
                    "min": 0,
                    "max": Infinity,
                    "brute_step": null,
                    "stderr": 5.1588001336585825e-06,
                    "correl": {
                        "fr": 0.28947091974150496,
                        "Ql": -0.3236794077059537,
                        "Qe": -0.24631224439446953,
                        "theta": -0.3939288131444503,
                        "phi_v": -0.2245387167830984,
                        "phi_0": 0.22452344685316036,
                        "alpha": 0.13866130191741294
                    },
                    "value": 0.002362003006398883
                },
                "theta": {
                    "name": "theta",
                    "user_data": null,
                    "init_value": 0,
                    "min": -1.5707963267948966,
                    "max": 1.5707963267948966,
                    "brute_step": null,
                    "stderr": 0.012094226176934201,
                    "correl": {
                        "fr": -0.8057144607309421,
                        "Ql": 0.061514732921506506,
                        "Qe": -6.755028297011735e-05,
                        "A": -0.3939288131444503,
                        "phi_v": 0.3223490871112999,
                        "phi_0": -0.32219895468025067,
                        "alpha": -0.4400381580507024
                    },
                    "value": 0.7048837765781326
                },
                "phi_v": {
                    "name": "phi_v",
                    "user_data": null,
                    "init_value": -1.2116883845817903e-07,
                    "min": -Infinity,
                    "max": Infinity,
                    "brute_step": null,
                    "stderr": 7.47819555422243e-10,
                    "correl": {
                        "fr": -0.20441193104095712,
                        "Ql": 0.3551673644715155,
                        "Qe": 0.4384122130230807,
                        "A": -0.2245387167830984,
                        "theta": 0.3223490871112999,
                        "phi_0": -0.9999998715651297,
                        "alpha": -0.004671906036350534
                    },
                    "value": -7.953209589501386e-08
                },
                "phi_0": {
                    "name": "phi_0",
                    "user_data": null,
                    "init_value": 691.8684187184128,
                    "min": -Infinity,
                    "max": Infinity,
                    "brute_step": null,
                    "stderr": 4.277685208369975,
                    "correl": {
                        "fr": 0.20423089566170755,
                        "Ql": -0.35529164225786064,
                        "Qe": -0.4385843467968217,
                        "A": 0.22452344685316036,
                        "theta": -0.32219895468025067,
                        "phi_v": -0.9999998715651297,
                        "alpha": 0.00455274177331613
                    },
                    "value": 453.9810900827158
                },
                "alpha": {
                    "name": "alpha",
                    "user_data": null,
                    "init_value": 0,
                    "min": -1,
                    "max": 1,
                    "brute_step": null,
                    "stderr": 4.499044927825633,
                    "correl": {
                        "fr": 0.3562060937619716,
                        "Ql": 0.2026081938657539,
                        "Qe": 0.32020574951584496,
                        "A": 0.13866130191741294,
                        "theta": -0.4400381580507024,
                        "phi_v": -0.004671906036350534,
                        "phi_0": 0.00455274177331613
                    },
                    "value": -0.9999362014113629
                },
                "Qi": {
                    "name": "Qi",
                    "user_data": null,
                    "init_value": -127571.81346614425,
                    "min": -Infinity,
                    "max": Infinity,
                    "brute_step": null,
                    "stderr": 382.20816126018076,
                    "correl": null,
                    "value": 14115.53136477533
                },
                "Qc": {
                    "name": "Qc",
                    "user_data": null,
                    "init_value": 2526.1745240820464,