{
    "a": {
        "__dtype__": "UFloat",
        "nominal_value": -52415567056.70308,
        "std_dev": 1846019347.7222025
    },
    "b": {
        "__dtype__": "UFloat",
        "nominal_value": -3542884147.1033273,
        "std_dev": 117587170.71609317
    },
    "c": {
        "__dtype__": "UFloat",
        "nominal_value": 4707929595.144881,
        "std_dev": 3553036.3081511073
    },
    "fit_success": true,
    "offset_0": {
        "__dtype__": "UFloat",
        "nominal_value": -0.0337961062528489,
        "std_dev": 0.001635510309332628
    },
    "freq_0": {
        "__dtype__": "UFloat",
        "nominal_value": 4767797439.6834,
        "std_dev": 5732568.50020465
    },
    "fit_msg": "Summary:\noffset_0: -33.8$\\pm$1.6 mV\nfreq_0: 4.7678$\\pm$0.0057 GHz\n",
    "fit_result": {
        "poly2": {
            "success": true,
            "message": "Fit succeeded.",
            "params": {
                "a": {
                    "name": "a",
                    "user_data": null,
                    "init_value": -52415567057.10284,
                    "min": -Infinity,
                    "max": Infinity,
                    "brute_step": null,
                    "stderr": 1846019347.7222025,
                    "correl": {
                        "b": 0.8262594826670681,
                        "c": -0.5119927678359973
                    },
                    "value": -52415567056.70308
                },
                "b": {
                    "name": "b",
                    "user_data": null,
                    "init_value": -3542884147.133145,
                    "min": -Infinity,
                    "max": Infinity,
                    "brute_step": null,
                    "stderr": 117587170.71609317,
                    "correl": {
                        "a": 0.8262594826670681,
                        "c": -0.1960322118467415
                    },
                    "value": -3542884147.1033273
                },
                "c": {
                    "name": "c",
                    "user_data": null,
                    "init_value": 4707929595.145085,
                    "min": -Infinity,
                    "max": Infinity,
                    "brute_step": null,
                    "stderr": 3553036.3081511073,
                    "correl": {
                        "a": -0.5119927678359973,
                        "b": -0.1960322118467415
                    },
                    "value": 4707929595.144881
                }
            }
        }
    }
}