{
    "amplitude": {
        "__dtype__": "UFloat",
        "nominal_value": 356369.4594173263,
        "std_dev": 13711.538977807326
    },
    "frequency": {
        "__dtype__": "UFloat",
        "nominal_value": 8.718072280213786,
        "std_dev": 0.2654018736522295
    },
    "shift": {
        "__dtype__": "UFloat",
        "nominal_value": 0.30765340120712104,
        "std_dev": 0.04308392141087177
    },
    "offset": {
        "__dtype__": "UFloat",
        "nominal_value": 6106793103.448276,
        "std_dev": 43275.51861382358
    },
    "offset_0": {
        "__dtype__": "UFloat",
        "nominal_value": 0.14488787027546882,
        "std_dev": 0.006624006346126374
    },
    "freq_0": 6107149472.907693,
    "fit_success": true,
    "fit_msg": "Summary:\nf_0: 6.1071 GHz\noffset_0: 144.9$\\pm$6.6 mV\n",
    "fit_result": {
        "sin": {
            "success": true,
            "message": "Fit succeeded.",
            "params": {
                "amplitude": {
                    "name": "amplitude",
                    "user_data": null,
                    "init_value": 365795.5517512671,
                    "min": 0,
                    "max": Infinity,
                    "brute_step": null,
                    "stderr": 13711.538977807326,
                    "correl": {
                        "frequency": 0.20453816325431362,
                        "shift": 0.05120497589949657
                    },
                    "value": 356369.4594173263
                },
                "frequency": {
                    "name": "frequency",
                    "user_data": null,
                    "init_value": 10.210176124166829,
                    "min": 0,
                    "max": Infinity,
                    "brute_step": null,
                    "stderr": 0.2654018736522295,
                    "correl": {
                        "amplitude": 0.20453816325431362,
                        "shift": -0.1577952070072073
                    },
                    "value": 8.718072280213786
                },
                "shift": {
                    "name": "shift",
                    "user_data": null,
                    "init_value": 0.0,
                    "min": -6.283195307179586,
                    "max": 6.283195307179586,
                    "brute_step": null,
                    "stderr": 0.04308392141087177,
                    "correl": {
                        "amplitude": 0.05120497589949657,
                        "frequency": -0.1577952070072073
                    },
                    "value": 0.30765340120712104
                },
                "offset": {
                    "name": "offset",
                    "user_data": null,
                    "init_value": 6106793103.448276,
                    "min": -Infinity,
                    "max": Infinity,
                    "brute_step": null,
                    "stderr": 43275.51861382358,
                    "correl": null,
                    "value": 6106793103.448276
                }
            }
        }
    }
}