{
    "fit_success": true,
    "Qi": {
        "__dtype__": "UFloat",
        "nominal_value": 13768.12838938835,
        "std_dev": 332.89883043745743
    },
    "Qe": {
        "__dtype__": "UFloat",
        "nominal_value": 7894.113992661439,
        "std_dev": 86.72783997411928
    },
    "Ql": {
        "__dtype__": "UFloat",
        "nominal_value": 5906.7095959815015,
        "std_dev": 80.89275343118193
    },
    "Qc": {
        "__dtype__": "UFloat",
        "nominal_value": 10344.740334214219,
        "std_dev": 148.9353863287342
    },
    "fr": {
        "__dtype__": "UFloat",
        "nominal_value": 5719814052.17761,
        "std_dev": 6631.404182186506
    },
    "fit_msg": "Summary\n$Q_I$: 13.77$\\pm$0.33 k\n$Q_C$: 10.34$\\pm$0.15 k\n$f_{res}$: 5.7198141$\\pm$6.6e-06 GHz",
    "fit_result": {
        "hanger_func_complex_SI": {
            "success": true,
            "message": "Fit succeeded.",
            "params": {
                "fr": {
                    "name": "fr",
                    "user_data": null,
                    "init_value": 5720123869.346734,
                    "min": 5715350000.0,
                    "max": 5725350000.0,
                    "brute_step": null,
                    "stderr": 6631.404182186506,
                    "correl": {
                        "Ql": 4.7645390596830266e-05,
                        "Qe": 0.06135069365247184,
                        "A": 0.2901936432441891,
                        "theta": -0.8068134212710321,
                        "phi_v": -0.20533615320154916,
                        "phi_0": 0.20515362382240063,
                        "alpha": 0.35793832920860996
                    },
                    "value": 5719814052.17761
                },
                "Ql": {
                    "name": "Ql",
                    "user_data": null,
                    "init_value": 2577.230993811284,
                    "min": 57.20123869346734,
                    "max": 113830.46500115072,
                    "brute_step": null,
                    "stderr": 80.89275343118193,
                    "correl": {
                        "fr": 4.7645390596830266e-05,
                        "Qe": 0.806771419719379,
                        "A": -0.32671740523731646,
                        "theta": 0.061239537053088856,
                        "phi_v": 0.35688323614735407,
                        "phi_0": -0.3570081757120894,
                        "alpha": 0.20350375279423757
                    },
                    "value": 5906.7095959815015
                },
                "Qe": {
                    "name": "Qe",
                    "user_data": null,
                    "init_value": 2526.1967167061102,
                    "min": 0,
                    "max": Infinity,
                    "brute_step": null,
                    "stderr": 86.72783997411928,
                    "correl": {
                        "fr": 0.06135069365247184,
                        "Ql": 0.806771419719379,
                        "A": -0.2516667037757142,
                        "theta": -6.744247529943339e-05,
                        "phi_v": 0.44047815634290216,
                        "phi_0": -0.4406510672518535,
                        "alpha": 0.32087770788717734
                    },
                    "value": 7894.113992661439
                },
                "A": {
                    "name": "A",
                    "user_data": null,
                    "init_value": 0.0022039268548263292,
                    "min": 0,
                    "max": Infinity,
                    "brute_step": null,
                    "stderr": 4.623633066974183e-06,
                    "correl": {
                        "fr": 0.2901936432441891,
                        "Ql": -0.32671740523731646,
                        "Qe": -0.2516667037757142,
                        "theta": -0.39472291225454925,
                        "phi_v": -0.22779177711144052,
                        "phi_0": 0.2277765094247762,
                        "alpha": 0.13675647215555084
                    },
                    "value": 0.002351149165455091
                },
                "theta": {
                    "name": "theta",
                    "user_data": null,
                    "init_value": 0,
                    "min": -1.5707963267948966,
                    "max": 1.5707963267948966,
                    "brute_step": null,
                    "stderr": 0.010987690033975976,
                    "correl": {
                        "fr": -0.8068134212710321,
                        "Ql": 0.061239537053088856,
                        "Qe": -6.744247529943339e-05,
                        "A": -0.39472291225454925,
                        "phi_v": 0.3230568394477759,
                        "phi_0": -0.3229041606732967,
                        "alpha": -0.44212591032370924
                    },
                    "value": 0.7026936428944048
                },
                "phi_v": {
                    "name": "phi_v",
                    "user_data": null,
                    "init_value": -1.2022099650714805e-07,
                    "min": -Infinity,
                    "max": Infinity,
                    "brute_step": null,
                    "stderr": 6.731765176025498e-10,
                    "correl": {
                        "fr": -0.20533615320154916,
                        "Ql": 0.35688323614735407,
                        "Qe": 0.44047815634290216,
                        "A": -0.22779177711144052,
                        "theta": 0.3230568394477759,
                        "phi_0": -0.999999871416428,
                        "alpha": -0.004728336618021844
                    },
                    "value": -8.048628021677226e-08
                },
                "phi_0": {
                    "name": "phi_0",
                    "user_data": null,
                    "init_value": 686.4711117969031,
                    "min": -Infinity,
                    "max": Infinity,
                    "brute_step": null,
                    "stderr": 3.8507119498507145,
                    "correl": {
                        "fr": 0.20515362382240063,
                        "Ql": -0.3570081757120894,
                        "Qe": -0.4406510672518535,
                        "A": 0.2277765094247762,
                        "theta": -0.3229041606732967,
                        "phi_v": -0.999999871416428,
                        "alpha": 0.004607392351952146
                    },
                    "value": 459.4213792576104
                },
                "alpha": {
                    "name": "alpha",
                    "user_data": null,
                    "init_value": 0,
                    "min": -1,
                    "max": 1,
                    "brute_step": null,
                    "stderr": 4.180949839499772,
                    "correl": {
                        "fr": 0.35793832920860996,
                        "Ql": 0.20350375279423757,
                        "Qe": 0.32087770788717734,
                        "A": 0.13675647215555084,
                        "theta": -0.44212591032370924,
                        "phi_v": -0.004728336618021844,
                        "phi_0": 0.004607392351952146
                    },
                    "value": -0.9998659941870635
                },
                "Qi": {
                    "name": "Qi",
                    "user_data": null,
                    "init_value": -127572.93419365953,
                    "min": -Infinity,
                    "max": Infinity,
                    "brute_step": null,
                    "stderr": 332.89883043745743,
                    "correl": null,
                    "value": 13768.12838938835
                },
                "Qc": {
                    "name": "Qc",
                    "user_data": null,
                    "init_value": 2526.1967167061102,