{
    "amplitude": {
        "__dtype__": "UFloat",
        "nominal_value": 175637.5507538515,
        "std_dev": 16334.046353553367
    },
    "frequency": {
        "__dtype__": "UFloat",
        "nominal_value": 8.931565479185151,
        "std_dev": 0.5361665731429542
    },
    "shift": {
        "__dtype__": "UFloat",
        "nominal_value": 0.7661344886051342,
        "std_dev": 0.09719275793316316
    },
    "offset": {
        "__dtype__": "UFloat",
        "nominal_value": 5913740000.0,
        "std_dev": 27129.31993255282
    },
    "offset_0": {
        "__dtype__": "UFloat",
        "nominal_value": 0.09009191502486456,
        "std_dev": 0.012151787717765693
    },
    "freq_0": 5913915637.550754,
    "fit_success": true,
    "fit_msg": "Summary:\nf_0: 5.9139 GHz\noffset_0: 90$\\pm$12 mV\n",
    "fit_result": {
        "sin": {
            "success": true,
            "message": "Fit succeeded.",
            "params": {
                "amplitude": {
                    "name": "amplitude",
                    "user_data": null,
                    "init_value": 171994.22116137925,
                    "min": 0,
                    "max": Infinity,
                    "brute_step": null,
                    "stderr": 16334.046353553367,
                    "correl": {
                        "frequency": -0.022598296605692823,
                        "shift": 0.11811580171973213
                    },
                    "value": 175637.5507538515
                },
                "frequency": {
                    "name": "frequency",
                    "user_data": null,
                    "init_value": 10.053096491487338,
                    "min": 0,
                    "max": Infinity,
                    "brute_step": null,
                    "stderr": 0.5361665731429542,
                    "correl": {
                        "amplitude": -0.022598296605692823,
                        "shift": -0.27690597304466785
                    },
                    "value": 8.931565479185151
                },
                "shift": {
                    "name": "shift",
                    "user_data": null,
                    "init_value": 0.5711986642890533,
                    "min": -6.283195307179586,
                    "max": 6.283195307179586,
                    "brute_step": null,
                    "stderr": 0.09719275793316316,
                    "correl": {
                        "amplitude": 0.11811580171973213,
                        "frequency": -0.27690597304466785
                    },
                    "value": 0.7661344886051342
                },
                "offset": {
                    "name": "offset",
                    "user_data": null,
                    "init_value": 5913740000.0,
                    "min": -Infinity,
                    "max": Infinity,
                    "brute_step": null,
                    "stderr": 27129.31993255282,
                    "correl": null,
                    "value": 5913740000.0
                }
            }
        }
    }
}