{
    "fit_success": true,
    "Qi": {
        "__dtype__": "UFloat",
        "nominal_value": 936.1055897560249,
        "std_dev": 181.23341733938284
    },
    "Qe": {
        "__dtype__": "UFloat",
        "nominal_value": 11103.700670356107,
        "std_dev": 4103.940448329763
    },
    "Ql": {
        "__dtype__": "UFloat",
        "nominal_value": 896.5328007416525,
        "std_dev": 189.77389071607925
    },
    "Qc": {
        "__dtype__": "UFloat",
        "nominal_value": 21207.738627395756,
        "std_dev": 14950.415710756135
    },
    "fr": {
        "__dtype__": "UFloat",
        "nominal_value": 5995000205.5192585,
        "std_dev": 706884.3599193576
    },
    "fit_msg": "Summary\n$Q_I$: 9.4e+02$\\pm$1.8e+02 \n$Q_C$: 21$\\pm$15 k\n$f_{res}$: 5.99500$\\pm$0.00071 GHz",
    "fit_result": {
        "hanger_func_complex_SI": {
            "success": true,
            "message": "Fit succeeded.",
            "params": {
                "fr": {
                    "name": "fr",
                    "user_data": null,
                    "init_value": 5996005025.125628,
                    "min": 5995000000.0,
                    "max": 6005000000.0,
                    "brute_step": null,
                    "stderr": 706884.3599193576,
                    "correl": {
                        "Ql": 0.0015545403585222432,
                        "Qe": 0.5486516584855639,
                        "A": -0.12715182163252234,
                        "theta": -0.821725979538369,
                        "phi_v": 0.8126953015781191,
                        "phi_0": -0.8132757002006917,
                        "alpha": 0.3231118744794144
                    },
                    "value": 5995000205.5192585
                },
                "Ql": {
                    "name": "Ql",
                    "user_data": null,
                    "init_value": 2701.530656112661,
                    "min": 59.960050251256284,
                    "max": 119320.50000120621,
                    "brute_step": null,
                    "stderr": 189.77389071607925,
                    "correl": {
                        "fr": 0.0015545403585222432,
                        "Qe": 0.8221372599674485,
                        "A": -0.9482863360136942,
                        "theta": 0.5466890620683542,
                        "phi_v": 0.39138412854450544,
                        "phi_0": -0.39044979256002976,
                        "alpha": -0.8409436992076412
                    },
                    "value": 896.5328007416525
                },
                "Qe": {
                    "name": "Qe",
                    "user_data": null,
                    "init_value": 2648.0349995559745,
                    "min": 0,
                    "max": Infinity,
                    "brute_step": null,
                    "stderr": 4103.940448329763,
                    "correl": {
                        "fr": 0.5486516584855639,
                        "Ql": 0.8221372599674485,
                        "A": -0.8834819082842784,
                        "theta": -0.0008074873952101465,
                        "phi_v": 0.819936053878772,
                        "phi_0": -0.8194445541200082,
                        "alpha": -0.5452941121314486
                    },
                    "value": 11103.700670356107
                },
                "A": {
                    "name": "A",
                    "user_data": null,
                    "init_value": 0.010940592700240549,
                    "min": 0,
                    "max": Infinity,
                    "brute_step": null,
                    "stderr": 0.00019599469735325235,
                    "correl": {
                        "fr": -0.12715182163252234,
                        "Ql": -0.9482863360136942,
                        "Qe": -0.8834819082842784,
                        "theta": -0.44095224604710875,
                        "phi_v": -0.5217738716479522,
                        "phi_0": 0.5208750239334367,
                        "alpha": 0.8708195549361099
                    },
                    "value": 0.011448447878379842
                },
                "theta": {
                    "name": "theta",
                    "user_data": null,
                    "init_value": 0,
                    "min": -1.5707963267948966,
                    "max": 1.5707963267948966,
                    "brute_step": null,
                    "stderr": 0.3690802485009442,
                    "correl": {
                        "fr": -0.821725979538369,
                        "Ql": 0.5466890620683542,
                        "Qe": -0.0008074873952101465,
                        "A": -0.44095224604710875,
                        "phi_v": -0.48132744603458305,
                        "phi_0": 0.48234101188441814,
                        "alpha": -0.777928649976125
                    },
                    "value": 1.0197624583360723
                },
                "phi_v": {
                    "name": "phi_v",
                    "user_data": null,
                    "init_value": -1.3200557375186124e-06,
                    "min": -Infinity,
                    "max": Infinity,
                    "brute_step": null,
                    "stderr": 1.2655485982130986e-09,
                    "correl": {
                        "fr": 0.8126953015781191,
                        "Ql": 0.39138412854450544,
                        "Qe": 0.819936053878772,
                        "A": -0.5217738716479522,
                        "theta": -0.48132744603458305,
                        "phi_0": -0.9999993187884451,
                        "alpha": -0.0807029872514597
                    },
                    "value": -1.3284611390101227e-06
                },
                "phi_0": {
                    "name": "phi_0",
                    "user_data": null,
                    "init_value": 7913.293708963893,
                    "min": -Infinity,
                    "max": Infinity,
                    "brute_step": null,
                    "stderr": 7.6016054649519695,
                    "correl": {
                        "fr": -0.8132757002006917,
                        "Ql": -0.39044979256002976,
                        "Qe": -0.8194445541200082,
                        "A": 0.5208750239334367,
                        "theta": 0.48234101188441814,
                        "phi_v": -0.9999993187884451,
                        "alpha": 0.07962060324184733
                    },
                    "value": 7963.769884261672
                },
                "alpha": {
                    "name": "alpha",
                    "user_data": null,
                    "init_value": 0,
                    "min": -1,
                    "max": 1,
                    "brute_step": null,
                    "stderr": 7.57699752272377,
                    "correl": {
                        "fr": 0.3231118744794144,
                        "Ql": -0.8409436992076412,
                        "Qe": -0.5452941121314486,
                        "A": 0.8708195549361099,
                        "theta": -0.777928649976125,
                        "phi_v": -0.0807029872514597,
                        "phi_0": 0.07962060324184733
                    },
                    "value": -0.9914375713638123
                },
                "Qi": {
                    "name": "Qi",
                    "user_data": null,
                    "init_value": -133725.76747757735,
                    "min": -Infinity,
                    "max": Infinity,
                    "brute_step": null,
                    "stderr": 181.23341733938284,
                    "correl": null,
                    "value": 936.1055897560249
                },
                "Qc": {
                    "name": "Qc",
                    "user_data": null,
                    "init_value": 2648.0349995559745,