{
    "fit_success": true,
    "Qi": {
        "__dtype__": "UFloat",
        "nominal_value": 16424.624354705647,
        "std_dev": 169.6028033569089
    },
    "Qe": {
        "__dtype__": "UFloat",
        "nominal_value": 8184.739700626441,
        "std_dev": 34.44361943977657
    },
    "Ql": {
        "__dtype__": "UFloat",
        "nominal_value": 6464.395046625413,
        "std_dev": 34.47282819398818
    },
    "Qc": {
        "__dtype__": "UFloat",
        "nominal_value": 10659.921276622379,
        "std_dev": 58.42374335921666
    },
    "fr": {
        "__dtype__": "UFloat",
        "nominal_value": 5719786148.593464,
        "std_dev": 2359.507396333858
    },
    "fit_msg": "Summary\n$Q_I$: 16.42$\\pm$0.17 k\n$Q_C$: 10.660$\\pm$0.058 k\n$f_{res}$: 5.7197861$\\pm$2.4e-06 GHz",
    "fit_result": {
        "hanger_func_complex_SI": {
            "success": true,
            "message": "Fit succeeded.",
            "params": {
                "fr": {
                    "name": "fr",
                    "user_data": null,
                    "init_value": 5720025125.62814,
                    "min": 5715000000.0,
                    "max": 5725000000.0,
                    "brute_step": null,
                    "stderr": 2359.507396333858,
                    "correl": {
                        "Ql": 5.319245818860002e-05,
                        "Qe": 0.053617606547095895,
                        "A": 0.22925518161037922,
                        "theta": -0.7992299047375178,
                        "phi_v": -0.2304465152339857,
                        "phi_0": 0.23028177814358508,
                        "alpha": 0.33638007622304594
                    },
                    "value": 5719786148.593464
                },
                "Ql": {
                    "name": "Ql",
                    "user_data": null,
                    "init_value": 2577.186504325074,
                    "min": 57.200251256281405,
                    "max": 113828.50000115068,
                    "brute_step": null,
                    "stderr": 34.47282819398818,
                    "correl": {
                        "fr": 5.319245818860002e-05,
                        "Qe": 0.7991865826463405,
                        "A": -0.3170278546690788,
                        "theta": 0.053480890757918585,
                        "phi_v": 0.3198960805177714,
                        "phi_0": -0.3200229018627044,
                        "alpha": 0.20568331220067712
                    },
                    "value": 6464.395046625413
                },
                "Qe": {
                    "name": "Qe",
                    "user_data": null,
                    "init_value": 2526.153108199825,
                    "min": 0,
                    "max": Infinity,
                    "brute_step": null,
                    "stderr": 34.44361943977657,
                    "correl": {
                        "fr": 0.053617606547095895,
                        "Ql": 0.7991865826463405,
                        "A": -0.24412454583204074,
                        "theta": -8.780845755128512e-05,
                        "phi_v": 0.39536710804470565,
                        "phi_0": -0.3955404585486204,
                        "alpha": 0.30501990240784493
                    },
                    "value": 8184.739700626441
                },
                "A": {
                    "name": "A",
                    "user_data": null,
                    "init_value": 0.004415550097350927,
                    "min": 0,
                    "max": Infinity,
                    "brute_step": null,
                    "stderr": 3.5509812465473196e-06,
                    "correl": {
                        "fr": 0.22925518161037922,
                        "Ql": -0.3170278546690788,
                        "Qe": -0.24412454583204074,
                        "theta": -0.3191119100357188,
                        "phi_v": -0.1508204465481136,
                        "phi_0": 0.15083869731870753,
                        "alpha": 0.011638484593389006
                    },
                    "value": 0.004685876572700254
                },
                "theta": {
                    "name": "theta",
                    "user_data": null,
                    "init_value": 0,
                    "min": -1.5707963267948966,
                    "max": 1.5707963267948966,
                    "brute_step": null,
                    "stderr": 0.004208299191747514,
                    "correl": {
                        "fr": -0.7992299047375178,
                        "Ql": 0.053480890757918585,
                        "Qe": -8.780845755128512e-05,
                        "A": -0.3191119100357188,
                        "phi_v": 0.33567897344906805,
                        "phi_0": -0.33554944902145734,
                        "alpha": -0.41957743877013504
                    },
                    "value": 0.6953884414044857
                },
                "phi_v": {
                    "name": "phi_v",
                    "user_data": null,
                    "init_value": -1.358828425079441e-06,
                    "min": -Infinity,
                    "max": Infinity,
                    "brute_step": null,
                    "stderr": 2.658686551998771e-10,
                    "correl": {
                        "fr": -0.2304465152339857,
                        "Ql": 0.3198960805177714,
                        "Qe": 0.39536710804470565,
                        "A": -0.1508204465481136,
                        "theta": 0.33567897344906805,
                        "phi_0": -0.9999998727888822,
                        "alpha": -0.07498573714578098
                    },
                    "value": -1.3102773261485523e-06
                },
                "phi_0": {
                    "name": "phi_0",
                    "user_data": null,
                    "init_value": 7765.438204402831,
                    "min": -Infinity,
                    "max": Infinity,
                    "brute_step": null,
                    "stderr": 1.520715599303947,
                    "correl": {
                        "fr": 0.23028177814358508,
                        "Ql": -0.3200229018627044,
                        "Qe": -0.3955404585486204,
                        "A": 0.15083869731870753,
                        "theta": -0.33554944902145734,
                        "phi_v": -0.9999998727888822,
                        "alpha": 0.07487845286995931
                    },
                    "value": 7488.025389009385
                },
                "alpha": {
                    "name": "alpha",
                    "user_data": null,
                    "init_value": 0,
                    "min": -1,
                    "max": 1,
                    "brute_step": null,
                    "stderr": 2.30284225857582,
                    "correl": {
                        "fr": 0.33638007622304594,
                        "Ql": 0.20568331220067712,
                        "Qe": 0.30501990240784493,
                        "A": 0.011638484593389006,
                        "theta": -0.41957743877013504,
                        "phi_v": -0.07498573714578098,
                        "phi_0": 0.07487845286995931
                    },
                    "value": -0.9656626977331731
                },
                "Qi": {
                    "name": "Qi",
                    "user_data": null,
                    "init_value": -127570.73196409066,
                    "min": -Infinity,
                    "max": Infinity,
                    "brute_step": null,
                    "stderr": 169.6028033569089,
                    "correl": null,
                    "value": 16424.624354705647
                },
                "Qc": {
                    "name": "Qc",
                    "user_data": null,
                    "init_value": 2526.153108199825,