{
    "fit_success": true,
    "Qi": {
        "__dtype__": "UFloat",
        "nominal_value": 13585.92684835898,
        "std_dev": 315.4898148180911
    },
    "Qe": {
        "__dtype__": "UFloat",
        "nominal_value": 8065.1929691818905,
        "std_dev": 76.12464800779613
    },
    "Ql": {
        "__dtype__": "UFloat",
        "nominal_value": 5849.817525730648,
        "std_dev": 73.78362268147377
    },
    "Qc": {
        "__dtype__": "UFloat",
        "nominal_value": 10273.27687166439,
        "std_dev": 123.50574189440323
    },
    "fr": {
        "__dtype__": "UFloat",
        "nominal_value": 5719707905.307055,
        "std_dev": 6166.748134666109
    },
    "fit_msg": "Summary\n$Q_I$: 13.59$\\pm$0.32 k\n$Q_C$: 10.27$\\pm$0.12 k\n$f_{res}$: 5.7197079$\\pm$6.2e-06 GHz",
    "fit_result": {
        "hanger_func_complex_SI": {
            "success": true,
            "message": "Fit succeeded.",
            "params": {
                "fr": {
                    "name": "fr",
                    "user_data": null,
                    "init_value": 5720107023.411371,
                    "min": 5708000000.0,
                    "max": 5728000000.0,
                    "brute_step": null,
                    "stderr": 6166.748134666109,
                    "correl": {
                        "Ql": 0.00016462263191609767,
                        "Qe": 0.021513421989830743,
                        "A": 0.13960316681987345,
                        "theta": -0.7649881787260888,
                        "phi_v": -0.2444059017844552,
                        "phi_0": 0.24419964507209327,
                        "alpha": 0.17604110934065953
                    },
                    "value": 5719707905.307055
                },
                "Ql": {
                    "name": "Ql",
                    "user_data": null,
                    "init_value": 1579.5418128287831,
                    "min": 28.60053511705686,
                    "max": 85515.6000003099,
                    "brute_step": null,
                    "stderr": 73.78362268147377,
                    "correl": {
                        "fr": 0.00016462263191609767,
                        "Qe": 0.7649414602698777,
                        "A": -0.2758867648144272,
                        "theta": 0.0211541822910195,
                        "phi_v": 0.17467491328482795,
                        "phi_0": -0.17489094502302063,
                        "alpha": 0.24354051968221402
                    },
                    "value": 5849.817525730648
                },
                "Qe": {
                    "name": "Qe",
                    "user_data": null,
                    "init_value": 1548.2637571292032,
                    "min": 0,
                    "max": Infinity,
                    "brute_step": null,
                    "stderr": 76.12464800779613,
                    "correl": {
                        "fr": 0.021513421989830743,
                        "Ql": 0.7649414602698777,
                        "A": -0.24633964887539025,
                        "theta": -0.0002038213338052159,
                        "phi_v": 0.22615161996090793,
                        "phi_0": -0.2264445552832633,
                        "alpha": 0.30210558676621796
                    },
                    "value": 8065.1929691818905
                },
                "A": {
                    "name": "A",
                    "user_data": null,
                    "init_value": 0.007984797725194276,
                    "min": 0,
                    "max": Infinity,
                    "brute_step": null,
                    "stderr": 1.0852660688878414e-05,
                    "correl": {
                        "fr": 0.13960316681987345,
                        "Ql": -0.2758867648144272,
                        "Qe": -0.24633964887539025,
                        "theta": -0.1938590427275253,
                        "phi_v": -0.10803371816098405,
                        "phi_0": 0.1080777522585831,
                        "alpha": -0.34228249217703
                    },
                    "value": 0.008209549163281205
                },
                "theta": {
                    "name": "theta",
                    "user_data": null,
                    "init_value": 0,
                    "min": -1.5707963267948966,
                    "max": 1.5707963267948966,
                    "brute_step": null,
                    "stderr": 0.009439595489863796,
                    "correl": {
                        "fr": -0.7649881787260888,
                        "Ql": 0.0211541822910195,
                        "Qe": -0.0002038213338052159,
                        "A": -0.1938590427275253,
                        "phi_v": 0.30311185860018325,
                        "phi_0": -0.30295846446756414,
                        "alpha": -0.22788118854958395
                    },
                    "value": 0.6679948189897988
                },
                "phi_v": {
                    "name": "phi_v",
                    "user_data": null,
                    "init_value": -9.761673957286642e-08,
                    "min": -Infinity,
                    "max": Infinity,
                    "brute_step": null,
                    "stderr": 2.16422879450652e-10,
                    "correl": {
                        "fr": -0.2444059017844552,
                        "Ql": 0.17467491328482795,
                        "Qe": 0.22615161996090793,
                        "A": -0.10803371816098405,
                        "theta": 0.30311185860018325,
                        "phi_0": -0.9999994954025588,
                        "alpha": -0.00443284688547025
                    },
                    "value": -7.534208264389947e-08
                },
                "phi_0": {
                    "name": "phi_0",
                    "user_data": null,
                    "init_value": 556.9280422891508,
                    "min": -Infinity,
                    "max": Infinity,
                    "brute_step": null,
                    "stderr": 1.237422334915922,
                    "correl": {
                        "fr": 0.24419964507209327,
                        "Ql": -0.17489094502302063,
                        "Qe": -0.2264445552832633,
                        "A": 0.1080777522585831,
                        "theta": -0.30295846446756414,
                        "phi_v": -0.9999994954025588,
                        "alpha": 0.004310488781592703
                    },
                    "value": 429.7637320904398
                },
                "alpha": {
                    "name": "alpha",
                    "user_data": null,
                    "init_value": 0,
                    "min": -1,
                    "max": 1,
                    "brute_step": null,
                    "stderr": 1.288961243095326,
                    "correl": {
                        "fr": 0.17604110934065953,
                        "Ql": 0.24354051968221402,
                        "Qe": 0.30210558676621796,
                        "A": -0.34228249217703,
                        "theta": -0.22788118854958395,
                        "phi_v": -0.00443284688547025,
                        "phi_0": 0.004310488781592703
                    },
                    "value": -0.9999825543243593
                },
                "Qi": {
                    "name": "Qi",
                    "user_data": null,
                    "init_value": -78187.31973502523,
                    "min": -Infinity,
                    "max": Infinity,
                    "brute_step": null,
                    "stderr": 315.4898148180911,
                    "correl": null,
                    "value": 13585.92684835898
                },
                "Qc": {
                    "name": "Qc",
                    "user_data": null,
                    "init_value": 1548.2637571292032,