{
    "fit_success": true,
    "Qi": {
        "__dtype__": "UFloat",
        "nominal_value": 59657.62718831686,
        "std_dev": 16702.138631064838
    },
    "Qe": {
        "__dtype__": "UFloat",
        "nominal_value": 3359.326745680875,
        "std_dev": 58.96629925952566
    },
    "Ql": {
        "__dtype__": "UFloat",
        "nominal_value": 4139.5883117200765,
        "std_dev": 95.52912075793819
    },
    "Qc": {
        "__dtype__": "UFloat",
        "nominal_value": 4448.248194836969,
        "std_dev": 103.37888717375797
    },
    "fr": {
        "__dtype__": "UFloat",
        "nominal_value": 5834410779.605745,
        "std_dev": 16260.964127590834
    },
    "fit_msg": "Summary\n$Q_I$: 60$\\pm$17 k\n$Q_C$: 4.45$\\pm$0.10 k\n$f_{res}$: 5.834411$\\pm$1.6e-05 GHz",
    "fit_result": {
        "hanger_func_complex_SI": {
            "success": true,
            "message": "Fit succeeded.",
            "params": {
                "fr": {
                    "name": "fr",
                    "user_data": null,
                    "init_value": 5835050251.256282,
                    "min": 5825000000.0,
                    "max": 5845000000.0,
                    "brute_step": null,
                    "stderr": 16260.964127590834,
                    "correl": {
                        "Ql": 0.00017789993693578902,
                        "Qe": 0.06560055930982747,
                        "A": 0.21966076258130754,
                        "theta": -0.7694845650466179,
                        "phi_v": -0.2048463951579319,
                        "phi_0": 0.20457542428747832,
                        "alpha": 0.29069798939757924
                    },
                    "value": 5834410779.605745
                },
                "Ql": {
                    "name": "Ql",
                    "user_data": null,
                    "init_value": 1314.505830765349,
                    "min": 29.175251256281413,
                    "max": 58058.750000035994,
                    "brute_step": null,
                    "stderr": 95.52912075793819,
                    "correl": {
                        "fr": 0.00017789993693578902,
                        "Qe": 0.7695449088930333,
                        "A": -0.2715155163252485,
                        "theta": 0.06531039760429189,
                        "phi_v": 0.2897159880208883,
                        "phi_0": -0.2899275137641276,
                        "alpha": 0.20359066874760376
                    },
                    "value": 4139.5883117200765
                },
                "Qe": {
                    "name": "Qe",
                    "user_data": null,
                    "init_value": 1288.4760123343517,
                    "min": 0,
                    "max": Infinity,
                    "brute_step": null,
                    "stderr": 58.96629925952566,
                    "correl": {
                        "fr": 0.06560055930982747,
                        "Ql": 0.7695449088930333,
                        "A": -0.1100538154430313,
                        "theta": -8.563649994854258e-05,
                        "phi_v": 0.3563669977636719,
                        "phi_0": -0.35666172153632764,
                        "alpha": 0.3037398639161044
                    },
                    "value": 3359.326745680875
                },
                "A": {
                    "name": "A",
                    "user_data": null,
                    "init_value": 0.16738038995165064,
                    "min": 0,
                    "max": Infinity,
                    "brute_step": null,
                    "stderr": 0.0008054285332903291,
                    "correl": {
                        "fr": 0.21966076258130754,
                        "Ql": -0.2715155163252485,
                        "Qe": -0.1100538154430313,
                        "theta": -0.3054970449524369,
                        "phi_v": -0.12666063269651373,
                        "phi_0": 0.12666079858499155,
                        "alpha": 0.018299591631546822
                    },
                    "value": 0.17542102036302087
                },
                "theta": {
                    "name": "theta",
                    "user_data": null,
                    "init_value": 0,
                    "min": -1.5707963267948966,
                    "max": 1.5707963267948966,
                    "brute_step": null,
                    "stderr": 0.017550458304525507,
                    "correl": {
                        "fr": -0.7694845650466179,
                        "Ql": 0.06531039760429189,
                        "Qe": -8.563649994854258e-05,
                        "A": -0.3054970449524369,
                        "phi_v": 0.3055353896329512,
                        "phi_0": -0.3054208881008294,
                        "alpha": -0.35780655999287675
                    },
                    "value": 0.7148338179307325
                },
                "phi_v": {
                    "name": "phi_v",
                    "user_data": null,
                    "init_value": -1.1053466604859256e-07,
                    "min": -Infinity,
                    "max": Infinity,
                    "brute_step": null,
                    "stderr": 8.021446759924253e-10,
                    "correl": {
                        "fr": -0.2048463951579319,
                        "Ql": 0.2897159880208883,
                        "Qe": 0.3563669977636719,
                        "A": -0.12666063269651373,
                        "theta": 0.3055353896329512,
                        "phi_0": -0.9999995184098758,
                        "alpha": -0.005369588346269178
                    },
                    "value": -9.420426149216826e-08
                },
                "phi_0": {
                    "name": "phi_0",
                    "user_data": null,
                    "init_value": 643.6825324868387,
                    "min": -Infinity,
                    "max": Infinity,
                    "brute_step": null,
                    "stderr": 4.680131087810168,
                    "correl": {
                        "fr": 0.20457542428747832,
                        "Ql": -0.2899275137641276,
                        "Qe": -0.35666172153632764,
                        "A": 0.12666079858499155,
                        "theta": -0.3054208881008294,
                        "phi_v": -0.9999995184098758,
                        "alpha": 0.005240413994037527
                    },
                    "value": 548.6144035270485
                },
                "alpha": {
                    "name": "alpha",
                    "user_data": null,
                    "init_value": 0,
                    "min": -1,
                    "max": 1,
                    "brute_step": null,
                    "stderr": 2.072601846814674,
                    "correl": {
                        "fr": 0.29069798939757924,
                        "Ql": 0.20359066874760376,
                        "Qe": 0.3037398639161044,
                        "A": 0.018299591631546822,
                        "theta": -0.35780655999287675,
                        "phi_v": -0.005369588346269178,
                        "phi_0": 0.005240413994037527
                    },
                    "value": 0.9997487991799134
                },
                "Qi": {
                    "name": "Qi",
                    "user_data": null,
                    "init_value": -65068.03862288427,
                    "min": -Infinity,
                    "max": Infinity,
                    "brute_step": null,
                    "stderr": 16702.138631064838,
                    "correl": null,
                    "value": 59657.62718831686
                },
                "Qc": {
                    "name": "Qc",
                    "user_data": null,
                    "init_value": 1288.4760123343517,