{
    "fit_success": true,
    "frequency_01": {
        "__dtype__": "UFloat",
        "nominal_value": 5765165368.637923,
        "std_dev": 455271063061.62054
    },
    "fit_msg": "Summary\nFrequency 0-1: 5.8$\\pm$4.6e+02 GHz\nPeak width: 7.0e+02$\\pm$1.1e+06 MHz\n",
    "fit_result": {
        "Lorentzian_peak": {
            "success": true,
            "message": "Fit succeeded.",
            "params": {
                "x0": {
                    "name": "x0",
                    "user_data": null,
                    "init_value": 4151226787.4663477,
                    "min": -Infinity,
                    "max": Infinity,
                    "brute_step": null,
                    "stderr": 455271063061.62054,
                    "correl": {
                        "width": -0.999647895455019,
                        "a": -0.9998713981084513,
                        "c": 0.9980335609472245
                    },
                    "value": 5765165368.637923
                },
                "width": {
                    "name": "width",
                    "user_data": null,
                    "init_value": 40201512.61036511,
                    "min": -Infinity,
                    "max": Infinity,
                    "brute_step": null,
                    "stderr": 1083703653610.8483,
                    "correl": {
                        "x0": -0.999647895455019,
                        "a": 0.9999448102641408,
                        "c": -0.9960308767342886
                    },
                    "value": 701301998.1242862
                },
                "a": {
                    "name": "a",
                    "user_data": null,
                    "init_value": 4856.156125482741,
                    "min": -Infinity,
                    "max": Infinity,
                    "brute_step": null,
                    "stderr": 618068389.4393958,
                    "correl": {
                        "x0": -0.9998713981084513,
                        "width": 0.9999448102641408,
                        "c": -0.9969094587310425
                    },
                    "value": -317181.5054350914
                },
                "c": {
                    "name": "c",
                    "user_data": null,
                    "init_value": 0.0018141758568241862,
                    "min": -Infinity,
                    "max": Infinity,
                    "brute_step": null,
                    "stderr": 0.0018550338876599632,
                    "correl": {
                        "x0": 0.9980335609472245,
                        "width": -0.9960308767342886,
                        "a": -0.9969094587310425
                    },
                    "value": 0.0018391472410312238
                }
            }
        }
    }
}