{
    "fit_success": true,
    "frequency_01": {
        "__dtype__": "UFloat",
        "nominal_value": 4167289349.0502477,
        "std_dev": 53942169.14126431
    },
    "fit_msg": "Summary\nFrequency 0-1: 4.167$\\pm$0.054 GHz\nPeak width: 1.1$\\pm$5.8 GHz\n",
    "fit_result": {
        "Lorentzian_peak": {
            "success": true,
            "message": "Fit succeeded.",
            "params": {
                "x0": {
                    "name": "x0",
                    "user_data": null,
                    "init_value": 4129786035.672605,
                    "min": -Infinity,
                    "max": Infinity,
                    "brute_step": null,
                    "stderr": 53942169.14126431,
                    "correl": {
                        "width": -0.08019523256150585,
                        "a": -0.04953960218284703,
                        "c": 0.03234102563967821
                    },
                    "value": 4167289349.0502477
                },
                "width": {
                    "name": "width",
                    "user_data": null,
                    "init_value": 40201512.61036511,
                    "min": -Infinity,
                    "max": Infinity,
                    "brute_step": null,
                    "stderr": 5797718566.733855,
                    "correl": {
                        "x0": -0.08019523256150585,
                        "a": 0.9990885316624144,
                        "c": -0.997852347751034
                    },
                    "value": 1085906706.3573735
                },
                "a": {
                    "name": "a",
                    "user_data": null,
                    "init_value": 142709.6906033142,
                    "min": -Infinity,
                    "max": Infinity,
                    "brute_step": null,
                    "stderr": 14037734.9748504,
                    "correl": {
                        "x0": -0.04953960218284703,
                        "width": 0.9990885316624144,
                        "c": -0.9997370521775495
                    },
                    "value": 967982.1868443907
                },
                "c": {
                    "name": "c",
                    "user_data": null,
                    "init_value": 0.0008881545359505946,
                    "min": -Infinity,
                    "max": Infinity,
                    "brute_step": null,
                    "stderr": 0.008228821013389601,
                    "correl": {
                        "x0": 0.03234102563967821,
                        "width": -0.997852347751034,
                        "a": -0.9997370521775495
                    },
                    "value": 3.531830924788807e-05
                }
            }
        }
    }
}