{
    "fit_success": true,
    "Qi": {
        "__dtype__": "UFloat",
        "nominal_value": 28877.493474890132,
        "std_dev": 2685.583655755468
    },
    "Qe": {
        "__dtype__": "UFloat",
        "nominal_value": 2464.1860568591464,
        "std_dev": 22.943505405273037
    },
    "Ql": {
        "__dtype__": "UFloat",
        "nominal_value": 2866.6432573389147,
        "std_dev": 34.063303095228186
    },
    "Qc": {
        "__dtype__": "UFloat",
        "nominal_value": 3182.574628136694,
        "std_dev": 38.264307288610176
    },
    "fr": {
        "__dtype__": "UFloat",
        "nominal_value": 5837666833.08223,
        "std_dev": 12097.792155210045
    },
    "fit_msg": "Summary\n$Q_I$: 28.9$\\pm$2.7 k\n$Q_C$: 3.183$\\pm$0.038 k\n$f_{res}$: 5.837667$\\pm$1.2e-05 GHz",
    "fit_result": {
        "hanger_func_complex_SI": {
            "success": true,
            "message": "Fit succeeded.",
            "params": {
                "fr": {
                    "name": "fr",
                    "user_data": null,
                    "init_value": 5838398241.20603,
                    "min": 5828750000.0,
                    "max": 5848750000.0,
                    "brute_step": null,
                    "stderr": 12097.792155210045,
                    "correl": {
                        "Ql": 0.00029794845770628794,
                        "Qe": 0.09182379189616699,
                        "A": 0.2682155277695799,
                        "theta": -0.7945613013792874,
                        "phi_v": -0.20172794081972442,
                        "phi_0": 0.20137470059713347,
                        "alpha": 0.3705152134920699
                    },
                    "value": 5837666833.08223
                },
                "Ql": {
                    "name": "Ql",
                    "user_data": null,
                    "init_value": 1315.2600577421156,
                    "min": 29.191991206030153,
                    "max": 58092.06250003601,
                    "brute_step": null,
                    "stderr": 34.063303095228186,
                    "correl": {
                        "fr": 0.00029794845770628794,
                        "Qe": 0.7946324982463415,
                        "A": -0.3347379704600157,
                        "theta": 0.09130557566328125,
                        "phi_v": 0.36977652735671074,
                        "phi_0": -0.3700088020926544,
                        "alpha": 0.2006801475075795
                    },
                    "value": 2866.6432573389147
                },
                "Qe": {
                    "name": "Qe",
                    "user_data": null,
                    "init_value": 1289.2153041234599,
                    "min": 0,
                    "max": Infinity,
                    "brute_step": null,
                    "stderr": 22.943505405273037,
                    "correl": {
                        "fr": 0.09182379189616699,
                        "Ql": 0.7946324982463415,
                        "A": -0.16342407849638263,
                        "theta": -0.00019179675424070713,
                        "phi_v": 0.4407661073909595,
                        "phi_0": -0.44109560639775575,
                        "alpha": 0.3292113612342371
                    },
                    "value": 2464.1860568591464
                },
                "A": {
                    "name": "A",
                    "user_data": null,
                    "init_value": 0.005875332786240081,
                    "min": 0,
                    "max": Infinity,
                    "brute_step": null,
                    "stderr": 1.696519586045344e-05,
                    "correl": {
                        "fr": 0.2682155277695799,
                        "Ql": -0.3347379704600157,
                        "Qe": -0.16342407849638263,
                        "theta": -0.37212853173517896,
                        "phi_v": -0.18091296060734474,
                        "phi_0": 0.180896454869373,
                        "alpha": 0.09535860877549666
                    },
                    "value": 0.006349652325627453
                },
                "theta": {
                    "name": "theta",
                    "user_data": null,
                    "init_value": 0,
                    "min": -1.5707963267948966,
                    "max": 1.5707963267948966,
                    "brute_step": null,
                    "stderr": 0.009308894906735128,
                    "correl": {
                        "fr": -0.7945613013792874,
                        "Ql": 0.09130557566328125,
                        "Qe": -0.00019179675424070713,
                        "A": -0.37212853173517896,
                        "phi_v": 0.3307298265621174,
                        "phi_0": -0.3305323607786353,
                        "alpha": -0.44194047098216477
                    },
                    "value": 0.6852285984213076
                },
                "phi_v": {
                    "name": "phi_v",
                    "user_data": null,
                    "init_value": -1.2224529058144718e-07,
                    "min": -Infinity,
                    "max": Infinity,
                    "brute_step": null,
                    "stderr": 4.6478076596196723e-10,
                    "correl": {
                        "fr": -0.20172794081972442,
                        "Ql": 0.36977652735671074,
                        "Qe": 0.4407661073909595,
                        "A": -0.18091296060734474,
                        "theta": 0.3307298265621174,
                        "phi_0": -0.99999951720028,
                        "alpha": -0.003976700765367273
                    },
                    "value": -7.133726918292482e-08
                },
                "phi_0": {
                    "name": "phi_0",
                    "user_data": null,
                    "init_value": 710.2972519715318,
                    "min": -Infinity,
                    "max": Infinity,
                    "brute_step": null,
                    "stderr": 2.7134931322714264,
                    "correl": {
                        "fr": 0.20137470059713347,
                        "Ql": -0.3700088020926544,
                        "Qe": -0.44109560639775575,
                        "A": 0.180896454869373,
                        "theta": -0.3305323607786353,
                        "phi_v": -0.99999951720028,
                        "alpha": 0.003784950126485655
                    },
                    "value": 413.6633368095624
                },
                "alpha": {
                    "name": "alpha",
                    "user_data": null,
                    "init_value": 0,
                    "min": -1,
                    "max": 1,
                    "brute_step": null,
                    "stderr": 3.092465283307763,
                    "correl": {
                        "fr": 0.3705152134920699,
                        "Ql": 0.2006801475075795,
                        "Qe": 0.3292113612342371,
                        "A": 0.09535860877549666,
                        "theta": -0.44194047098216477,
                        "phi_v": -0.003976700765367273,
                        "phi_0": 0.003784950126485655
                    },
                    "value": 0.9999582658250219
                },
                "Qi": {
                    "name": "Qi",
                    "user_data": null,
                    "init_value": -65105.372858234485,
                    "min": -Infinity,
                    "max": Infinity,
                    "brute_step": null,
                    "stderr": 2685.583655755468,
                    "correl": null,
                    "value": 28877.493474890132
                },
                "Qc": {
                    "name": "Qc",
                    "user_data": null,
                    "init_value": 1289.2153041234599,