{
    "amplitude": {
        "__dtype__": "UFloat",
        "nominal_value": 42797.029479395875,
        "std_dev": 16999.703683978925
    },
    "frequency": {
        "__dtype__": "UFloat",
        "nominal_value": 102.15999058415362,
        "std_dev": 2.2405924133065476
    },
    "shift": {
        "__dtype__": "UFloat",
        "nominal_value": 1.2271737397696771,
        "std_dev": 0.3974146788718512
    },
    "offset": {
        "__dtype__": "UFloat",
        "nominal_value": 5527732210.3780155,
        "std_dev": 12510.399954249868
    },
    "offset_0": {
        "__dtype__": "UFloat",
        "nominal_value": 0.0033635730099462234,
        "std_dev": 0.0038908199640319344
    },
    "freq_0": 5527775007.407495,
    "fit_success": true,
    "fit_msg": "Summary:\nf_0: 5.5278 GHz\noffset_0: 3.4$\\pm$3.9 mV\n",
    "fit_result": {
        "sin": {
            "success": true,
            "message": "Fit succeeded.",
            "params": {
                "amplitude": {
                    "name": "amplitude",
                    "user_data": null,
                    "init_value": 42809.341441189514,
                    "min": 0,
                    "max": Infinity,
                    "brute_step": null,
                    "stderr": 16999.703683978925,
                    "correl": {
                        "frequency": -0.03339794348228661,
                        "shift": 0.0003672310809811928
                    },
                    "value": 42797.029479395875
                },
                "frequency": {
                    "name": "frequency",
                    "user_data": null,
                    "init_value": 102.1017612416683,
                    "min": 0,
                    "max": Infinity,
                    "brute_step": null,
                    "stderr": 2.2405924133065476,
                    "correl": {
                        "amplitude": -0.03339794348228661,
                        "shift": -0.027487152399816375
                    },
                    "value": 102.15999058415362
                },
                "shift": {
                    "name": "shift",
                    "user_data": null,
                    "init_value": 1.1423973285781066,
                    "min": -6.283195307179586,
                    "max": 6.283195307179586,
                    "brute_step": null,
                    "stderr": 0.3974146788718512,
                    "correl": {
                        "amplitude": 0.0003672310809811928,
                        "frequency": -0.027487152399816375
                    },
                    "value": 1.2271737397696771
                },
                "offset": {
                    "name": "offset",
                    "user_data": null,
                    "init_value": 5527732210.3780155,
                    "min": -Infinity,
                    "max": Infinity,
                    "brute_step": null,
                    "stderr": 12510.399954249868,
                    "correl": null,
                    "value": 5527732210.3780155
                }
            }
        }
    }
}