{
    "fit_success": true,
    "frequency_01": {
        "__dtype__": "UFloat",
        "nominal_value": 4027438625.918125,
        "std_dev": 393950.94912773557
    },
    "fit_msg": "Summary\nFrequency 0-1: 4.02744$\\pm$0.00039 GHz\nPeak width: 11.0$\\pm$1.3 MHz\n",
    "fit_result": {
        "Lorentzian_peak": {
            "success": true,
            "message": "Fit succeeded.",
            "params": {
                "x0": {
                    "name": "x0",
                    "user_data": null,
                    "init_value": 4028868686.868687,
                    "min": -Infinity,
                    "max": Infinity,
                    "brute_step": null,
                    "stderr": 393950.94912773557,
                    "correl": {
                        "width": -0.007427062100597769,
                        "a": -0.006162903981796315,
                        "c": 0.007042664318494591
                    },
                    "value": 4027438625.918125
                },
                "width": {
                    "name": "width",
                    "user_data": null,
                    "init_value": 8040302.522073026,
                    "min": -Infinity,
                    "max": Infinity,
                    "brute_step": null,
                    "stderr": 1292638.9700631087,
                    "correl": {
                        "x0": -0.007427062100597769,
                        "a": 0.8394480316039038,
                        "c": -0.6388099982942412
                    },
                    "value": 11001684.850009216
                },
                "a": {
                    "name": "a",
                    "user_data": null,
                    "init_value": 3751.962403762693,
                    "min": -Infinity,
                    "max": Infinity,
                    "brute_step": null,
                    "stderr": 195.9034141964796,
                    "correl": {
                        "x0": -0.006162903981796315,
                        "width": 0.8394480316039038,
                        "c": -0.7982394665557726
                    },
                    "value": 1847.440047631784
                },
                "c": {
                    "name": "c",
                    "user_data": null,
                    "init_value": 0.0005325071561358093,
                    "min": -Infinity,
                    "max": Infinity,
                    "brute_step": null,
                    "stderr": 4.365348474043766e-06,
                    "correl": {
                        "x0": 0.007042664318494591,
                        "width": -0.6388099982942412,
                        "a": -0.7982394665557726
                    },
                    "value": 0.0004959870733106934
                }
            }
        }
    }
}