{
    "fit_success": true,
    "Qi": {
        "__dtype__": "UFloat",
        "nominal_value": 1078.3393643377808,
        "std_dev": 163.8727285881417
    },
    "Qe": {
        "__dtype__": "UFloat",
        "nominal_value": 14380.357046137193,
        "std_dev": 4012.675348637306
    },
    "Ql": {
        "__dtype__": "UFloat",
        "nominal_value": 1032.3041971313542,
        "std_dev": 167.9266896595275
    },
    "Qc": {
        "__dtype__": "UFloat",
        "nominal_value": 24180.953807471877,
        "std_dev": 11335.582134266258
    },
    "fr": {
        "__dtype__": "UFloat",
        "nominal_value": 5995729437.431728,
        "std_dev": 472380.4197922933
    },
    "fit_msg": "Summary\n$Q_I$: 1.08$\\pm$0.16 k\n$Q_C$: 24$\\pm$11 k\n$f_{res}$: 5.99573$\\pm$0.00047 GHz",
    "fit_result": {
        "hanger_func_complex_SI": {
            "success": true,
            "message": "Fit succeeded.",
            "params": {
                "fr": {
                    "name": "fr",
                    "user_data": null,
                    "init_value": 5995653266.331658,
                    "min": 5995000000.0,
                    "max": 6005000000.0,
                    "brute_step": null,
                    "stderr": 472380.4197922933,
                    "correl": {
                        "Ql": 0.0011600102651454069,
                        "Qe": 0.43964996536939854,
                        "A": 0.0048951536750429315,
                        "theta": -0.8782924615632705,
                        "phi_v": 0.7015950865585674,
                        "phi_0": -0.7022576742668374,
                        "alpha": -0.4541900672195882
                    },
                    "value": 5995729437.431728
                },
                "Ql": {
                    "name": "Ql",
                    "user_data": null,
                    "init_value": 2701.3721693933394,
                    "min": 59.95653266331658,
                    "max": 119313.50000120614,
                    "brute_step": null,
                    "stderr": 167.9266896595275,
                    "correl": {
                        "fr": 0.0011600102651454069,
                        "Qe": 0.8785665321367415,
                        "A": -0.9402579497692573,
                        "theta": 0.43812855593434,
                        "phi_v": 0.5133566303814123,
                        "phi_0": -0.5126573135113142,
                        "alpha": 0.7400285752771266
                    },
                    "value": 1032.3041971313542
                },
                "Qe": {
                    "name": "Qe",
                    "user_data": null,
                    "init_value": 2647.8796511875307,
                    "min": 0,
                    "max": Infinity,
                    "brute_step": null,
                    "stderr": 4012.675348637306,
                    "correl": {
                        "fr": 0.43964996536939854,
                        "Ql": 0.8785665321367415,
                        "A": -0.870952324573663,
                        "theta": -0.000544425864329465,
                        "phi_v": 0.8320532904921665,
                        "phi_0": -0.8316885121794678,
                        "alpha": 0.48777580805242615
                    },
                    "value": 14380.357046137193
                },
                "A": {
                    "name": "A",
                    "user_data": null,
                    "init_value": 0.010899764079994191,
                    "min": 0,
                    "max": Infinity,
                    "brute_step": null,
                    "stderr": 0.00012967637505847582,
                    "correl": {
                        "fr": 0.0048951536750429315,
                        "Ql": -0.9402579497692573,
                        "Qe": -0.870952324573663,
                        "theta": -0.4542143782364186,
                        "phi_v": -0.544572888296809,
                        "phi_0": 0.5438174397254542,
                        "alpha": -0.8469205305580704
                    },
                    "value": 0.01133737157750514
                },
                "theta": {
                    "name": "theta",
                    "user_data": null,
                    "init_value": 0,
                    "min": -1.5707963267948966,
                    "max": 1.5707963267948966,
                    "brute_step": null,
                    "stderr": 0.27875576541865893,
                    "correl": {
                        "fr": -0.8782924615632705,
                        "Ql": 0.43812855593434,
                        "Qe": -0.000544425864329465,
                        "A": -0.4542143782364186,
                        "phi_v": -0.4225283535895881,
                        "phi_0": 0.4234550613568234,
                        "alpha": 0.7949717192034963
                    },
                    "value": 0.9339067782648658
                },
                "phi_v": {
                    "name": "phi_v",
                    "user_data": null,
                    "init_value": -1.3230633004216045e-06,
                    "min": -Infinity,
                    "max": Infinity,
                    "brute_step": null,
                    "stderr": 1.0286737022493715e-09,
                    "correl": {
                        "fr": 0.7015950865585674,
                        "Ql": 0.5133566303814123,
                        "Qe": 0.8320532904921665,
                        "A": -0.544572888296809,
                        "theta": -0.4225283535895881,
                        "phi_0": -0.9999994620227318,
                        "alpha": 0.0805557270539714
                    },
                    "value": -1.3289906388501314e-06
                },
                "phi_0": {
                    "name": "phi_0",
                    "user_data": null,
                    "init_value": 7931.324726786609,
                    "min": -Infinity,
                    "max": Infinity,
                    "brute_step": null,
                    "stderr": 6.177154070094053,
                    "correl": {
                        "fr": -0.7022576742668374,
                        "Ql": -0.5126573135113142,
                        "Qe": -0.8316885121794678,
                        "A": 0.5438174397254542,
                        "theta": 0.4234550613568234,
                        "phi_v": -0.9999994620227318,
                        "alpha": -0.07961496694962583
                    },
                    "value": 7966.939817322845
                },
                "alpha": {
                    "name": "alpha",
                    "user_data": null,
                    "init_value": 0,
                    "min": -1,
                    "max": 1,
                    "brute_step": null,
                    "stderr": 6.248247037666819,
                    "correl": {
                        "fr": -0.4541900672195882,
                        "Ql": 0.7400285752771266,
                        "Qe": 0.48777580805242615,
                        "A": -0.8469205305580704,
                        "theta": 0.7949717192034963,
                        "phi_v": 0.0805557270539714,
                        "phi_0": -0.07961496694962583
                    },
                    "value": -0.9969439872972425
                },
                "Qi": {
                    "name": "Qi",
                    "user_data": null,
                    "init_value": -133717.92238497006,
                    "min": -Infinity,
                    "max": Infinity,
                    "brute_step": null,
                    "stderr": 163.8727285881417,
                    "correl": null,
                    "value": 1078.3393643377808
                },
                "Qc": {
                    "name": "Qc",
                    "user_data": null,
                    "init_value": 2647.8796511875307,
                    "min": -Infinity,