{
    "fit_success": true,
    "Qi": {
        "__dtype__": "UFloat",
        "nominal_value": 16605.220673591957,
        "std_dev": 315.80664985404155
    },
    "Qe": {
        "__dtype__": "UFloat",
        "nominal_value": 4074.7224134522908,
        "std_dev": 18.692912708136753
    },
    "Ql": {
        "__dtype__": "UFloat",
        "nominal_value": 3517.1291502707986,
        "std_dev": 20.940886234446886
    },
    "Qc": {
        "__dtype__": "UFloat",
        "nominal_value": 4462.278214795799,
        "std_dev": 22.415211302591967
    },
    "fr": {
        "__dtype__": "UFloat",
        "nominal_value": 5913494881.658669,
        "std_dev": 5005.0158907909545
    },
    "fit_msg": "Summary\n$Q_I$: 16.61$\\pm$0.32 k\n$Q_C$: 4.462$\\pm$0.022 k\n$f_{res}$: 5.9134949$\\pm$5.0e-06 GHz",
    "fit_result": {
        "hanger_func_complex_SI": {
            "success": true,
            "message": "Fit succeeded.",
            "params": {
                "fr": {
                    "name": "fr",
                    "user_data": null,
                    "init_value": 5913749246.231155,
                    "min": 5903900000.0,
                    "max": 5923900000.0,
                    "brute_step": null,
                    "stderr": 5005.0158907909545,
                    "correl": {
                        "Ql": 0.0002605244516536347,
                        "Qe": 0.0362337847991641,
                        "A": 0.1560724376448286,
                        "theta": -0.7945457655852737,
                        "phi_v": -0.1321200150548898,
                        "phi_0": 0.13176638784062844,
                        "alpha": 0.3621130343962344
                    },
                    "value": 5913494881.658669
                },
                "Ql": {
                    "name": "Ql",
                    "user_data": null,
                    "init_value": 1332.2349476221525,
                    "min": 29.56874623115578,
                    "max": 58841.805000036475,
                    "brute_step": null,
                    "stderr": 20.940886234446886,
                    "correl": {
                        "fr": 0.0002605244516536347,
                        "Qe": 0.7945813877587584,
                        "A": -0.3565693135639841,
                        "theta": 0.03570257452176909,
                        "phi_v": 0.3616353889247905,
                        "phi_0": -0.3617771893927571,
                        "alpha": 0.1310509372157217
                    },
                    "value": 3517.1291502707986
                },
                "Qe": {
                    "name": "Qe",
                    "user_data": null,
                    "init_value": 1305.8540575702286,
                    "min": 0,
                    "max": Infinity,
                    "brute_step": null,
                    "stderr": 18.692912708136753,
                    "correl": {
                        "fr": 0.0362337847991641,
                        "Ql": 0.7945813877587584,
                        "A": -0.2914250284114212,
                        "theta": -0.00025458007433170997,
                        "phi_v": 0.46804147867362933,
                        "phi_0": -0.46824003782550694,
                        "alpha": 0.20032918281465917
                    },
                    "value": 4074.7224134522908
                },
                "A": {
                    "name": "A",
                    "user_data": null,
                    "init_value": 0.007390334974904406,
                    "min": 0,
                    "max": Infinity,
                    "brute_step": null,
                    "stderr": 7.200632878652998e-06,
                    "correl": {
                        "fr": 0.1560724376448286,
                        "Ql": -0.3565693135639841,
                        "Qe": -0.2914250284114212,
                        "theta": -0.2170789028140727,
                        "phi_v": -0.166693361479208,
                        "phi_0": 0.16668967637840676,
                        "alpha": 0.03146846495423875
                    },
                    "value": 0.007950812731787993
                },
                "theta": {
                    "name": "theta",
                    "user_data": null,
                    "init_value": 0,
                    "min": -1.5707963267948966,
                    "max": 1.5707963267948966,
                    "brute_step": null,
                    "stderr": 0.004586880635853178,
                    "correl": {
                        "fr": -0.7945457655852737,
                        "Ql": 0.03570257452176909,
                        "Qe": -0.00025458007433170997,
                        "A": -0.2170789028140727,
                        "phi_v": 0.201885164002678,
                        "phi_0": -0.20159158002034447,
                        "alpha": -0.46877063716994066
                    },
                    "value": 0.419854045396314
                },
                "phi_v": {
                    "name": "phi_v",
                    "user_data": null,
                    "init_value": -1.0577023136250264e-07,
                    "min": -Infinity,
                    "max": Infinity,
                    "brute_step": null,
                    "stderr": 1.5781917996597904e-10,
                    "correl": {
                        "fr": -0.1321200150548898,
                        "Ql": 0.3616353889247905,
                        "Qe": 0.46804147867362933,
                        "A": -0.166693361479208,
                        "theta": 0.201885164002678,
                        "phi_0": -0.9999995279720293,
                        "alpha": -0.004038552735511258
                    },
                    "value": -7.117171117820192e-08
                },
                "phi_0": {
                    "name": "phi_0",
                    "user_data": null,
                    "init_value": 622.9260248743176,
                    "min": -Infinity,
                    "max": Infinity,
                    "brute_step": null,
                    "stderr": 0.9332923808371658,
                    "correl": {
                        "fr": 0.13176638784062844,
                        "Ql": -0.3617771893927571,
                        "Qe": -0.46824003782550694,
                        "A": 0.16668967637840676,
                        "theta": -0.20159158002034447,
                        "phi_v": -0.9999995279720293,
                        "alpha": 0.003866275223728325
                    },
                    "value": 418.7381606646337
                },
                "alpha": {
                    "name": "alpha",
                    "user_data": null,
                    "init_value": 0,
                    "min": -1,
                    "max": 1,
                    "brute_step": null,
                    "stderr": 1.0003514923529808,
                    "correl": {
                        "fr": 0.3621130343962344,
                        "Ql": 0.1310509372157217,
                        "Qe": 0.20032918281465917,
                        "A": 0.03146846495423875,
                        "theta": -0.46877063716994066,
                        "phi_v": -0.004038552735511258,
                        "phi_0": 0.003866275223728325
                    },
                    "value": 0.9999800568634309
                },
                "Qi": {
                    "name": "Qi",
                    "user_data": null,
                    "init_value": -65945.62990729627,
                    "min": -Infinity,
                    "max": Infinity,
                    "brute_step": null,
                    "stderr": 315.80664985404155,
                    "correl": null,
                    "value": 16605.220673591957
                },
                "Qc": {
                    "name": "Qc",
                    "user_data": null,
                    "init_value": 1305.8540575702286,