{
    "fit_success": true,
    "frequency_01": {
        "__dtype__": "UFloat",
        "nominal_value": 3973008233.7251215,
        "std_dev": 3731521.724272577
    },
    "fit_msg": "Summary\nFrequency 0-1: 3.9730$\\pm$0.0037 GHz\nPeak width: 3.1$\\pm$4.3 MHz\n",
    "fit_result": {
        "Lorentzian_peak": {
            "success": true,
            "message": "Fit succeeded.",
            "params": {
                "x0": {
                    "name": "x0",
                    "user_data": null,
                    "init_value": 3973449009.6885705,
                    "min": -Infinity,
                    "max": Infinity,
                    "brute_step": null,
                    "stderr": 3731521.724272577,
                    "correl": {
                        "width": 0.7027825085039126,
                        "a": -0.11581287336307675,
                        "c": -0.06211527288765465
                    },
                    "value": 3973008233.7251215
                },
                "width": {
                    "name": "width",
                    "user_data": null,
                    "init_value": 40201512.61036511,
                    "min": -Infinity,
                    "max": Infinity,
                    "brute_step": null,
                    "stderr": 4342017.943091034,
                    "correl": {
                        "x0": 0.7027825085039126,
                        "a": 0.5572453264327295,
                        "c": -0.19162605135751146
                    },
                    "value": 3100980.0907776146
                },
                "a": {
                    "name": "a",
                    "user_data": null,
                    "init_value": 5529.135720859498,
                    "min": -Infinity,
                    "max": Infinity,
                    "brute_step": null,
                    "stderr": 128.6157400062696,
                    "correl": {
                        "x0": -0.11581287336307675,
                        "width": 0.5572453264327295,
                        "c": -0.24299377927686008
                    },
                    "value": 145.89519112276741
                },
                "c": {
                    "name": "c",
                    "user_data": null,
                    "init_value": 0.0018134183778068971,
                    "min": -Infinity,
                    "max": Infinity,
                    "brute_step": null,
                    "stderr": 1.7545622417783109e-06,
                    "correl": {
                        "x0": -0.06211527288765465,
                        "width": -0.19162605135751146,
                        "a": -0.24299377927686008
                    },
                    "value": 0.0018127193412084206
                }
            }
        }
    }
}