{
    "fit_success": true,
    "frequency_01": {
        "__dtype__": "UFloat",
        "nominal_value": 4230003831.186974,
        "std_dev": 2658150.435067093
    },
    "fit_msg": "Summary\nFrequency 0-1: 4.2300$\\pm$0.0027 GHz\nPeak width: 66$\\pm$11 MHz\n",
    "fit_result": {
        "Lorentzian_peak": {
            "success": true,
            "message": "Fit succeeded.",
            "params": {
                "x0": {
                    "name": "x0",
                    "user_data": null,
                    "init_value": 4249483005.3695745,
                    "min": -Infinity,
                    "max": Infinity,
                    "brute_step": null,
                    "stderr": 2658150.435067093,
                    "correl": {
                        "width": 0.0008976491349766228,
                        "a": 0.0017349265037062585,
                        "c": -0.002350342544088377
                    },
                    "value": 4230003831.186974
                },
                "width": {
                    "name": "width",
                    "user_data": null,
                    "init_value": 30151134.457773823,
                    "min": -Infinity,
                    "max": Infinity,
                    "brute_step": null,
                    "stderr": 10613565.174846876,
                    "correl": {
                        "x0": 0.0008976491349766228,
                        "a": 0.891169889190819,
                        "c": -0.7657307371393637
                    },
                    "value": 66113747.21085808
                },
                "a": {
                    "name": "a",
                    "user_data": null,
                    "init_value": 62392.51774715093,
                    "min": -Infinity,
                    "max": Infinity,
                    "brute_step": null,
                    "stderr": 6349.100192110834,
                    "correl": {
                        "x0": 0.0017349265037062585,
                        "width": 0.891169889190819,
                        "c": -0.9002089599518895
                    },
                    "value": 37952.78876382146
                },
                "c": {
                    "name": "c",
                    "user_data": null,
                    "init_value": 0.0010078884904676654,
                    "min": -Infinity,
                    "max": Infinity,
                    "brute_step": null,
                    "stderr": 2.969676709547605e-05,
                    "correl": {
                        "x0": -0.002350342544088377,
                        "width": -0.7657307371393637,
                        "a": -0.9002089599518895
                    },
                    "value": 0.000820021660947361
                }
            }
        }
    }
}