{
    "fit_success": true,
    "Qi": {
        "__dtype__": "UFloat",
        "nominal_value": 20527.562766669165,
        "std_dev": 633.6375544469926
    },
    "Qe": {
        "__dtype__": "UFloat",
        "nominal_value": 10590.579793176363,
        "std_dev": 133.9466345844884
    },
    "Ql": {
        "__dtype__": "UFloat",
        "nominal_value": 8527.157377931477,
        "std_dev": 138.5160933824282
    },
    "Qc": {
        "__dtype__": "UFloat",
        "nominal_value": 14586.32043056063,
        "std_dev": 254.09076438432885
    },
    "fr": {
        "__dtype__": "UFloat",
        "nominal_value": 5718166732.8021755,
        "std_dev": 5446.536197066352
    },
    "fit_msg": "Summary\n$Q_I$: 20.53$\\pm$0.63 k\n$Q_C$: 14.59$\\pm$0.25 k\n$f_{res}$: 5.7181667$\\pm$5.4e-06 GHz",
    "fit_result": {
        "hanger_func_complex_SI": {
            "success": true,
            "message": "Fit succeeded.",
            "params": {
                "fr": {
                    "name": "fr",
                    "user_data": null,
                    "init_value": 5718417085.427135,
                    "min": 5715000000.0,
                    "max": 5725000000.0,
                    "brute_step": null,
                    "stderr": 5446.536197066352,
                    "correl": {
                        "Ql": 5.6890092706382494e-05,
                        "Qe": 0.06919129961783092,
                        "A": 0.30982023970347183,
                        "theta": -0.7802739416555735,
                        "phi_v": -0.04782317181797622,
                        "phi_0": 0.04765941606630335,
                        "alpha": -0.3568671684913886
                    },
                    "value": 5718166732.8021755
                },
                "Ql": {
                    "name": "Ql",
                    "user_data": null,
                    "init_value": 2576.461993608176,
                    "min": 57.18417085427135,
                    "max": 113796.50000115036,
                    "brute_step": null,
                    "stderr": 138.5160933824282,
                    "correl": {
                        "fr": 5.6890092706382494e-05,
                        "Qe": 0.7802721277407632,
                        "A": -0.24241875703306165,
                        "theta": 0.06914573918117639,
                        "phi_v": 0.35431707867180456,
                        "phi_0": -0.3543921691514503,
                        "alpha": -0.02113670540778144
                    },
                    "value": 8527.157377931477
                },
                "Qe": {
                    "name": "Qe",
                    "user_data": null,
                    "init_value": 2525.4429442297965,
                    "min": 0,
                    "max": Infinity,
                    "brute_step": null,
                    "stderr": 133.9466345844884,
                    "correl": {
                        "fr": 0.06919129961783092,
                        "Ql": 0.7802721277407632,
                        "A": -0.12386517750572962,
                        "theta": 8.773028955769259e-06,
                        "phi_v": 0.46038858168555136,
                        "phi_0": -0.4605018381672247,
                        "alpha": -0.14846365752568766
                    },
                    "value": 10590.579793176363
                },
                "A": {
                    "name": "A",
                    "user_data": null,
                    "init_value": 0.04166828123519977,
                    "min": 0,
                    "max": Infinity,
                    "brute_step": null,
                    "stderr": 0.00010836203276649425,
                    "correl": {
                        "fr": 0.30982023970347183,
                        "Ql": -0.24241875703306165,
                        "Qe": -0.12386517750572962,
                        "theta": -0.4302235115440748,
                        "phi_v": -0.10980899217962818,
                        "phi_0": 0.10977896868395813,
                        "alpha": -0.5544085142153931
                    },
                    "value": 0.04408237386960612
                },
                "theta": {
                    "name": "theta",
                    "user_data": null,
                    "init_value": 0,
                    "min": -1.5707963267948966,
                    "max": 1.5707963267948966,
                    "brute_step": null,
                    "stderr": 0.012647908694146573,
                    "correl": {
                        "fr": -0.7802739416555735,
                        "Ql": 0.06914573918117639,
                        "Qe": 8.773028955769259e-06,
                        "A": -0.4302235115440748,
                        "phi_v": 0.1834648881720786,
                        "phi_0": -0.18332672187872023,
                        "alpha": 0.4727639625754602
                    },
                    "value": 0.758218073370049
                },
                "phi_v": {
                    "name": "phi_v",
                    "user_data": null,
                    "init_value": -1.3252757532849572e-06,
                    "min": -Infinity,
                    "max": Infinity,
                    "brute_step": null,
                    "stderr": 7.207058983298923e-10,
                    "correl": {
                        "fr": -0.04782317181797622,
                        "Ql": 0.35431707867180456,
                        "Qe": 0.46038858168555136,
                        "A": -0.10980899217962818,
                        "theta": 0.1834648881720786,
                        "phi_0": -0.9999998742019716,
                        "alpha": 0.07460710139572219
                    },
                    "value": -1.3041389502345921e-06
                },
                "phi_0": {
                    "name": "phi_0",
                    "user_data": null,
                    "init_value": 7572.076581840097,
                    "min": -Infinity,
                    "max": Infinity,
                    "brute_step": null,
                    "stderr": 4.1224708763357425,
                    "correl": {
                        "fr": 0.04765941606630335,
                        "Ql": -0.3543921691514503,
                        "Qe": -0.4605018381672247,
                        "A": 0.10977896868395813,
                        "theta": -0.18332672187872023,
                        "phi_v": -0.9999998742019716,
                        "alpha": -0.07452453533180127
                    },
                    "value": 7451.372294518188
                },
                "alpha": {
                    "name": "alpha",
                    "user_data": null,
                    "init_value": 0,
                    "min": -1,
                    "max": 1,
                    "brute_step": null,
                    "stderr": 4.153094383052258,
                    "correl": {
                        "fr": -0.3568671684913886,
                        "Ql": -0.02113670540778144,
                        "Qe": -0.14846365752568766,
                        "A": -0.5544085142153931,
                        "theta": 0.4727639625754602,
                        "phi_v": 0.07460710139572219,
                        "phi_0": -0.07452453533180127
                    },
                    "value": -0.9926872929793065
                },
                "Qi": {
                    "name": "Qi",
                    "user_data": null,
                    "init_value": -127534.8686836059,
                    "min": -Infinity,
                    "max": Infinity,
                    "brute_step": null,
                    "stderr": 633.6375544469926,
                    "correl": null,
                    "value": 20527.562766669165
                },
                "Qc": {
                    "name": "Qc",
                    "user_data": null,
                    "init_value": 2525.4429442297965,