{
    "amplitude": {
        "__dtype__": "UFloat",
        "nominal_value": 861589.0221781479,
        "std_dev": 60604.39804942186
    },
    "frequency": {
        "__dtype__": "UFloat",
        "nominal_value": 11.28454178235436,
        "std_dev": 0.3570428660894676
    },
    "shift": {
        "__dtype__": "UFloat",
        "nominal_value": 0.572523678516168,
        "std_dev": 0.0679328841126351
    },
    "offset": {
        "__dtype__": "UFloat",
        "nominal_value": 5719620955.104648,
        "std_dev": 125545.9190009058
    },
    "offset_0": {
        "__dtype__": "UFloat",
        "nominal_value": 0.0884637291910007,
        "std_dev": 0.006638877583720806
    },
    "freq_0": 5720482544.126825,
    "fit_success": true,
    "fit_msg": "Summary:\nf_0: 5.7205 GHz\noffset_0: 88.5$\\pm$6.6 mV\n",
    "fit_result": {
        "sin": {
            "success": true,
            "message": "Fit succeeded.",
            "params": {
                "amplitude": {
                    "name": "amplitude",
                    "user_data": null,
                    "init_value": 822064.7103878141,
                    "min": 0,
                    "max": Infinity,
                    "brute_step": null,
                    "stderr": 60604.39804942186,
                    "correl": {
                        "frequency": 0.07348085940610447,
                        "shift": -0.09998310443433557
                    },
                    "value": 861589.0221781479
                },
                "frequency": {
                    "name": "frequency",
                    "user_data": null,
                    "init_value": 10.053096491487338,
                    "min": 0,
                    "max": Infinity,
                    "brute_step": null,
                    "stderr": 0.3570428660894676,
                    "correl": {
                        "amplitude": 0.07348085940610447,
                        "shift": -0.13505421409973736
                    },
                    "value": 11.28454178235436
                },
                "shift": {
                    "name": "shift",
                    "user_data": null,
                    "init_value": 0.5711986642890533,
                    "min": -6.283195307179586,
                    "max": 6.283195307179586,
                    "brute_step": null,
                    "stderr": 0.0679328841126351,
                    "correl": {
                        "amplitude": -0.09998310443433557,
                        "frequency": -0.13505421409973736
                    },
                    "value": 0.572523678516168
                },
                "offset": {
                    "name": "offset",
                    "user_data": null,
                    "init_value": 5719620955.104648,
                    "min": -Infinity,
                    "max": Infinity,
                    "brute_step": null,
                    "stderr": 125545.9190009058,
                    "correl": null,
                    "value": 5719620955.104648
                }
            }
        }
    }
}