{
    "fit_success": true,
    "frequency_01": {
        "__dtype__": "UFloat",
        "nominal_value": 4262773364.0556397,
        "std_dev": 450850.16956650204
    },
    "fit_msg": "Summary\nFrequency 0-1: 4.26277$\\pm$0.00045 GHz\nPeak width: 7.7$\\pm$1.2 MHz\n",
    "fit_result": {
        "Lorentzian_peak": {
            "success": true,
            "message": "Fit succeeded.",
            "params": {
                "x0": {
                    "name": "x0",
                    "user_data": null,
                    "init_value": 4264129470.016039,
                    "min": -Infinity,
                    "max": Infinity,
                    "brute_step": null,
                    "stderr": 450850.16956650204,
                    "correl": {
                        "width": -0.009585469729946627,
                        "a": -0.004641343692819129,
                        "c": 0.0025386870099771038
                    },
                    "value": 4262773364.0556397
                },
                "width": {
                    "name": "width",
                    "user_data": null,
                    "init_value": 20100756.30518254,
                    "min": -Infinity,
                    "max": Infinity,
                    "brute_step": null,
                    "stderr": 1212635.954801354,
                    "correl": {
                        "x0": -0.009585469729946627,
                        "a": 0.7514198720791553,
                        "c": -0.3586367799654409
                    },
                    "value": 7707728.02051813
                },
                "a": {
                    "name": "a",
                    "user_data": null,
                    "init_value": 45212.642048912516,
                    "min": -Infinity,
                    "max": Infinity,
                    "brute_step": null,
                    "stderr": 748.7085846270813,
                    "correl": {
                        "x0": -0.004641343692819129,
                        "width": 0.7514198720791553,
                        "c": -0.4892117849823401
                    },
                    "value": 6291.829049506688
                },
                "c": {
                    "name": "c",
                    "user_data": null,
                    "init_value": 0.0009431236910148774,
                    "min": -Infinity,
                    "max": Infinity,
                    "brute_step": null,
                    "stderr": 1.2624961140153592e-05,
                    "correl": {
                        "x0": 0.0025386870099771038,
                        "width": -0.3586367799654409,
                        "a": -0.4892117849823401
                    },
                    "value": 0.000889578691935595
                }
            }
        }
    }
}