{
    "fit_success": true,
    "Qi": {
        "__dtype__": "UFloat",
        "nominal_value": 20755.305196287605,
        "std_dev": 691.1367296607436
    },
    "Qe": {
        "__dtype__": "UFloat",
        "nominal_value": 10797.713190618028,
        "std_dev": 147.5433496376457
    },
    "Ql": {
        "__dtype__": "UFloat",
        "nominal_value": 8629.507490319138,
        "std_dev": 151.66566342578292
    },
    "Qc": {
        "__dtype__": "UFloat",
        "nominal_value": 14770.827123980833,
        "std_dev": 276.0795029498495
    },
    "fr": {
        "__dtype__": "UFloat",
        "nominal_value": 5718177552.313937,
        "std_dev": 5822.902805982161
    },
    "fit_msg": "Summary\n$Q_I$: 20.76$\\pm$0.69 k\n$Q_C$: 14.77$\\pm$0.28 k\n$f_{res}$: 5.7181776$\\pm$5.8e-06 GHz",
    "fit_result": {
        "hanger_func_complex_SI": {
            "success": true,
            "message": "Fit succeeded.",
            "params": {
                "fr": {
                    "name": "fr",
                    "user_data": null,
                    "init_value": 5718417085.427135,
                    "min": 5715000000.0,
                    "max": 5725000000.0,
                    "brute_step": null,
                    "stderr": 5822.902805982161,
                    "correl": {
                        "Ql": 0.0001788197361872284,
                        "Qe": 0.06769662021138836,
                        "A": 0.30672162977703227,
                        "theta": -0.7797601316880062,
                        "phi_v": -0.04593778522889797,
                        "phi_0": 0.04577470604651994,
                        "alpha": 0.3548912452952431
                    },
                    "value": 5718177552.313937
                },
                "Ql": {
                    "name": "Ql",
                    "user_data": null,
                    "init_value": 2576.461993608176,
                    "min": 57.18417085427135,
                    "max": 113796.50000115036,
                    "brute_step": null,
                    "stderr": 151.66566342578292,
                    "correl": {
                        "fr": 0.0001788197361872284,
                        "Qe": 0.7797521225220723,
                        "A": -0.24303759906464104,
                        "theta": 0.06734768044736134,
                        "phi_v": 0.35238256128022716,
                        "phi_0": -0.352456189105809,
                        "alpha": 0.0197788439025086
                    },
                    "value": 8629.507490319138
                },
                "Qe": {
                    "name": "Qe",
                    "user_data": null,
                    "init_value": 2525.4429442297965,
                    "min": 0,
                    "max": Infinity,
                    "brute_step": null,
                    "stderr": 147.5433496376457,
                    "correl": {
                        "fr": 0.06769662021138836,
                        "Ql": 0.7797521225220723,
                        "A": -0.127798496568002,
                        "theta": -0.00017779495099028497,
                        "phi_v": 0.4588168618742618,
                        "phi_0": -0.45892791778609376,
                        "alpha": 0.14460239470087635
                    },
                    "value": 10797.713190618028
                },
                "A": {
                    "name": "A",
                    "user_data": null,
                    "init_value": 0.0345709027276797,
                    "min": 0,
                    "max": Infinity,
                    "brute_step": null,
                    "stderr": 9.576550575768355e-05,
                    "correl": {
                        "fr": 0.30672162977703227,
                        "Ql": -0.24303759906464104,
                        "Qe": -0.127798496568002,
                        "theta": -0.4260492562498178,
                        "phi_v": -0.11033896385607112,
                        "phi_0": 0.11030947422002159,
                        "alpha": 0.5530484114668719
                    },
                    "value": 0.03652868463192904
                },
                "theta": {
                    "name": "theta",
                    "user_data": null,
                    "init_value": 0,
                    "min": -1.5707963267948966,
                    "max": 1.5707963267948966,
                    "brute_step": null,
                    "stderr": 0.013664786918991092,
                    "correl": {
                        "fr": -0.7797601316880062,
                        "Ql": 0.06734768044736134,
                        "Qe": -0.00017779495099028497,
                        "A": -0.4260492562498178,
                        "phi_v": 0.1790452676328314,
                        "phi_0": -0.17890679874700785,
                        "alpha": -0.4709440288639036
                    },
                    "value": 0.7509863906094312
                },
                "phi_v": {
                    "name": "phi_v",
                    "user_data": null,
                    "init_value": -1.329806906132774e-06,
                    "min": -Infinity,
                    "max": Infinity,
                    "brute_step": null,
                    "stderr": 7.691243387559192e-10,
                    "correl": {
                        "fr": -0.04593778522889797,
                        "Ql": 0.35238256128022716,
                        "Qe": 0.4588168618742618,
                        "A": -0.11033896385607112,
                        "theta": 0.1790452676328314,
                        "phi_0": -0.9999998742113527,
                        "alpha": -0.07447811376089505
                    },
                    "value": -1.3047431198181635e-06
                },
                "phi_0": {
                    "name": "phi_0",
                    "user_data": null,
                    "init_value": 7598.249997190281,
                    "min": -Infinity,
                    "max": Infinity,
                    "brute_step": null,
                    "stderr": 4.399431501248104,
                    "correl": {
                        "fr": 0.04577470604651994,
                        "Ql": -0.352456189105809,
                        "Qe": -0.45892791778609376,
                        "A": 0.11030947422002159,
                        "theta": -0.17890679874700785,
                        "phi_v": -0.9999998742113527,
                        "alpha": 0.07439645310410424
                    },
                    "value": 7455.1052681694955
                },
                "alpha": {
                    "name": "alpha",
                    "user_data": null,
                    "init_value": 0,
                    "min": -1,
                    "max": 1,
                    "brute_step": null,
                    "stderr": 4.448209216657584,
                    "correl": {
                        "fr": 0.3548912452952431,
                        "Ql": 0.0197788439025086,
                        "Qe": 0.14460239470087635,
                        "A": 0.5530484114668719,
                        "theta": -0.4709440288639036,
                        "phi_v": -0.07447811376089505,
                        "phi_0": 0.07439645310410424
                    },
                    "value": 0.9936728024320032
                },
                "Qi": {
                    "name": "Qi",
                    "user_data": null,
                    "init_value": -127534.8686836059,
                    "min": -Infinity,
                    "max": Infinity,
                    "brute_step": null,
                    "stderr": 691.1367296607436,
                    "correl": null,
                    "value": 20755.305196287605
                },
                "Qc": {
                    "name": "Qc",
                    "user_data": null,
                    "init_value": 2525.4429442297965,