{
    "fit_success": true,
    "Qi": {
        "__dtype__": "UFloat",
        "nominal_value": 14238.453549622101,
        "std_dev": 130.42555265765486
    },
    "Qe": {
        "__dtype__": "UFloat",
        "nominal_value": 10206.604761120747,
        "std_dev": 45.83417878213118
    },
    "Ql": {
        "__dtype__": "UFloat",
        "nominal_value": 6489.291241751831,
        "std_dev": 36.78535072302933
    },
    "Qc": {
        "__dtype__": "UFloat",
        "nominal_value": 11923.543248256843,
        "std_dev": 62.54680150519764
    },
    "fr": {
        "__dtype__": "UFloat",
        "nominal_value": 5719782766.910816,
        "std_dev": 2498.0935964117707
    },
    "fit_msg": "Summary\n$Q_I$: 14.24$\\pm$0.13 k\n$Q_C$: 11.924$\\pm$0.063 k\n$f_{res}$: 5.7197828$\\pm$2.5e-06 GHz",
    "fit_result": {
        "hanger_func_complex_SI": {
            "success": true,
            "message": "Fit succeeded.",
            "params": {
                "fr": {
                    "name": "fr",
                    "user_data": null,
                    "init_value": 5720025125.62814,
                    "min": 5715000000.0,
                    "max": 5725000000.0,
                    "brute_step": null,
                    "stderr": 2498.0935964117707,
                    "correl": {
                        "Ql": 0.0001368792162986523,
                        "Qe": 0.03618602378394717,
                        "A": 0.1895152493237013,
                        "theta": -0.8031458890597405,
                        "phi_v": -0.17807910043905276,
                        "phi_0": 0.1778955746152025,
                        "alpha": 0.3632141915903475
                    },
                    "value": 5719782766.910816
                },
                "Ql": {
                    "name": "Ql",
                    "user_data": null,
                    "init_value": 2577.186504325074,
                    "min": 57.200251256281405,
                    "max": 113828.50000115068,
                    "brute_step": null,
                    "stderr": 36.78535072302933,
                    "correl": {
                        "fr": 0.0001368792162986523,
                        "Qe": 0.8031623995173626,
                        "A": -0.34370446252108994,
                        "theta": 0.03590379925313954,
                        "phi_v": 0.35092525031288335,
                        "phi_0": -0.351025912691635,
                        "alpha": 0.15160200383679295
                    },
                    "value": 6489.291241751831
                },
                "Qe": {
                    "name": "Qe",
                    "user_data": null,
                    "init_value": 2526.153108199825,
                    "min": 0,
                    "max": Infinity,
                    "brute_step": null,
                    "stderr": 45.83417878213118,
                    "correl": {
                        "fr": 0.03618602378394717,
                        "Ql": 0.8031623995173626,
                        "A": -0.31480743554005164,
                        "theta": -0.00014044616435740802,
                        "phi_v": 0.4502969653302838,
                        "phi_0": -0.4504346617330732,
                        "alpha": 0.22902465984568945
                    },
                    "value": 10206.604761120747
                },
                "A": {
                    "name": "A",
                    "user_data": null,
                    "init_value": 0.003707440978208841,
                    "min": 0,
                    "max": Infinity,
                    "brute_step": null,
                    "stderr": 2.548507157926926e-06,
                    "correl": {
                        "fr": 0.1895152493237013,
                        "Ql": -0.34370446252108994,
                        "Qe": -0.31480743554005164,
                        "theta": -0.2622444229921548,
                        "phi_v": -0.15480090900315105,
                        "phi_0": 0.15481560608167116,
                        "alpha": 0.041478013752557
                    },
                    "value": 0.003932270443168351
                },
                "theta": {
                    "name": "theta",
                    "user_data": null,
                    "init_value": 0,
                    "min": -1.5707963267948966,
                    "max": 1.5707963267948966,
                    "brute_step": null,
                    "stderr": 0.004490429324218473,
                    "correl": {
                        "fr": -0.8031458890597405,
                        "Ql": 0.03590379925313954,
                        "Qe": -0.00014044616435740802,
                        "A": -0.2622444229921548,
                        "phi_v": 0.26315745001836666,
                        "phi_0": -0.26298464611888717,
                        "alpha": -0.4686371156798047
                    },
                    "value": 0.5433058535472912
                },
                "phi_v": {
                    "name": "phi_v",
                    "user_data": null,
                    "init_value": -1.3715121360736725e-06,
                    "min": -Infinity,
                    "max": Infinity,
                    "brute_step": null,
                    "stderr": 2.2705907458920218e-10,
                    "correl": {
                        "fr": -0.17807910043905276,
                        "Ql": 0.35092525031288335,
                        "Qe": 0.4502969653302838,
                        "A": -0.15480090900315105,
                        "theta": 0.26315745001836666,
                        "phi_0": -0.999999872283325,
                        "alpha": -0.0746062100394864
                    },
                    "value": -1.3074182521378016e-06
                },
                "phi_0": {
                    "name": "phi_0",
                    "user_data": null,
                    "init_value": 7837.326476982628,
                    "min": -Infinity,
                    "max": Infinity,
                    "brute_step": null,
                    "stderr": 1.2987516231456198,
                    "correl": {
                        "fr": 0.1778955746152025,
                        "Ql": -0.351025912691635,
                        "Qe": -0.4504346617330732,
                        "A": 0.15481560608167116,
                        "theta": -0.26298464611888717,
                        "phi_v": -0.999999872283325,
                        "alpha": 0.07449455126372646
                    },
                    "value": 7471.08235917817
                },
                "alpha": {
                    "name": "alpha",
                    "user_data": null,
                    "init_value": 0,
                    "min": -1,
                    "max": 1,
                    "brute_step": null,
                    "stderr": 1.5237030379067122,
                    "correl": {
                        "fr": 0.3632141915903475,
                        "Ql": 0.15160200383679295,
                        "Qe": 0.22902465984568945,
                        "A": 0.041478013752557,
                        "theta": -0.4686371156798047,
                        "phi_v": -0.0746062100394864,
                        "phi_0": 0.07449455126372646
                    },
                    "value": 0.9803908249455153
                },
                "Qi": {
                    "name": "Qi",
                    "user_data": null,
                    "init_value": -127570.73196409066,
                    "min": -Infinity,
                    "max": Infinity,
                    "brute_step": null,
                    "stderr": 130.42555265765486,
                    "correl": null,
                    "value": 14238.453549622101
                },
                "Qc": {
                    "name": "Qc",
                    "user_data": null,
                    "init_value": 2526.153108199825,