{
    "T2*": {
        "__dtype__": "UFloat",
        "nominal_value": 5.037389544604309e-06,
        "std_dev": 1.8754677005656144e-07
    },
    "fitted_detuning": {
        "__dtype__": "UFloat",
        "nominal_value": 2709663.5830442407,
        "std_dev": 1272.9928400173912
    },
    "detuning": {
        "__dtype__": "UFloat",
        "nominal_value": 2509663.5830442407,
        "std_dev": 1272.9928400173912
    },
    "fit_success": true,
    "fit_msg": "Summary\n$T_2^*$: 5.04$\\pm$0.19 \u03bcs\n\nartificial detuning: 200 kHz\nfitted detuning: 2.7097$\\pm$0.0013 MHz\nactual detuning: 2.5097$\\pm$0.0013 MHz\n",
    "fit_result": {
        "Ramsey_decay": {
            "success": true,
            "message": "Fit succeeded.",
            "params": {
                "tau": {
                    "name": "tau",
                    "user_data": null,
                    "init_value": 1.0693333333333331e-05,
                    "min": 0,
                    "max": Infinity,
                    "brute_step": null,
                    "stderr": 1.8754677005656144e-07,
                    "correl": {
                        "frequency": 0.03515681490691061,
                        "phase": -0.041852847647427464,
                        "amplitude": -0.6857615000009725,
                        "offset": 0.013640015947291277
                    },
                    "value": 5.037389544604309e-06
                },
                "n_factor": {
                    "name": "n_factor",
                    "user_data": null,
                    "init_value": 1,
                    "min": -Infinity,
                    "max": Infinity,
                    "brute_step": null,
                    "stderr": 0.0,
                    "correl": null,
                    "value": 1
                },
                "frequency": {
                    "name": "frequency",
                    "user_data": null,
                    "init_value": 2722772.2772277226,
                    "min": 0,
                    "max": Infinity,
                    "brute_step": null,
                    "stderr": 1272.9928400173912,
                    "correl": {
                        "tau": 0.03515681490691061,
                        "phase": -0.7390469105161149,
                        "amplitude": -0.04322558819022436,
                        "offset": -0.013353313814627532
                    },
                    "value": 2709663.5830442407
                },
                "phase": {
                    "name": "phase",
                    "user_data": null,
                    "init_value": 0.12441951103325977,
                    "min": -Infinity,
                    "max": Infinity,
                    "brute_step": null,
                    "stderr": 0.028730671618117296,
                    "correl": {
                        "tau": -0.041852847647427464,
                        "frequency": -0.7390469105161149,
                        "amplitude": 0.052400101968232096,
                        "offset": 0.01946761993057271
                    },
                    "value": -0.013711093009043404
                },
                "amplitude": {
                    "name": "amplitude",
                    "user_data": null,
                    "init_value": 0.0003005446158147813,
                    "min": 0,
                    "max": Infinity,
                    "brute_step": null,
                    "stderr": 8.152720009111925e-06,
                    "correl": {
                        "tau": -0.6857615000009725,
                        "frequency": -0.04322558819022436,
                        "phase": 0.052400101968232096,
                        "offset": -0.016595558625005145
                    },
                    "value": 0.00033078244990347727
                },
                "offset": {
                    "name": "offset",
                    "user_data": null,
                    "init_value": 0.0012706668147593836,
                    "min": -Infinity,
                    "max": Infinity,
                    "brute_step": null,
                    "stderr": 1.7298546441943671e-06,
                    "correl": {
                        "tau": 0.013640015947291277,
                        "frequency": -0.013353313814627532,
                        "phase": 0.01946761993057271,
                        "amplitude": -0.016595558625005145
                    },
                    "value": 0.001269643662815172
                }
            }
        }
    }
}