{
    "fit_success": true,
    "Qi": {
        "__dtype__": "UFloat",
        "nominal_value": 15973.053456230924,
        "std_dev": 180.1844363315746
    },
    "Qe": {
        "__dtype__": "UFloat",
        "nominal_value": 8274.588739292127,
        "std_dev": 38.976701703276014
    },
    "Ql": {
        "__dtype__": "UFloat",
        "nominal_value": 6426.830164534821,
        "std_dev": 38.31352968540734
    },
    "Qc": {
        "__dtype__": "UFloat",
        "nominal_value": 10753.582713860122,
        "std_dev": 65.82792437113218
    },
    "fr": {
        "__dtype__": "UFloat",
        "nominal_value": 5719791037.765618,
        "std_dev": 2652.9686898121836
    },
    "fit_msg": "Summary\n$Q_I$: 15.97$\\pm$0.18 k\n$Q_C$: 10.754$\\pm$0.066 k\n$f_{res}$: 5.7197910$\\pm$2.7e-06 GHz",
    "fit_result": {
        "hanger_func_complex_SI": {
            "success": true,
            "message": "Fit succeeded.",
            "params": {
                "fr": {
                    "name": "fr",
                    "user_data": null,
                    "init_value": 5720025125.62814,
                    "min": 5715000000.0,
                    "max": 5725000000.0,
                    "brute_step": null,
                    "stderr": 2652.9686898121836,
                    "correl": {
                        "Ql": 6.974187427617611e-05,
                        "Qe": 0.0529758495357939,
                        "A": 0.22762903774894777,
                        "theta": -0.8000213288759105,
                        "phi_v": -0.23065956364237242,
                        "phi_0": 0.23049377929171624,
                        "alpha": -0.33740997886697155
                    },
                    "value": 5719791037.765618
                },
                "Ql": {
                    "name": "Ql",
                    "user_data": null,
                    "init_value": 2577.186504325074,
                    "min": 57.200251256281405,
                    "max": 113828.50000115068,
                    "brute_step": null,
                    "stderr": 38.31352968540734,
                    "correl": {
                        "fr": 6.974187427617611e-05,
                        "Qe": 0.7999951729127157,
                        "A": -0.3161625406688562,
                        "theta": 0.05281800039561238,
                        "phi_v": 0.3210221626475107,
                        "phi_0": -0.3211492521140819,
                        "alpha": -0.2060074982713186
                    },
                    "value": 6426.830164534821
                },
                "Qe": {
                    "name": "Qe",
                    "user_data": null,
                    "init_value": 2526.153108199825,
                    "min": 0,
                    "max": Infinity,
                    "brute_step": null,
                    "stderr": 38.976701703276014,
                    "correl": {
                        "fr": 0.0529758495357939,
                        "Ql": 0.7999951729127157,
                        "A": -0.24541106396996837,
                        "theta": -8.890578750655295e-05,
                        "phi_v": 0.397117858337238,
                        "phi_0": -0.397291439928506,
                        "alpha": -0.30513185722891667
                    },
                    "value": 8274.588739292127
                },
                "A": {
                    "name": "A",
                    "user_data": null,
                    "init_value": 0.003482469991181909,
                    "min": 0,
                    "max": Infinity,
                    "brute_step": null,
                    "stderr": 3.08279680426737e-06,
                    "correl": {
                        "fr": 0.22762903774894777,
                        "Ql": -0.3161625406688562,
                        "Qe": -0.24541106396996837,
                        "theta": -0.31620433024105987,
                        "phi_v": -0.14306423343530833,
                        "phi_0": 0.14308246387221124,
                        "alpha": -0.010355220335128945
                    },
                    "value": 0.003694785542488921
                },
                "theta": {
                    "name": "theta",
                    "user_data": null,
                    "init_value": 0,
                    "min": -1.5707963267948966,
                    "max": 1.5707963267948966,
                    "brute_step": null,
                    "stderr": 0.004710689428021057,
                    "correl": {
                        "fr": -0.8000213288759105,
                        "Ql": 0.05281800039561238,
                        "Qe": -8.890578750655295e-05,
                        "A": -0.31620433024105987,
                        "phi_v": 0.3357221800709014,
                        "phi_0": -0.33559008987161654,
                        "alpha": 0.4211607764012373
                    },
                    "value": 0.6927811354434463
                },
                "phi_v": {
                    "name": "phi_v",
                    "user_data": null,
                    "init_value": -1.3702322805542342e-06,
                    "min": -Infinity,
                    "max": Infinity,
                    "brute_step": null,
                    "stderr": 2.930859202411627e-10,
                    "correl": {
                        "fr": -0.23065956364237242,
                        "Ql": 0.3210221626475107,
                        "Qe": 0.397117858337238,
                        "A": -0.14306423343530833,
                        "theta": 0.3357221800709014,
                        "phi_0": -0.999999872675639,
                        "alpha": 0.07463342942390352
                    },
                    "value": -1.3050229143907089e-06
                },
                "phi_0": {
                    "name": "phi_0",
                    "user_data": null,
                    "init_value": 7829.528073639792,
                    "min": -Infinity,
                    "max": Infinity,
                    "brute_step": null,
                    "stderr": 1.6763936233280643,
                    "correl": {
                        "fr": 0.23049377929171624,
                        "Ql": -0.3211492521140819,
                        "Qe": -0.397291439928506,
                        "A": 0.14308246387221124,
                        "theta": -0.33559008987161654,
                        "phi_v": -0.999999872675639,
                        "alpha": -0.07452482754280558
                    },
                    "value": 7456.922003002155
                },
                "alpha": {
                    "name": "alpha",
                    "user_data": null,
                    "init_value": 0,
                    "min": -1,
                    "max": 1,
                    "brute_step": null,
                    "stderr": 1.673721464748398,
                    "correl": {
                        "fr": -0.33740997886697155,
                        "Ql": -0.2060074982713186,
                        "Qe": -0.30513185722891667,
                        "A": -0.010355220335128945,
                        "theta": 0.4211607764012373,
                        "phi_v": 0.07463342942390352,
                        "phi_0": -0.07452482754280558
                    },
                    "value": -0.4918343020997388
                },
                "Qi": {
                    "name": "Qi",
                    "user_data": null,
                    "init_value": -127570.73196409066,
                    "min": -Infinity,
                    "max": Infinity,
                    "brute_step": null,
                    "stderr": 180.1844363315746,
                    "correl": null,
                    "value": 15973.053456230924
                },
                "Qc": {
                    "name": "Qc",
                    "user_data": null,
                    "init_value": 2526.153108199825,