{
    "fit_success": true,
    "Qi": {
        "__dtype__": "UFloat",
        "nominal_value": 25634.892075952168,
        "std_dev": 5222.420850399718
    },
    "Qe": {
        "__dtype__": "UFloat",
        "nominal_value": 2649.5141694623535,
        "std_dev": 62.365251341522296
    },
    "Ql": {
        "__dtype__": "UFloat",
        "nominal_value": 3070.023563102791,
        "std_dev": 93.5630619728755
    },
    "Qc": {
        "__dtype__": "UFloat",
        "nominal_value": 3487.7102282229234,
        "std_dev": 108.06009447390458
    },
    "fr": {
        "__dtype__": "UFloat",
        "nominal_value": 5635858031.696969,
        "std_dev": 27978.064931114255
    },
    "fit_msg": "Summary\n$Q_I$: 25.6$\\pm$5.2 k\n$Q_C$: 3.49$\\pm$0.11 k\n$f_{res}$: 5.635858$\\pm$2.8e-05 GHz",
    "fit_result": {
        "hanger_func_complex_SI": {
            "success": true,
            "message": "Fit succeeded.",
            "params": {
                "fr": {
                    "name": "fr",
                    "user_data": null,
                    "init_value": 5636552763.819096,
                    "min": 5626000000.0,
                    "max": 5646000000.0,
                    "brute_step": null,
                    "stderr": 27978.064931114255,
                    "correl": {
                        "Ql": 0.00012933819348379818,
                        "Qe": 0.07561333253380967,
                        "A": 0.22932802523039192,
                        "theta": -0.788753256847356,
                        "phi_v": -0.2538738163301946,
                        "phi_0": 0.25355609870439544,
                        "alpha": 0.31263193203837175
                    },
                    "value": 5635858031.696969
                },
                "Ql": {
                    "name": "Ql",
                    "user_data": null,
                    "init_value": 1269.788802909029,
                    "min": 28.182763819095477,
                    "max": 56083.70000003477,
                    "brute_step": null,
                    "stderr": 93.5630619728755,
                    "correl": {
                        "fr": 0.00012933819348379818,
                        "Qe": 0.7886592614455152,
                        "A": -0.33488870000057624,
                        "theta": 0.07523224432888129,
                        "phi_v": 0.31013303245290114,
                        "phi_0": -0.3103987927718224,
                        "alpha": 0.2508703595919203
                    },
                    "value": 3070.023563102791
                },
                "Qe": {
                    "name": "Qe",
                    "user_data": null,
                    "init_value": 1244.644470178157,
                    "min": 0,
                    "max": Infinity,
                    "brute_step": null,
                    "stderr": 62.365251341522296,
                    "correl": {
                        "fr": 0.07561333253380967,
                        "Ql": 0.7886592614455152,
                        "A": -0.18405616959467702,
                        "theta": -0.0002663911613684949,
                        "phi_v": 0.3667597207841663,
                        "phi_0": -0.3671256176931439,
                        "alpha": 0.34811638890149244
                    },
                    "value": 2649.5141694623535
                },
                "A": {
                    "name": "A",
                    "user_data": null,
                    "init_value": 0.00045866680190010403,
                    "min": 0,
                    "max": Infinity,
                    "brute_step": null,
                    "stderr": 3.1674748807996293e-06,
                    "correl": {
                        "fr": 0.22932802523039192,
                        "Ql": -0.33488870000057624,
                        "Qe": -0.18405616959467702,
                        "theta": -0.32282736962959013,
                        "phi_v": -0.1773429540256359,
                        "phi_0": 0.17736427296573953,
                        "alpha": -0.09130510828349714
                    },
                    "value": 0.00048626220645719975
                },
                "theta": {
                    "name": "theta",
                    "user_data": null,
                    "init_value": 0,
                    "min": -1.5707963267948966,
                    "max": 1.5707963267948966,
                    "brute_step": null,
                    "stderr": 0.023542413527681015,
                    "correl": {
                        "fr": -0.788753256847356,
                        "Ql": 0.07523224432888129,
                        "Qe": -0.0002663911613684949,
                        "A": -0.32282736962959013,
                        "phi_v": 0.35139588179304754,
                        "phi_0": -0.3512417982067504,
                        "alpha": -0.37026751510200584
                    },
                    "value": 0.7079884589719998
                },
                "phi_v": {
                    "name": "phi_v",
                    "user_data": null,
                    "init_value": -1.6217879199362314e-07,
                    "min": -Infinity,
                    "max": Infinity,
                    "brute_step": null,
                    "stderr": 1.1311796482032197e-09,
                    "correl": {
                        "fr": -0.2538738163301946,
                        "Ql": 0.31013303245290114,
                        "Qe": 0.3667597207841663,
                        "A": -0.1773429540256359,
                        "theta": 0.35139588179304754,
                        "phi_0": -0.9999994820149565,
                        "alpha": -0.008900572743759452
                    },
                    "value": -1.5462390498566852e-07
                },
                "phi_0": {
                    "name": "phi_0",
                    "user_data": null,
                    "init_value": 913.7149567753828,
                    "min": -Infinity,
                    "max": Infinity,
                    "brute_step": null,
                    "stderr": 6.37456400975759,
                    "correl": {
                        "fr": 0.25355609870439544,
                        "Ql": -0.3103987927718224,
                        "Qe": -0.3671256176931439,
                        "A": 0.17736427296573953,
                        "theta": -0.3512417982067504,
                        "phi_v": -0.9999994820149565,
                        "alpha": 0.008718201312802565
                    },
                    "value": 871.3330166171976
                },
                "alpha": {
                    "name": "alpha",
                    "user_data": null,
                    "init_value": 0,
                    "min": -1,
                    "max": 1,
                    "brute_step": null,
                    "stderr": 7.295413730234773,
                    "correl": {
                        "fr": 0.31263193203837175,
                        "Ql": 0.2508703595919203,
                        "Qe": 0.34811638890149244,
                        "A": -0.09130510828349714,
                        "theta": -0.37026751510200584,
                        "phi_v": -0.008900572743759452,
                        "phi_0": 0.008718201312802565
                    },
                    "value": -0.9998949827001593
                },
                "Qi": {
                    "name": "Qi",
                    "user_data": null,
                    "init_value": -62854.54574399655,
                    "min": -Infinity,
                    "max": Infinity,
                    "brute_step": null,
                    "stderr": 5222.420850399718,
                    "correl": null,
                    "value": 25634.892075952168
                },
                "Qc": {
                    "name": "Qc",
                    "user_data": null,
                    "init_value": 1244.644470178157,