{
    "fit_success": true,
    "Qi": {
        "__dtype__": "UFloat",
        "nominal_value": 12326.533829225475,
        "std_dev": 1566.8510066497702
    },
    "Qe": {
        "__dtype__": "UFloat",
        "nominal_value": 8603.473428102297,
        "std_dev": 449.0553070757478
    },
    "Ql": {
        "__dtype__": "UFloat",
        "nominal_value": 5465.9947958481225,
        "std_dev": 392.4669592205565
    },
    "Qc": {
        "__dtype__": "UFloat",
        "nominal_value": 9820.914863044454,
        "std_dev": 585.0807696239993
    },
    "fr": {
        "__dtype__": "UFloat",
        "nominal_value": 5719767089.325249,
        "std_dev": 37565.21405260846
    },
    "fit_msg": "Summary\n$Q_I$: 12.3$\\pm$1.6 k\n$Q_C$: 9.82$\\pm$0.59 k\n$f_{res}$: 5.719767$\\pm$3.8e-05 GHz",
    "fit_result": {
        "hanger_func_complex_SI": {
            "success": true,
            "message": "Fit succeeded.",
            "params": {
                "fr": {
                    "name": "fr",
                    "user_data": null,
                    "init_value": 5719874371.859297,
                    "min": 5695000000.0,
                    "max": 5745000000.0,
                    "brute_step": null,
                    "stderr": 37565.21405260846,
                    "correl": {
                        "Ql": 0.00014883292761836317,
                        "Qe": 0.007629169959946325,
                        "A": 0.09045376024596526,
                        "theta": -0.7337133987751687,
                        "phi_v": -0.09189093821738656,
                        "phi_0": 0.0914753473269242,
                        "alpha": 0.1750943388947717
                    },
                    "value": 5719767089.325249
                },
                "Ql": {
                    "name": "Ql",
                    "user_data": null,
                    "init_value": 515.4237162871167,
                    "min": 11.439748743718594,
                    "max": 22765.10000005732,
                    "brute_step": null,
                    "stderr": 392.4669592205565,
                    "correl": {
                        "fr": 0.00014883292761836317,
                        "Qe": 0.7337594158846138,
                        "A": -0.16358709360763785,
                        "theta": 0.007318854068093392,
                        "phi_v": 0.17488564741503476,
                        "phi_0": -0.17510735186614482,
                        "alpha": 0.09155533523899148
                    },
                    "value": 5465.9947958481225
                },
                "Qe": {
                    "name": "Qe",
                    "user_data": null,
                    "init_value": 505.21730606360944,
                    "min": 0,
                    "max": Infinity,
                    "brute_step": null,
                    "stderr": 449.0553070757478,
                    "correl": {
                        "fr": 0.007629169959946325,
                        "Ql": 0.7337594158846138,
                        "A": -0.14977462490176283,
                        "theta": -0.0001484092094489338,
                        "phi_v": 0.2415357674028603,
                        "phi_0": -0.2418453475958517,
                        "alpha": 0.1308109777553705
                    },
                    "value": 8603.473428102297
                },
                "A": {
                    "name": "A",
                    "user_data": null,
                    "init_value": 0.0037099418609502863,
                    "min": 0,
                    "max": Infinity,
                    "brute_step": null,
                    "stderr": 1.5353099709624726e-05,
                    "correl": {
                        "fr": 0.09045376024596526,
                        "Ql": -0.16358709360763785,
                        "Qe": -0.14977462490176283,
                        "theta": -0.12539953248922572,
                        "phi_v": -0.04950838504356091,
                        "phi_0": 0.049512111889926345,
                        "alpha": 0.008361477877043461
                    },
                    "value": 0.0037552898151256286
                },
                "theta": {
                    "name": "theta",
                    "user_data": null,
                    "init_value": 0,
                    "min": -1.5707963267948966,
                    "max": 1.5707963267948966,
                    "brute_step": null,
                    "stderr": 0.05218791878143107,
                    "correl": {
                        "fr": -0.7337133987751687,
                        "Ql": 0.007318854068093392,
                        "Qe": -0.0001484092094489338,
                        "A": -0.12539953248922572,
                        "phi_v": 0.1314675103724049,
                        "phi_0": -0.1310854853072435,
                        "alpha": -0.2418389932383125
                    },
                    "value": 0.5032167279602104
                },
                "phi_v": {
                    "name": "phi_v",
                    "user_data": null,
                    "init_value": -8.731206148561605e-08,
                    "min": -Infinity,
                    "max": Infinity,
                    "brute_step": null,
                    "stderr": 2.8339886046238927e-10,
                    "correl": {
                        "fr": -0.09189093821738656,
                        "Ql": 0.17488564741503476,
                        "Qe": 0.2415357674028603,
                        "A": -0.04950838504356091,
                        "theta": 0.1314675103724049,
                        "phi_0": -0.9999968195968137,
                        "alpha": -0.004328733615788006
                    },
                    "value": -7.798485928712355e-08
                },
                "phi_0": {
                    "name": "phi_0",
                    "user_data": null,
                    "init_value": 497.8019799840451,
                    "min": -Infinity,
                    "max": Infinity,
                    "brute_step": null,
                    "stderr": 1.621024345250294,
                    "correl": {
                        "fr": 0.0914753473269242,
                        "Ql": -0.17510735186614482,
                        "Qe": -0.2418453475958517,
                        "A": 0.049512111889926345,
                        "theta": -0.1310854853072435,
                        "phi_v": -0.9999968195968137,
                        "alpha": 0.004196683988773357
                    },
                    "value": 444.5450478404083
                },
                "alpha": {
                    "name": "alpha",
                    "user_data": null,
                    "init_value": 0,
                    "min": -1,
                    "max": 1,
                    "brute_step": null,
                    "stderr": 2.156703313880642,
                    "correl": {
                        "fr": 0.1750943388947717,
                        "Ql": 0.09155533523899148,
                        "Qe": 0.1308109777553705,
                        "A": 0.008361477877043461,
                        "theta": -0.2418389932383125,
                        "phi_v": -0.004328733615788006,
                        "phi_0": 0.004196683988773357
                    },
                    "value": 0.9999916668804512
                },
                "Qi": {
                    "name": "Qi",
                    "user_data": null,
                    "init_value": -25513.47395621221,
                    "min": -Infinity,
                    "max": Infinity,
                    "brute_step": null,
                    "stderr": 1566.8510066497702,
                    "correl": null,
                    "value": 12326.533829225475
                },
                "Qc": {
                    "name": "Qc",
                    "user_data": null,
                    "init_value": 505.21730606360944,