{
    "fit_success": true,
    "Qi": {
        "__dtype__": "UFloat",
        "nominal_value": 38033.01085288265,
        "std_dev": 4199.748943898771
    },
    "Qe": {
        "__dtype__": "UFloat",
        "nominal_value": 7599.421035384426,
        "std_dev": 149.69287402495968
    },
    "Ql": {
        "__dtype__": "UFloat",
        "nominal_value": 7048.731816746713,
        "std_dev": 190.758820583653
    },
    "Qc": {
        "__dtype__": "UFloat",
        "nominal_value": 8652.27470268806,
        "std_dev": 194.0324949147063
    },
    "fr": {
        "__dtype__": "UFloat",
        "nominal_value": 5720941417.897729,
        "std_dev": 10981.859040174804
    },
    "fit_msg": "Summary\n$Q_I$: 38.0$\\pm$4.2 k\n$Q_C$: 8.65$\\pm$0.19 k\n$f_{res}$: 5.720941$\\pm$1.1e-05 GHz",
    "fit_result": {
        "hanger_func_complex_SI": {
            "success": true,
            "message": "Fit succeeded.",
            "params": {
                "fr": {
                    "name": "fr",
                    "user_data": null,
                    "init_value": 5721075376.884422,
                    "min": 5706000000.0,
                    "max": 5736000000.0,
                    "brute_step": null,
                    "stderr": 10981.859040174804,
                    "correl": {
                        "Ql": 0.00011265136278537325,
                        "Qe": 0.013540718462806111,
                        "A": 0.09675000265141882,
                        "theta": -0.7380245606265718,
                        "phi_v": -0.10532962298256811,
                        "phi_0": 0.10504789965496802,
                        "alpha": 0.19824642062668357
                    },
                    "value": 5720941417.897729
                },
                "Ql": {
                    "name": "Ql",
                    "user_data": null,
                    "init_value": 859.2199001262984,
                    "min": 19.070251256281406,
                    "max": 37949.800000143565,
                    "brute_step": null,
                    "stderr": 190.758820583653,
                    "correl": {
                        "fr": 0.00011265136278537325,
                        "Qe": 0.7380588301393485,
                        "A": -0.18617658104932325,
                        "theta": 0.01331754292380864,
                        "phi_v": 0.19770561117105864,
                        "phi_0": -0.19785651770889165,
                        "alpha": 0.1043587829374017
                    },
                    "value": 7048.731816746713
                },
                "Qe": {
                    "name": "Qe",
                    "user_data": null,
                    "init_value": 842.2056446782528,
                    "min": 0,
                    "max": Infinity,
                    "brute_step": null,
                    "stderr": 149.69287402495968,
                    "correl": {
                        "fr": 0.013540718462806111,
                        "Ql": 0.7380588301393485,
                        "A": -0.13082395425161822,
                        "theta": -9.565440653939136e-05,
                        "phi_v": 0.2698966869407715,
                        "phi_0": -0.27010785146765015,
                        "alpha": 0.14801535985260444
                    },
                    "value": 7599.421035384426
                },
                "A": {
                    "name": "A",
                    "user_data": null,
                    "init_value": 0.2570740394924405,
                    "min": 0,
                    "max": Infinity,
                    "brute_step": null,
                    "stderr": 0.0006699262025112426,
                    "correl": {
                        "fr": 0.09675000265141882,
                        "Ql": -0.18617658104932325,
                        "Qe": -0.13082395425161822,
                        "theta": -0.13537355402101506,
                        "phi_v": -0.04587193874047371,
                        "phi_0": 0.04587755816472065,
                        "alpha": -0.012093256454410872
                    },
                    "value": 0.2627475485200301
                },
                "theta": {
                    "name": "theta",
                    "user_data": null,
                    "init_value": 0,
                    "min": -1.5707963267948966,
                    "max": 1.5707963267948966,
                    "brute_step": null,
                    "stderr": 0.019696184966490234,
                    "correl": {
                        "fr": -0.7380245606265718,
                        "Ql": 0.01331754292380864,
                        "Qe": -9.565440653939136e-05,
                        "A": -0.13537355402101506,
                        "phi_v": 0.1495319379760765,
                        "phi_0": -0.1493336572008538,
                        "alpha": -0.27066203304469755
                    },
                    "value": 0.4984705077749463
                },
                "phi_v": {
                    "name": "phi_v",
                    "user_data": null,
                    "init_value": -1.2084003912773034e-07,
                    "min": -Infinity,
                    "max": Infinity,
                    "brute_step": null,
                    "stderr": 2.9520074214121266e-10,
                    "correl": {
                        "fr": -0.10532962298256811,
                        "Ql": 0.19770561117105864,
                        "Qe": 0.2698966869407715,
                        "A": -0.04587193874047371,
                        "theta": 0.1495319379760765,
                        "phi_0": -0.9999988594889111,
                        "alpha": -0.0063598705027014075
                    },
                    "value": -1.1263432709635571e-07
                },
                "phi_0": {
                    "name": "phi_0",
                    "user_data": null,
                    "init_value": 688.1827458967394,
                    "min": -Infinity,
                    "max": Infinity,
                    "brute_step": null,
                    "stderr": 1.68880070468533,
                    "correl": {
                        "fr": 0.10504789965496802,
                        "Ql": -0.19785651770889165,
                        "Qe": -0.27010785146765015,
                        "A": 0.04587755816472065,
                        "theta": -0.1493336572008538,
                        "phi_v": -0.9999988594889111,
                        "alpha": 0.006275783397469232
                    },
                    "value": 641.4005916767965
                },
                "alpha": {
                    "name": "alpha",
                    "user_data": null,
                    "init_value": 0,
                    "min": -1,
                    "max": 1,
                    "brute_step": null,
                    "stderr": 2.012696455961408,
                    "correl": {
                        "fr": 0.19824642062668357,
                        "Ql": 0.1043587829374017,
                        "Qe": 0.14801535985260444,
                        "A": -0.012093256454410872,
                        "theta": -0.27066203304469755,
                        "phi_v": -0.0063598705027014075,
                        "phi_0": 0.006275783397469232
                    },
                    "value": 0.9999696741958619
                },
                "Qi": {
                    "name": "Qi",
                    "user_data": null,
                    "init_value": -42531.38505625164,
                    "min": -Infinity,
                    "max": Infinity,
                    "brute_step": null,
                    "stderr": 4199.748943898771,
                    "correl": null,
                    "value": 38033.01085288265
                },
                "Qc": {
                    "name": "Qc",
                    "user_data": null,
                    "init_value": 842.2056446782528,