{
    "T2*": {
        "__dtype__": "UFloat",
        "nominal_value": 0.00010112961926900255,
        "std_dev": 0.0002593243837873859
    },
    "fitted_detuning": {
        "__dtype__": "UFloat",
        "nominal_value": 447487.70140929916,
        "std_dev": 3992.4133868174767
    },
    "detuning": {
        "__dtype__": "UFloat",
        "nominal_value": 447487.70140929916,
        "std_dev": 3992.4133868174767
    },
    "fit_success": true,
    "fit_msg": "Summary\n$T_2^*$: 1.0e+02$\\pm$2.6e+02 \u03bcs\n\nartificial detuning: 0 Hz\nfitted detuning: 447.5$\\pm$4.0 kHz\nactual detuning: 447.5$\\pm$4.0 kHz\n",
    "fit_result": {
        "Ramsey_decay": {
            "success": true,
            "message": "Fit succeeded.",
            "params": {
                "tau": {
                    "name": "tau",
                    "user_data": null,
                    "init_value": 9.941333333333333e-06,
                    "min": 0,
                    "max": Infinity,
                    "brute_step": null,
                    "stderr": 0.0002593243837873859,
                    "correl": {
                        "frequency": -0.06697038232206176,
                        "phase": 0.0608395224884337,
                        "amplitude": -0.8547123333043828,
                        "offset": -0.047196823939965896
                    },
                    "value": 0.00010112961926900255
                },
                "n_factor": {
                    "name": "n_factor",
                    "user_data": null,
                    "init_value": 1,
                    "min": -Infinity,
                    "max": Infinity,
                    "brute_step": null,
                    "stderr": 0.0,
                    "correl": null,
                    "value": 1
                },
                "frequency": {
                    "name": "frequency",
                    "user_data": null,
                    "init_value": 466666.6666666667,
                    "min": 0,
                    "max": Infinity,
                    "brute_step": null,
                    "stderr": 3992.4133868174767,
                    "correl": {
                        "tau": -0.06697038232206176,
                        "phase": -0.8547152195442073,
                        "amplitude": 0.0589873198155976,
                        "offset": -0.053042528889327326
                    },
                    "value": 447487.70140929916
                },
                "phase": {
                    "name": "phase",
                    "user_data": null,
                    "init_value": 1.8497697544336695,
                    "min": -Infinity,
                    "max": Infinity,
                    "brute_step": null,
                    "stderr": 0.20899262086092596,
                    "correl": {
                        "tau": 0.0608395224884337,
                        "frequency": -0.8547152195442073,
                        "amplitude": -0.06015177487922245,
                        "offset": 0.0282162367605248
                    },
                    "value": 1.7142563849046641
                },
                "amplitude": {
                    "name": "amplitude",
                    "user_data": null,
                    "init_value": 0.00017230580335288924,
                    "min": 0,
                    "max": Infinity,
                    "brute_step": null,
                    "stderr": 1.2978118689940184e-05,
                    "correl": {
                        "tau": -0.8547123333043828,
                        "frequency": 0.0589873198155976,
                        "phase": -0.06015177487922245,
                        "offset": 0.06265308688384227
                    },
                    "value": 6.188397941597756e-05
                },
                "offset": {
                    "name": "offset",
                    "user_data": null,
                    "init_value": 0.001035693332950272,
                    "min": -Infinity,
                    "max": Infinity,
                    "brute_step": null,
                    "stderr": 4.439176114349054e-06,
                    "correl": {
                        "tau": -0.047196823939965896,
                        "frequency": -0.053042528889327326,
                        "phase": 0.0282162367605248,
                        "amplitude": 0.06265308688384227
                    },
                    "value": 0.0010374220345196468
                }
            }
        }
    }
}