{
    "fit_success": true,
    "Qi": {
        "__dtype__": "UFloat",
        "nominal_value": 2091.7053426444622,
        "std_dev": 2072.857012919198
    },
    "Qe": {
        "__dtype__": "UFloat",
        "nominal_value": 116219.46388602999,
        "std_dev": 163355.879768305
    },
    "Ql": {
        "__dtype__": "UFloat",
        "nominal_value": 2073.4377839404547,
        "std_dev": 2079.6933146437027
    },
    "Qc": {
        "__dtype__": "UFloat",
        "nominal_value": 237416.55689096873,
        "std_dev": 681903.7823761937
    },
    "fr": {
        "__dtype__": "UFloat",
        "nominal_value": 5795256949.181035,
        "std_dev": 1401567.7232159632
    },
    "fit_msg": "Summary\n$Q_I$: 2.1$\\pm$2.1 k\n$Q_C$: 2.4e+02$\\pm$6.8e+02 k\n$f_{res}$: 5.7953$\\pm$0.0014 GHz",
    "fit_result": {
        "hanger_func_complex_SI": {
            "success": true,
            "message": "Fit succeeded.",
            "params": {
                "fr": {
                    "name": "fr",
                    "user_data": null,
                    "init_value": 5795703517.587939,
                    "min": 5795000000.0,
                    "max": 5805000000.0,
                    "brute_step": null,
                    "stderr": 1401567.7232159632,
                    "correl": {
                        "Ql": 2.0450906019492506e-05,
                        "Qe": 0.4795059676554311,
                        "A": -0.14661409288224023,
                        "theta": -0.8379990781591685,
                        "phi_v": 0.7715172286708897,
                        "phi_0": -0.7717870794649755,
                        "alpha": 0.09121743171442374
                    },
                    "value": 5795256949.181035
                },
                "Ql": {
                    "name": "Ql",
                    "user_data": null,
                    "init_value": 2611.283789939077,
                    "min": 57.95703517587939,
                    "max": 115334.5000011659,
                    "brute_step": null,
                    "stderr": 2079.6933146437027,
                    "correl": {
                        "fr": 2.0450906019492506e-05,
                        "Qe": 0.8382060777684316,
                        "A": -0.867940763003009,
                        "theta": 0.4798240372910728,
                        "phi_v": 0.1489691288358395,
                        "phi_0": -0.14851878178441905,
                        "alpha": -0.7806195350792742
                    },
                    "value": 2073.4377839404547
                },
                "Qe": {
                    "name": "Qe",
                    "user_data": null,
                    "init_value": 2559.575200039293,
                    "min": 0,
                    "max": Infinity,
                    "brute_step": null,
                    "stderr": 163355.879768305,
                    "correl": {
                        "fr": 0.4795059676554311,
                        "Ql": 0.8382060777684316,
                        "A": -0.8942865039159427,
                        "theta": 0.0004008019861733099,
                        "phi_v": 0.5836544433175156,
                        "phi_0": -0.5833592245160192,
                        "alpha": -0.7043245233357877
                    },
                    "value": 116219.46388602999
                },
                "A": {
                    "name": "A",
                    "user_data": null,
                    "init_value": 0.055891206713120575,
                    "min": 0,
                    "max": Infinity,
                    "brute_step": null,
                    "stderr": 0.0006408927350815474,
                    "correl": {
                        "fr": -0.14661409288224023,
                        "Ql": -0.867940763003009,
                        "Qe": -0.8942865039159427,
                        "theta": -0.34340210782088576,
                        "phi_v": -0.30831129081674336,
                        "phi_0": 0.30787420023904594,
                        "alpha": 0.9336330453416604
                    },
                    "value": 0.05612887050831339
                },
                "theta": {
                    "name": "theta",
                    "user_data": null,
                    "init_value": 0,
                    "min": -1.5707963267948966,
                    "max": 1.5707963267948966,
                    "brute_step": null,
                    "stderr": 1.4057929606940998,
                    "correl": {
                        "fr": -0.8379990781591685,
                        "Ql": 0.4798240372910728,
                        "Qe": 0.0004008019861733099,
                        "A": -0.34340210782088576,
                        "phi_v": -0.6624105962831707,
                        "phi_0": 0.6628757698284088,
                        "alpha": -0.5331431732971356
                    },
                    "value": 1.0592604509892505
                },
                "phi_v": {
                    "name": "phi_v",
                    "user_data": null,
                    "init_value": -1.2911423970568496e-06,
                    "min": -Infinity,
                    "max": Infinity,
                    "brute_step": null,
                    "stderr": 1.181385327232041e-09,
                    "correl": {
                        "fr": 0.7715172286708897,
                        "Ql": 0.1489691288358395,
                        "Qe": 0.5836544433175156,
                        "A": -0.30831129081674336,
                        "theta": -0.6624105962831707,
                        "phi_0": -0.9999997839476421,
                        "alpha": -0.07445551541044418
                    },
                    "value": -1.292398918244581e-06
                },
                "phi_0": {
                    "name": "phi_0",
                    "user_data": null,
                    "init_value": 7483.588914500617,
                    "min": -Infinity,
                    "max": Infinity,
                    "brute_step": null,
                    "stderr": 6.8569507665074845,
                    "correl": {
                        "fr": -0.7717870794649755,
                        "Ql": -0.14851878178441905,
                        "Qe": -0.5833592245160192,
                        "A": 0.30787420023904594,
                        "theta": 0.6628757698284088,
                        "phi_v": -0.9999997839476421,
                        "alpha": 0.07397785845446476
                    },
                    "value": 7490.88291377281
                },
                "alpha": {
                    "name": "alpha",
                    "user_data": null,
                    "init_value": 0,
                    "min": -1,
                    "max": 1,
                    "brute_step": null,
                    "stderr": 10.351536130844513,
                    "correl": {
                        "fr": 0.09121743171442374,
                        "Ql": -0.7806195350792742,
                        "Qe": -0.7043245233357877,
                        "A": 0.9336330453416604,
                        "theta": -0.5331431732971356,
                        "phi_v": -0.07445551541044418,
                        "phi_0": 0.07397785845446476
                    },
                    "value": 0.9866661010532041
                },
                "Qi": {
                    "name": "Qi",
                    "user_data": null,
                    "init_value": -129258.5476019834,
                    "min": -Infinity,
                    "max": Infinity,
                    "brute_step": null,
                    "stderr": 2072.857012919198,
                    "correl": null,
                    "value": 2091.7053426444622
                },
                "Qc": {
                    "name": "Qc",
                    "user_data": null,
                    "init_value": 2559.575200039293,
                    "min": -Infinity,