{
    "a": {
        "__dtype__": "UFloat",
        "nominal_value": 60652528161.80521,
        "std_dev": 26679904413.475994
    },
    "b": {
        "__dtype__": "UFloat",
        "nominal_value": 2483605954.8782,
        "std_dev": 1465063689.1368532
    },
    "c": {
        "__dtype__": "UFloat",
        "nominal_value": 3366493985.744497,
        "std_dev": 30977591.85263011
    },
    "fit_success": true,
    "offset_0": {
        "__dtype__": "UFloat",
        "nominal_value": -0.02047405137220813,
        "std_dev": 0.015065759421064915
    },
    "freq_0": {
        "__dtype__": "UFloat",
        "nominal_value": 3341069247.7902474,
        "std_dev": 44547024.20067515
    },
    "fit_msg": "Summary:\noffset_0: -20$\\pm$15 mV\nfreq_0: 3.341$\\pm$0.045 GHz\n",
    "fit_result": {
        "poly2": {
            "success": true,
            "message": "Fit succeeded.",
            "params": {
                "a": {
                    "name": "a",
                    "user_data": null,
                    "init_value": 60652528161.80521,
                    "min": -Infinity,
                    "max": Infinity,
                    "brute_step": null,
                    "stderr": 26679904413.475994,
                    "correl": {
                        "b": 0.8894045375009961,
                        "c": -0.38870494076496703
                    },
                    "value": 60652528161.80521
                },
                "b": {
                    "name": "b",
                    "user_data": null,
                    "init_value": 2483605954.8782,
                    "min": -Infinity,
                    "max": Infinity,
                    "brute_step": null,
                    "stderr": 1465063689.1368532,
                    "correl": {
                        "a": 0.8894045375009961,
                        "c": -0.06951998591911084
                    },
                    "value": 2483605954.8782
                },
                "c": {
                    "name": "c",
                    "user_data": null,
                    "init_value": 3366493985.744497,
                    "min": -Infinity,
                    "max": Infinity,
                    "brute_step": null,
                    "stderr": 30977591.85263011,
                    "correl": {
                        "a": -0.38870494076496703,
                        "b": -0.06951998591911084
                    },
                    "value": 3366493985.744497
                }
            }
        }
    }
}