{
    "a": {
        "__dtype__": "UFloat",
        "nominal_value": -4164478066.0082464,
        "std_dev": 16596142428.862427
    },
    "b": {
        "__dtype__": "UFloat",
        "nominal_value": 550754932.0349684,
        "std_dev": 4631922259.466865
    },
    "c": {
        "__dtype__": "UFloat",
        "nominal_value": 4064901857.567953,
        "std_dev": 235419147.73055318
    },
    "fit_success": true,
    "offset_0": {
        "__dtype__": "UFloat",
        "nominal_value": 0.0661253251074126,
        "std_dev": 0.6153987321429075
    },
    "freq_0": {
        "__dtype__": "UFloat",
        "nominal_value": 4083111282.0356145,
        "std_dev": 393065112.4650292
    },
    "fit_msg": "Summary:\noffset_0: 66.$\\pm$6.2e+02 mV\nfreq_0: 4.08$\\pm$0.39 GHz\n",
    "fit_result": {
        "poly2": {
            "success": true,
            "message": "Fit succeeded.",
            "params": {
                "a": {
                    "name": "a",
                    "user_data": null,
                    "init_value": -4164478066.0082464,
                    "min": -Infinity,
                    "max": Infinity,
                    "brute_step": null,
                    "stderr": 16596142428.862427,
                    "correl": {
                        "b": -0.974958375335656,
                        "c": 0.746918364392426
                    },
                    "value": -4164478066.0082464
                },
                "b": {
                    "name": "b",
                    "user_data": null,
                    "init_value": 550754932.0349684,
                    "min": -Infinity,
                    "max": Infinity,
                    "brute_step": null,
                    "stderr": 4631922259.466865,
                    "correl": {
                        "a": -0.974958375335656,
                        "c": -0.8486825771165538
                    },
                    "value": 550754932.0349684
                },
                "c": {
                    "name": "c",
                    "user_data": null,
                    "init_value": 4064901857.567953,
                    "min": -Infinity,
                    "max": Infinity,
                    "brute_step": null,
                    "stderr": 235419147.73055318,
                    "correl": {
                        "a": 0.746918364392426,
                        "b": -0.8486825771165538
                    },
                    "value": 4064901857.567953
                }
            }
        }
    }
}