{
    "fit_success": true,
    "Qi": {
        "__dtype__": "UFloat",
        "nominal_value": 28444.70421819358,
        "std_dev": 812.3352715421668
    },
    "Qe": {
        "__dtype__": "UFloat",
        "nominal_value": 3179.427298224762,
        "std_dev": 10.53311207199188
    },
    "Ql": {
        "__dtype__": "UFloat",
        "nominal_value": 2898.419894786593,
        "std_dev": 13.194572008715713
    },
    "Qc": {
        "__dtype__": "UFloat",
        "nominal_value": 3227.2676356221314,
        "std_dev": 10.852490919569624
    },
    "fr": {
        "__dtype__": "UFloat",
        "nominal_value": 6008017221.154568,
        "std_dev": 4717.922572321461
    },
    "fit_msg": "Summary\n$Q_I$: 28.44$\\pm$0.81 k\n$Q_C$: 3.227$\\pm$0.011 k\n$f_{res}$: 6.0080172$\\pm$4.7e-06 GHz",
    "fit_result": {
        "hanger_func_complex_SI": {
            "success": true,
            "message": "Fit succeeded.",
            "params": {
                "fr": {
                    "name": "fr",
                    "user_data": null,
                    "init_value": 6008216080.40201,
                    "min": 5985000000.0,
                    "max": 6015000000.0,
                    "brute_step": null,
                    "stderr": 4717.922572321461,
                    "correl": {
                        "Ql": 6.381129880472252e-05,
                        "Qe": 0.0040423173471806784,
                        "A": 0.027320729953753304,
                        "theta": -0.7883936789453458,
                        "phi_v": -0.3403262513935801,
                        "phi_0": 0.33991718673755195,
                        "alpha": -0.16518680649370635
                    },
                    "value": 6008017221.154568
                },
                "Ql": {
                    "name": "Ql",
                    "user_data": null,
                    "init_value": 902.3441364535138,
                    "min": 20.02738693467337,
                    "max": 39854.500000150765,
                    "brute_step": null,
                    "stderr": 13.194572008715713,
                    "correl": {
                        "fr": 6.381129880472252e-05,
                        "Qe": 0.7884166483159846,
                        "A": -0.4440032005040088,
                        "theta": 0.004009904865021175,
                        "phi_v": 0.16424156899725237,
                        "phi_0": -0.16455914676626468,
                        "alpha": -0.3396299933318377
                    },
                    "value": 2898.419894786593
                },
                "Qe": {
                    "name": "Qe",
                    "user_data": null,
                    "init_value": 884.475935731662,
                    "min": 0,
                    "max": Infinity,
                    "brute_step": null,
                    "stderr": 10.53311207199188,
                    "correl": {
                        "fr": 0.0040423173471806784,
                        "Ql": 0.7884166483159846,
                        "A": -0.3757456880489859,
                        "theta": 3.014458728768113e-05,
                        "phi_v": 0.21922412313665735,
                        "phi_0": -0.21963609419861724,
                        "alpha": -0.3039719528421249
                    },
                    "value": 3179.427298224762
                },
                "A": {
                    "name": "A",
                    "user_data": null,
                    "init_value": 0.010145483281319754,
                    "min": 0,
                    "max": Infinity,
                    "brute_step": null,
                    "stderr": 1.0485673862291907e-05,
                    "correl": {
                        "fr": 0.027320729953753304,
                        "Ql": -0.4440032005040088,
                        "Qe": -0.3757456880489859,
                        "theta": -0.031721123696734556,
                        "phi_v": -0.08321628670353366,
                        "phi_0": 0.0833583535111764,
                        "alpha": 0.7385306615717967
                    },
                    "value": 0.010770682605294457
                },
                "theta": {
                    "name": "theta",
                    "user_data": null,
                    "init_value": 0,
                    "min": -1.5707963267948966,
                    "max": 1.5707963267948966,
                    "brute_step": null,
                    "stderr": 0.0033124672194784284,
                    "correl": {
                        "fr": -0.7883936789453458,
                        "Ql": 0.004009904865021175,
                        "Qe": 3.014458728768113e-05,
                        "A": -0.031721123696734556,
                        "phi_v": 0.3049473290822663,
                        "phi_0": -0.3046265938493746,
                        "alpha": 0.21983970609072356
                    },
                    "value": 0.1723981409323596
                },
                "phi_v": {
                    "name": "phi_v",
                    "user_data": null,
                    "init_value": -9.742392807334787e-08,
                    "min": -Infinity,
                    "max": Infinity,
                    "brute_step": null,
                    "stderr": 7.681262589494609e-11,
                    "correl": {
                        "fr": -0.3403262513935801,
                        "Ql": 0.16424156899725237,
                        "Qe": 0.21922412313665735,
                        "A": -0.08321628670353366,
                        "theta": 0.3049473290822663,
                        "phi_0": -0.999998984289338,
                        "alpha": 0.004019632434394938
                    },
                    "value": -7.00769671756294e-08
                },
                "phi_0": {
                    "name": "phi_0",
                    "user_data": null,
                    "init_value": 582.2352725869937,
                    "min": -Infinity,
                    "max": Infinity,
                    "brute_step": null,
                    "stderr": 0.4607728483627652,
                    "correl": {
                        "fr": 0.33991718673755195,
                        "Ql": -0.16455914676626468,
                        "Qe": -0.21963609419861724,
                        "A": 0.0833583535111764,
                        "theta": -0.3046265938493746,
                        "phi_v": -0.999998984289338,
                        "alpha": -0.0038295019588346505
                    },
                    "value": 418.5977977535388
                },
                "alpha": {
                    "name": "alpha",
                    "user_data": null,
                    "init_value": 0,
                    "min": -1,
                    "max": 1,
                    "brute_step": null,
                    "stderr": 0.6020872631959053,
                    "correl": {
                        "fr": -0.16518680649370635,
                        "Ql": -0.3396299933318377,
                        "Qe": -0.3039719528421249,
                        "A": 0.7385306615717967,
                        "theta": 0.21983970609072356,
                        "phi_v": 0.004019632434394938,
                        "phi_0": -0.0038295019588346505
                    },
                    "value": 0.9999987739656648
                },
                "Qi": {
                    "name": "Qi",
                    "user_data": null,
                    "init_value": -44666.03475444915,
                    "min": -Infinity,
                    "max": Infinity,
                    "brute_step": null,
                    "stderr": 812.3352715421668,
                    "correl": null,
                    "value": 28444.70421819358
                },
                "Qc": {
                    "name": "Qc",
                    "user_data": null,
                    "init_value": 884.475935731662,