{
    "fit_success": true,
    "frequency_01": {
        "__dtype__": "UFloat",
        "nominal_value": 3825389494.1267715,
        "std_dev": 1309314.2124507488
    },
    "fit_msg": "Summary\nFrequency 0-1: 3.8254$\\pm$0.0013 GHz\nPeak width: 53.3$\\pm$9.6 MHz\n",
    "fit_result": {
        "Lorentzian_peak": {
            "success": true,
            "message": "Fit succeeded.",
            "params": {
                "x0": {
                    "name": "x0",
                    "user_data": null,
                    "init_value": 3815541915.2202377,
                    "min": -Infinity,
                    "max": Infinity,
                    "brute_step": null,
                    "stderr": 1309314.2124507488,
                    "correl": {
                        "width": -0.07369725269957492,
                        "a": 0.010017538349028033,
                        "c": -0.09933491968992898
                    },
                    "value": 3825389494.1267715
                },
                "width": {
                    "name": "width",
                    "user_data": null,
                    "init_value": 8040302.522073026,
                    "min": -Infinity,
                    "max": Infinity,
                    "brute_step": null,
                    "stderr": 9628399.841950677,
                    "correl": {
                        "x0": -0.07369725269957492,
                        "a": 0.9631977994563851,
                        "c": -0.9032141343075534
                    },
                    "value": 53258323.5167429
                },
                "a": {
                    "name": "a",
                    "user_data": null,
                    "init_value": 9843.697769147386,
                    "min": -Infinity,
                    "max": Infinity,
                    "brute_step": null,
                    "stderr": 7382.5335921562,
                    "correl": {
                        "x0": 0.010017538349028033,
                        "width": 0.9631977994563851,
                        "c": -0.9777407440156661
                    },
                    "value": 26421.812974736982
                },
                "c": {
                    "name": "c",
                    "user_data": null,
                    "init_value": 0.0009249834781379625,
                    "min": -Infinity,
                    "max": Infinity,
                    "brute_step": null,
                    "stderr": 6.31223683581516e-05,
                    "correl": {
                        "x0": -0.09933491968992898,
                        "width": -0.9032141343075534,
                        "a": -0.9777407440156661
                    },
                    "value": 0.0006006588934120106
                }
            }
        }
    }
}