{
    "fit_success": true,
    "Qi": {
        "__dtype__": "UFloat",
        "nominal_value": 11750.282633722587,
        "std_dev": 327.70682100945965
    },
    "Qe": {
        "__dtype__": "UFloat",
        "nominal_value": 10035.904268331582,
        "std_dev": 154.37843869177667
    },
    "Ql": {
        "__dtype__": "UFloat",
        "nominal_value": 5890.681519453767,
        "std_dev": 112.05644055161542
    },
    "Qc": {
        "__dtype__": "UFloat",
        "nominal_value": 11812.60830029474,
        "std_dev": 213.85477856738314
    },
    "fr": {
        "__dtype__": "UFloat",
        "nominal_value": 5719830070.158161,
        "std_dev": 9235.902297809604
    },
    "fit_msg": "Summary\n$Q_I$: 11.75$\\pm$0.33 k\n$Q_C$: 11.81$\\pm$0.21 k\n$f_{res}$: 5.7198301$\\pm$9.2e-06 GHz",
    "fit_result": {
        "hanger_func_complex_SI": {
            "success": true,
            "message": "Fit succeeded.",
            "params": {
                "fr": {
                    "name": "fr",
                    "user_data": null,
                    "init_value": 5720018341.708543,
                    "min": 5716350000.0,
                    "max": 5726350000.0,
                    "brute_step": null,
                    "stderr": 9235.902297809604,
                    "correl": {
                        "Ql": 0.000208314466423892,
                        "Qe": 0.05816379559915508,
                        "A": 0.30496701379937186,
                        "theta": -0.8135547367551983,
                        "phi_v": -0.012386883288189918,
                        "phi_0": 0.012168451189606468,
                        "alpha": 0.4197212713196584
                    },
                    "value": 5719830070.158161
                },
                "Ql": {
                    "name": "Ql",
                    "user_data": null,
                    "init_value": 2577.1834477954876,
                    "min": 57.200183417085434,
                    "max": 113828.36500115068,
                    "brute_step": null,
                    "stderr": 112.05644055161542,
                    "correl": {
                        "fr": 0.000208314466423892,
                        "Qe": 0.8135382498214697,
                        "A": -0.36325485089829834,
                        "theta": 0.05771825520479112,
                        "phi_v": 0.4196131637846366,
                        "phi_0": -0.41966946962670254,
                        "alpha": 0.010858059630217272
                    },
                    "value": 5890.681519453767
                },
                "Qe": {
                    "name": "Qe",
                    "user_data": null,
                    "init_value": 2526.1501121955766,
                    "min": 0,
                    "max": Infinity,
                    "brute_step": null,
                    "stderr": 154.37843869177667,
                    "correl": {
                        "fr": 0.05816379559915508,
                        "Ql": 0.8135382498214697,
                        "A": -0.318110755137733,
                        "theta": -0.00024371699786981618,
                        "phi_v": 0.5455398952828797,
                        "phi_0": -0.5456293000466412,
                        "alpha": 0.10569444508799405
                    },
                    "value": 10035.904268331582
                },
                "A": {
                    "name": "A",
                    "user_data": null,
                    "init_value": 0.001876658726514186,
                    "min": 0,
                    "max": Infinity,
                    "brute_step": null,
                    "stderr": 4.908674371080542e-06,
                    "correl": {
                        "fr": 0.30496701379937186,
                        "Ql": -0.36325485089829834,
                        "Qe": -0.318110755137733,
                        "theta": -0.42307404549895083,
                        "phi_v": -0.206236861159955,
                        "phi_0": 0.20617427508674638,
                        "alpha": 0.4980723901298554
                    },
                    "value": 0.002008804824578325
                },
                "theta": {
                    "name": "theta",
                    "user_data": null,
                    "init_value": 0,
                    "min": -1.5707963267948966,
                    "max": 1.5707963267948966,
                    "brute_step": null,
                    "stderr": 0.01538276183714434,
                    "correl": {
                        "fr": -0.8135547367551983,
                        "Ql": 0.05771825520479112,
                        "Qe": -0.00024371699786981618,
                        "A": -0.42307404549895083,
                        "phi_v": 0.1077189135626379,
                        "phi_0": -0.10749827686613958,
                        "alpha": -0.5460561841551407
                    },
                    "value": 0.5555839780631087
                },
                "phi_v": {
                    "name": "phi_v",
                    "user_data": null,
                    "init_value": -1.4849787266194693e-07,
                    "min": -Infinity,
                    "max": Infinity,
                    "brute_step": null,
                    "stderr": 7.322484141410958e-10,
                    "correl": {
                        "fr": -0.012386883288189918,
                        "Ql": 0.4196131637846366,
                        "Qe": 0.5455398952828797,
                        "A": -0.206236861159955,
                        "theta": 0.1077189135626379,
                        "phi_0": -0.9999998710887188,
                        "alpha": -0.00426481679988396
                    },
                    "value": -7.681776331793565e-08
                },
                "phi_0": {
                    "name": "phi_0",
                    "user_data": null,
                    "init_value": 847.5358076765681,
                    "min": -Infinity,
                    "max": Infinity,
                    "brute_step": null,
                    "stderr": 4.189553469973247,
                    "correl": {
                        "fr": 0.012168451189606468,
                        "Ql": -0.41966946962670254,
                        "Qe": -0.5456293000466412,
                        "A": 0.20617427508674638,
                        "theta": -0.10749827686613958,
                        "phi_v": -0.9999998710887188,
                        "alpha": 0.004137388786585523
                    },
                    "value": 437.84380985444653
                },
                "alpha": {
                    "name": "alpha",
                    "user_data": null,
                    "init_value": 0,
                    "min": -1,
                    "max": 1,
                    "brute_step": null,
                    "stderr": 4.645593770491293,
                    "correl": {
                        "fr": 0.4197212713196584,
                        "Ql": 0.010858059630217272,
                        "Qe": 0.10569444508799405,
                        "A": 0.4980723901298554,
                        "theta": -0.5460561841551407,
                        "phi_v": -0.00426481679988396,
                        "phi_0": 0.004137388786585523
                    },
                    "value": 0.999935192738949
                },
                "Qi": {
                    "name": "Qi",
                    "user_data": null,
                    "init_value": -127570.58066587595,
                    "min": -Infinity,
                    "max": Infinity,
                    "brute_step": null,
                    "stderr": 327.70682100945965,
                    "correl": null,
                    "value": 11750.282633722587
                },
                "Qc": {
                    "name": "Qc",
                    "user_data": null,
                    "init_value": 2526.1501121955766,