{
    "fit_success": true,
    "Qi": {
        "__dtype__": "UFloat",
        "nominal_value": 34065.30782900004,
        "std_dev": 18740.45020629818
    },
    "Qe": {
        "__dtype__": "UFloat",
        "nominal_value": 3959.3965824464267,
        "std_dev": 261.549943749138
    },
    "Ql": {
        "__dtype__": "UFloat",
        "nominal_value": 4710.088595159275,
        "std_dev": 414.0308284968658
    },
    "Qc": {
        "__dtype__": "UFloat",
        "nominal_value": 5465.829317022958,
        "std_dev": 498.4029333912313
    },
    "fr": {
        "__dtype__": "UFloat",
        "nominal_value": 5527163447.833713,
        "std_dev": 51571.77547605681
    },
    "fit_msg": "Summary\n$Q_I$: 34$\\pm$19 k\n$Q_C$: 5.47$\\pm$0.50 k\n$f_{res}$: 5.527163$\\pm$5.2e-05 GHz",
    "fit_result": {
        "hanger_func_complex_SI": {
            "success": true,
            "message": "Fit succeeded.",
            "params": {
                "fr": {
                    "name": "fr",
                    "user_data": null,
                    "init_value": 5527854271.356784,
                    "min": 5517000000.0,
                    "max": 5537000000.0,
                    "brute_step": null,
                    "stderr": 51571.77547605681,
                    "correl": {
                        "Ql": 0.00010851167958974702,
                        "Qe": 0.051622426143489275,
                        "A": 0.19318459430345142,
                        "theta": -0.7618963392370917,
                        "phi_v": -0.230064966889149,
                        "phi_0": 0.22982752637273085,
                        "alpha": 0.23143200944332434
                    },
                    "value": 5527163447.833713
                },
                "Ql": {
                    "name": "Ql",
                    "user_data": null,
                    "init_value": 1245.3014727259942,
                    "min": 27.63927135678392,
                    "max": 55002.1500000341,
                    "brute_step": null,
                    "stderr": 414.0308284968658,
                    "correl": {
                        "fr": 0.00010851167958974702,
                        "Qe": 0.7619501284578156,
                        "A": -0.252743964939837,
                        "theta": 0.05146825520106996,
                        "phi_v": 0.22993543921614537,
                        "phi_0": -0.23016633489340188,
                        "alpha": 0.22860486089668547
                    },
                    "value": 4710.088595159275
                },
                "Qe": {
                    "name": "Qe",
                    "user_data": null,
                    "init_value": 1220.6420376225092,
                    "min": 0,
                    "max": Infinity,
                    "brute_step": null,
                    "stderr": 261.549943749138,
                    "correl": {
                        "fr": 0.051622426143489275,
                        "Ql": 0.7619501284578156,
                        "A": -0.11461822986413993,
                        "theta": -2.0823896493111924e-05,
                        "phi_v": 0.2833510651881347,
                        "phi_0": -0.28366882187584264,
                        "alpha": 0.3059114727720608
                    },
                    "value": 3959.3965824464267
                },
                "A": {
                    "name": "A",
                    "user_data": null,
                    "init_value": 0.0001091679681172437,
                    "min": 0,
                    "max": Infinity,
                    "brute_step": null,
                    "stderr": 1.6984297005602734e-06,
                    "correl": {
                        "fr": 0.19318459430345142,
                        "Ql": -0.252743964939837,
                        "Qe": -0.11461822986413993,
                        "theta": -0.27020880408026143,
                        "phi_v": -0.10868777791452675,
                        "phi_0": 0.10870518054521795,
                        "alpha": -0.11352977704746499
                    },
                    "value": 0.00010907073678145807
                },
                "theta": {
                    "name": "theta",
                    "user_data": null,
                    "init_value": 0,
                    "min": -1.5707963267948966,
                    "max": 1.5707963267948966,
                    "brute_step": null,
                    "stderr": 0.06605046319014111,
                    "correl": {
                        "fr": -0.7618963392370917,
                        "Ql": 0.05146825520106996,
                        "Qe": -2.0823896493111924e-05,
                        "A": -0.27020880408026143,
                        "phi_v": 0.30794306829431517,
                        "phi_0": -0.3078589251754078,
                        "alpha": -0.28531579331191237
                    },
                    "value": 0.760645994197144
                },
                "phi_v": {
                    "name": "phi_v",
                    "user_data": null,
                    "init_value": -1.0092512028460773e-07,
                    "min": -Infinity,
                    "max": Infinity,
                    "brute_step": null,
                    "stderr": 2.6993081485961613e-09,
                    "correl": {
                        "fr": -0.230064966889149,
                        "Ql": 0.22993543921614537,
                        "Qe": 0.2833510651881347,
                        "A": -0.10868777791452675,
                        "theta": 0.30794306829431517,
                        "phi_0": -0.9999994615696576,
                        "alpha": -0.007309642479480991
                    },
                    "value": -1.3441456107156017e-07
                },
                "phi_0": {
                    "name": "phi_0",
                    "user_data": null,
                    "init_value": 556.5089702791445,
                    "min": -Infinity,
                    "max": Infinity,
                    "brute_step": null,
                    "stderr": 14.917768290858367,
                    "correl": {
                        "fr": 0.22982752637273085,
                        "Ql": -0.23016633489340188,
                        "Qe": -0.28366882187584264,
                        "A": 0.10870518054521795,
                        "theta": -0.3078589251754078,
                        "phi_v": -0.9999994615696576,
                        "alpha": 0.007188801737705445
                    },
                    "value": 741.5119910061634
                },
                "alpha": {
                    "name": "alpha",
                    "user_data": null,
                    "init_value": 0,
                    "min": -1,
                    "max": 1,
                    "brute_step": null,
                    "stderr": 8.21114776380512,
                    "correl": {
                        "fr": 0.23143200944332434,
                        "Ql": 0.22860486089668547,
                        "Qe": 0.3059114727720608,
                        "A": -0.11352977704746499,
                        "theta": -0.28531579331191237,
                        "phi_v": -0.007309642479480991,
                        "phi_0": 0.007188801737705445
                    },
                    "value": 0.9997876844572722
                },
                "Qi": {
                    "name": "Qi",
                    "user_data": null,
                    "init_value": -61642.42289993657,
                    "min": -Infinity,
                    "max": Infinity,
                    "brute_step": null,
                    "stderr": 18740.45020629818,
                    "correl": null,
                    "value": 34065.30782900004
                },
                "Qc": {
                    "name": "Qc",
                    "user_data": null,
                    "init_value": 1220.6420376225092,