{
    "basic_information": {
        "chip_name": "20240430_8_5Q4C",
        "chip_type": "5Q4C",
        "create_time": "20240527",
        "chip_file": "C:\\PersonalWorks\\Quela\\Quela_Qblox\\chip_information\\20240430_8_5Q4C.json"
    },
    "1Q_information": {
        "ro_att": 30,
        "q0": {
            "char": {
                "bare": {
                    "bare_freq": 5977463041.694341,
                    "Qi": 6772.849772507287,
                    "Qc": 3898.777523655654,
                    "Ql": 2474.3962407347303
                },
                "zeroflux": {
                    "res": {
                        "dress_freq": 5979326009.709601,
                        "Qi": 15770.988236346488,
                        "Qc": 3700.0674881360474,
                        "Ql": 2996.946937792841
                    },
                    "qubit": {
                        "freq": 0,
                        "T1": 0,
                        "T2": 0
                    },
                    "flux": 0,
                    "g": 0
                },
                "Sweet": {
                    "res": {
                        "dress_freq": 5978666359.945938,
                        "Qi": 0,
                        "Qc": 0,
                        "Ql": 0
                    },
                    "qubit": {
                        "freq": 0,
                        "T1": 0,
                        "T2": 0
                    },
                    "flux": 0.08136041525367116,
                    "g": 0
                },
                "min": {
                    "res": {
                        "dress_freq": 0,
                        "Qi": 0,
                        "Qc": 0,
                        "Ql": 0
                    },
                    "qubit": {
                        "freq": 0,
                        "T1": 0,
                        "T2": 0
                    },
                    "flux": 0,
                    "g": 0
                },
                "idle1": {
                    "res": {
                        "dress_freq": 0,
                        "Qi": 0,
                        "Qc": 0,
                        "Ql": 0
                    },
                    "qubit": {
                        "freq": 0,
                        "T1": 0,
                        "T2": 0
                    },
                    "flux": 0,
                    "g": 0
                }
            },
            "oper": {
                "xy_att": -1,
                "readout": {
                    "amp": 0.01,
                    "dura_time": 2e-06,
                    "acq_delay": 1e-07,
                    "integ_time": 1.496e-06,
                    "flux": 0.08136041525367116,
                    "freq": 5978666359.945938
                },
                "x_gate": {
                    "waveform": {
                        "gauss": {},
                        "cos": {}
                    },
                    "amp": 0,
                    "dura_time": 0,
                    "AC_stark": 0,
                    "freq": 0
                },
                "tune_away": {
                    "q0_flux": 0,
                    "q1_flux": 0,
                    "q2_flux": 0,
                    "q3_flux": 0,
                    "q4_flux": 0
                }
            },
            "init": {
                "wait": {
                    "time": 0.00015
                }
            }
        },
        "q1": {
            "char": {
                "bare": {
                    "bare_freq": 6088746679.042166,
                    "Qi": 3039.714683639655,
                    "Qc": 4534.185747224336,
                    "Ql": 1819.7533912675435
                },
                "zeroflux": {
                    "res": {
                        "dress_freq": 6092282375.162393,
                        "Qi": 13292.295204703443,
                        "Qc": 4116.407045164128,
                        "Ql": 3143.054366815817
                    },
                    "qubit": {
                        "freq": 0,
                        "T1": 0,
                        "T2": 0
                    },
                    "flux": 0,
                    "g": 0
                },
                "Sweet": {
                    "res": {
                        "dress_freq": 6808969448.92822,
                        "Qi": 0,
                        "Qc": 0,
                        "Ql": 0
                    },
                    "qubit": {
                        "freq": 0,
                        "T1": 0,
                        "T2": 0
                    },
                    "flux": -86.70440064861008,
                    "g": 0
                },
                "min": {
                    "res": {
                        "dress_freq": 0,
                        "Qi": 0,
                        "Qc": 0,
                        "Ql": 0
                    },
                    "qubit": {
                        "freq": 0,
                        "T1": 0,
                        "T2": 0
                    },
                    "flux": 0,
                    "g": 0
                },
                "idle1": {
                    "res": {
                        "dress_freq": 0,
                        "Qi": 0,
                        "Qc": 0,
                        "Ql": 0
                    },
                    "qubit": {
                        "freq": 0,
                        "T1": 0,
                        "T2": 0
                    },
                    "flux": 0,
                    "g": 0
                }
            },
            "oper": {
                "xy_att": -1,
                "readout": {
                    "amp": 0.01,
                    "dura_time": 2e-06,
                    "acq_delay": 1e-07,
                    "integ_time": 1.496e-06,
                    "flux": -86.70440064861008,
                    "freq": 6808969448.92822
                },
                "x_gate": {
                    "waveform": {
                        "gauss": {},
                        "cos": {}
                    },
                    "amp": 0,
                    "dura_time": 0,
                    "AC_stark": 0,
                    "freq": 0
                },
                "tune_away": {
                    "q0_flux": 0,
                    "q1_flux": 0,
                    "q2_flux": 0,
                    "q3_flux": 0,
                    "q4_flux": 0
                }
            },
            "init": {
                "wait": {
                    "time": 0.00015
                }
            }
        },
        "q2": {
            "char": {
                "bare": {
                    "bare_freq": 5919998796.780729,
                    "Qi": 12617.25182000964,
                    "Qc": 4199.0453129090665,
                    "Ql": 3150.5397233314325
                },
                "zeroflux": {
                    "res": {
                        "dress_freq": 5921075416.364415,
                        "Qi": 17233.287098829434,
                        "Qc": 3103.8505326248837,
                        "Ql": 2630.141385179494
                    },
                    "qubit": {
                        "freq": 0,
                        "T1": 0,
                        "T2": 0
                    },
                    "flux": 0,
                    "g": 0
                },
                "Sweet": {
                    "res": {
                        "dress_freq": 5923672911.676642,
                        "Qi": 0,
                        "Qc": 0,
                        "Ql": 0
                    },
                    "qubit": {
                        "freq": 0,
                        "T1": 0,
                        "T2": 0
                    },
                    "flux": -0.18304074545879684,
                    "g": 0
                },