{
    "fit_success": true,
    "Qi": {
        "__dtype__": "UFloat",
        "nominal_value": 922.5972010612145,
        "std_dev": 168.24781005111927
    },
    "Qe": {
        "__dtype__": "UFloat",
        "nominal_value": 11628.452261419081,
        "std_dev": 4105.134583119808
    },
    "Ql": {
        "__dtype__": "UFloat",
        "nominal_value": 875.0537947376931,
        "std_dev": 173.08879802854977
    },
    "Qc": {
        "__dtype__": "UFloat",
        "nominal_value": 16980.739165161165,
        "std_dev": 8744.01818658903
    },
    "fr": {
        "__dtype__": "UFloat",
        "nominal_value": 5995341155.705524,
        "std_dev": 677196.8383124684
    },
    "fit_msg": "Summary\n$Q_I$: 9.2e+02$\\pm$1.7e+02 \n$Q_C$: 17.0$\\pm$8.7 k\n$f_{res}$: 5.99534$\\pm$0.00068 GHz",
    "fit_result": {
        "hanger_func_complex_SI": {
            "success": true,
            "message": "Fit succeeded.",
            "params": {
                "fr": {
                    "name": "fr",
                    "user_data": null,
                    "init_value": 5996306532.663317,
                    "min": 5995000000.0,
                    "max": 6005000000.0,
                    "brute_step": null,
                    "stderr": 677196.8383124684,
                    "correl": {
                        "Ql": 0.001540245130321279,
                        "Qe": 0.49304011160171934,
                        "A": -0.19965246153083582,
                        "theta": -0.8554131370554342,
                        "phi_v": 0.8210215312321911,
                        "phi_0": -0.8215758112084939,
                        "alpha": 0.29410250076958455
                    },
                    "value": 5995341155.705524
                },
                "Ql": {
                    "name": "Ql",
                    "user_data": null,
                    "init_value": 2701.666501872079,
                    "min": 59.96306532663317,
                    "max": 119326.50000120627,
                    "brute_step": null,
                    "stderr": 173.08879802854977,
                    "correl": {
                        "fr": 0.001540245130321279,
                        "Qe": 0.8556971136536679,
                        "A": -0.9344394024328696,
                        "theta": 0.4908738773043325,
                        "phi_v": 0.3627787060924268,
                        "phi_0": -0.3618029391695363,
                        "alpha": -0.8469226528299679
                    },
                    "value": 875.0537947376931
                },
                "Qe": {
                    "name": "Qe",
                    "user_data": null,
                    "init_value": 2648.168155300355,
                    "min": 0,
                    "max": Infinity,
                    "brute_step": null,
                    "stderr": 4105.134583119808,
                    "correl": {
                        "fr": 0.49304011160171934,
                        "Ql": 0.8556971136536679,
                        "A": -0.9371216114036938,
                        "theta": -0.0009655626345793143,
                        "phi_v": 0.7666461340182148,
                        "phi_0": -0.7660399404800844,
                        "alpha": -0.6179231771418089
                    },
                    "value": 11628.452261419081
                },
                "A": {
                    "name": "A",
                    "user_data": null,
                    "init_value": 0.010962573571270262,
                    "min": 0,
                    "max": Infinity,
                    "brute_step": null,
                    "stderr": 0.0001786041575188592,
                    "correl": {
                        "fr": -0.19965246153083582,
                        "Ql": -0.9344394024328696,
                        "Qe": -0.9371216114036938,
                        "theta": -0.31054745828649966,
                        "phi_v": -0.5550317773724965,
                        "phi_0": 0.5541421805666319,
                        "alpha": 0.8491712013632491
                    },
                    "value": 0.011470950067378416
                },
                "theta": {
                    "name": "theta",
                    "user_data": null,
                    "init_value": 0,
                    "min": -1.5707963267948966,
                    "max": 1.5707963267948966,
                    "brute_step": null,
                    "stderr": 0.3526020711341396,
                    "correl": {
                        "fr": -0.8554131370554342,
                        "Ql": 0.4908738773043325,
                        "Qe": -0.0009655626345793143,
                        "A": -0.31054745828649966,
                        "phi_v": -0.5587451562116434,
                        "phi_0": 0.5597228576031564,
                        "alpha": -0.7185436079948859
                    },
                    "value": 0.8164637123539835
                },
                "phi_v": {
                    "name": "phi_v",
                    "user_data": null,
                    "init_value": -1.32242927930576e-06,
                    "min": -Infinity,
                    "max": Infinity,
                    "brute_step": null,
                    "stderr": 1.2103182171337174e-09,
                    "correl": {
                        "fr": 0.8210215312321911,
                        "Ql": 0.3627787060924268,
                        "Qe": 0.7666461340182148,
                        "A": -0.5550317773724965,
                        "theta": -0.5587451562116434,
                        "phi_0": -0.9999992951211204,
                        "alpha": -0.08049218917910607
                    },
                    "value": -1.3246981710742188e-06
                },
                "phi_0": {
                    "name": "phi_0",
                    "user_data": null,
                    "init_value": 7927.6524613489155,
                    "min": -Infinity,
                    "max": Infinity,
                    "brute_step": null,
                    "stderr": 7.26922420661404,
                    "correl": {
                        "fr": -0.8215758112084939,
                        "Ql": -0.3618029391695363,
                        "Qe": -0.7660399404800844,
                        "A": 0.5541421805666319,
                        "theta": 0.5597228576031564,
                        "phi_v": -0.9999992951211204,
                        "alpha": 0.07938841725334549
                    },
                    "value": 7941.325278795606
                },
                "alpha": {
                    "name": "alpha",
                    "user_data": null,
                    "init_value": 0,
                    "min": -1,
                    "max": 1,
                    "brute_step": null,
                    "stderr": 7.276348485554809,
                    "correl": {
                        "fr": 0.29410250076958455,
                        "Ql": -0.8469226528299679,
                        "Qe": -0.6179231771418089,
                        "A": 0.8491712013632491,
                        "theta": -0.7185436079948859,
                        "phi_v": -0.08049218917910607,
                        "phi_0": 0.07938841725334549
                    },
                    "value": -0.9852065139224321
                },
                "Qi": {
                    "name": "Qi",
                    "user_data": null,
                    "init_value": -133732.49184266807,
                    "min": -Infinity,
                    "max": Infinity,
                    "brute_step": null,
                    "stderr": 168.24781005111927,
                    "correl": null,
                    "value": 922.5972010612145
                },
                "Qc": {
                    "name": "Qc",
                    "user_data": null,
                    "init_value": 2648.168155300355,
                    "min": -Infinity,