{
    "fit_success": true,
    "Qi": {
        "__dtype__": "UFloat",
        "nominal_value": 22766.211734394616,
        "std_dev": 1455.2483532561428
    },
    "Qe": {
        "__dtype__": "UFloat",
        "nominal_value": 3057.8948491744595,
        "std_dev": 30.452107069442327
    },
    "Ql": {
        "__dtype__": "UFloat",
        "nominal_value": 2702.832302468827,
        "std_dev": 34.72095892155666
    },
    "Qc": {
        "__dtype__": "UFloat",
        "nominal_value": 3066.943566977158,
        "std_dev": 30.632510744519355
    },
    "fr": {
        "__dtype__": "UFloat",
        "nominal_value": 6012997913.301292,
        "std_dev": 14288.182813834184
    },
    "fit_msg": "Summary\n$Q_I$: 22.8$\\pm$1.5 k\n$Q_C$: 3.067$\\pm$0.031 k\n$f_{res}$: 6.012998$\\pm$1.4e-05 GHz",
    "fit_result": {
        "hanger_func_complex_SI": {
            "success": true,
            "message": "Fit succeeded.",
            "params": {
                "fr": {
                    "name": "fr",
                    "user_data": null,
                    "init_value": 6013140703.517588,
                    "min": 6005000000.0,
                    "max": 6025000000.0,
                    "brute_step": null,
                    "stderr": 14288.182813834184,
                    "correl": {
                        "Ql": 6.718473292683741e-05,
                        "Qe": 0.029918681147336947,
                        "A": 0.11128084003232344,
                        "theta": -0.8177430602365746,
                        "phi_v": 0.11612709699615535,
                        "phi_0": -0.11655786424407369,
                        "alpha": 0.4247445144922911
                    },
                    "value": 6012997913.301292
                },
                "Ql": {
                    "name": "Ql",
                    "user_data": null,
                    "init_value": 1354.6256117133744,
                    "min": 30.06570351758794,
                    "max": 59830.750000037086,
                    "brute_step": null,
                    "stderr": 34.72095892155666,
                    "correl": {
                        "fr": 6.718473292683741e-05,
                        "Qe": 0.8177779700716122,
                        "A": -0.4587176650026983,
                        "theta": 0.029820849830524576,
                        "phi_v": 0.4255758315970904,
                        "phi_0": -0.4255254097040398,
                        "alpha": -0.11886105884047199
                    },
                    "value": 2702.832302468827
                },
                "Qe": {
                    "name": "Qe",
                    "user_data": null,
                    "init_value": 1327.8013421744959,
                    "min": 0,
                    "max": Infinity,
                    "brute_step": null,
                    "stderr": 30.452107069442327,
                    "correl": {
                        "fr": 0.029918681147336947,
                        "Ql": 0.8177779700716122,
                        "A": -0.3955553645465217,
                        "theta": -2.5680840562806037e-05,
                        "phi_v": 0.5571301913687219,
                        "phi_0": -0.5570832122687732,
                        "alpha": -0.07875558634734942
                    },
                    "value": 3057.8948491744595
                },
                "A": {
                    "name": "A",
                    "user_data": null,
                    "init_value": 0.17508007434803996,
                    "min": 0,
                    "max": Infinity,
                    "brute_step": null,
                    "stderr": 0.00048111346031255226,
                    "correl": {
                        "fr": 0.11128084003232344,
                        "Ql": -0.4587176650026983,
                        "Qe": -0.3955553645465217,
                        "theta": -0.16446640323678033,
                        "phi_v": -0.19245519159605506,
                        "phi_0": 0.19237961452174848,
                        "alpha": 0.3791047132547984
                    },
                    "value": 0.19527262185112293
                },
                "theta": {
                    "name": "theta",
                    "user_data": null,
                    "init_value": 0,
                    "min": -1.5707963267948966,
                    "max": 1.5707963267948966,
                    "brute_step": null,
                    "stderr": 0.00995705603728099,
                    "correl": {
                        "fr": -0.8177430602365746,
                        "Ql": 0.029820849830524576,
                        "Qe": -2.5680840562806037e-05,
                        "A": -0.16446640323678033,
                        "phi_v": -0.0753014949258456,
                        "phi_0": 0.0756842939264931,
                        "alpha": -0.5565145166727109
                    },
                    "value": 0.07683559593425149
                },
                "phi_v": {
                    "name": "phi_v",
                    "user_data": null,
                    "init_value": -1.1976819239874605e-07,
                    "min": -Infinity,
                    "max": Infinity,
                    "brute_step": null,
                    "stderr": 3.9774808189352305e-10,
                    "correl": {
                        "fr": 0.11612709699615535,
                        "Ql": 0.4255758315970904,
                        "Qe": 0.5571301913687219,
                        "A": -0.19245519159605506,
                        "theta": -0.0753014949258456,
                        "phi_0": -0.999999543824001,
                        "alpha": -0.005787740413024046
                    },
                    "value": -9.285997419759316e-08
                },
                "phi_0": {
                    "name": "phi_0",
                    "user_data": null,
                    "init_value": 717.8116481309124,
                    "min": -Infinity,
                    "max": Infinity,
                    "brute_step": null,
                    "stderr": 2.392590448854149,
                    "correl": {
                        "fr": -0.11655786424407369,
                        "Ql": -0.4255254097040398,
                        "Qe": -0.5570832122687732,
                        "A": 0.19237961452174848,
                        "theta": 0.0756842939264931,
                        "phi_v": -0.999999543824001,
                        "alpha": 0.005580937063883326
                    },
                    "value": 556.3742817390031
                },
                "alpha": {
                    "name": "alpha",
                    "user_data": null,
                    "init_value": 0,
                    "min": -1,
                    "max": 1,
                    "brute_step": null,
                    "stderr": 2.55177953972155,
                    "correl": {
                        "fr": 0.4247445144922911,
                        "Ql": -0.11886105884047199,
                        "Qe": -0.07875558634734942,
                        "A": 0.3791047132547984,
                        "theta": -0.5565145166727109,
                        "phi_v": -0.005787740413024046,
                        "phi_0": 0.005580937063883326
                    },
                    "value": -0.9999568813695033
                },
                "Qi": {
                    "name": "Qi",
                    "user_data": null,
                    "init_value": -67053.96777981264,
                    "min": -Infinity,
                    "max": Infinity,
                    "brute_step": null,
                    "stderr": 1455.2483532561428,
                    "correl": null,
                    "value": 22766.211734394616
                },
                "Qc": {
                    "name": "Qc",
                    "user_data": null,
                    "init_value": 1327.8013421744959,