{
    "T2*": {
        "__dtype__": "UFloat",
        "nominal_value": 5.34505017513176e-06,
        "std_dev": 1.048351653119471e-06
    },
    "fitted_detuning": {
        "__dtype__": "UFloat",
        "nominal_value": 3944030.647547963,
        "std_dev": 5853.8969943343045
    },
    "detuning": {
        "__dtype__": "UFloat",
        "nominal_value": -6605969.352452037,
        "std_dev": 5853.8969943343045
    },
    "fit_success": true,
    "fit_msg": "Summary\n$T_2^*$: 5.3$\\pm$1.0 \u03bcs\n\nartificial detuning: 10.55 MHz\nfitted detuning: 3.9440$\\pm$0.0059 MHz\nactual detuning: -6.6060$\\pm$0.0059 MHz\n",
    "fit_result": {
        "Ramsey_decay": {
            "success": true,
            "message": "Fit succeeded.",
            "params": {
                "tau": {
                    "name": "tau",
                    "user_data": null,
                    "init_value": 5.314666666666666e-06,
                    "min": 0,
                    "max": Infinity,
                    "brute_step": null,
                    "stderr": 1.048351653119471e-06,
                    "correl": {
                        "frequency": 0.010757015889434857,
                        "phase": -0.016099109027762792,
                        "amplitude": -0.7640165397782599,
                        "offset": 0.002779079364614932
                    },
                    "value": 5.34505017513176e-06
                },
                "n_factor": {
                    "name": "n_factor",
                    "user_data": null,
                    "init_value": 1,
                    "min": -Infinity,
                    "max": Infinity,
                    "brute_step": null,
                    "stderr": 0.0,
                    "correl": null,
                    "value": 1
                },
                "frequency": {
                    "name": "frequency",
                    "user_data": null,
                    "init_value": 4000000.0,
                    "min": 0,
                    "max": Infinity,
                    "brute_step": null,
                    "stderr": 5853.8969943343045,
                    "correl": {
                        "tau": 0.010757015889434857,
                        "phase": -0.7640459163017606,
                        "amplitude": -0.0158219267622771,
                        "offset": -0.0072479649335389475
                    },
                    "value": 3944030.647547963
                },
                "phase": {
                    "name": "phase",
                    "user_data": null,
                    "init_value": -12.113981272242242,
                    "min": -Infinity,
                    "max": Infinity,
                    "brute_step": null,
                    "stderr": 0.1078565659955159,
                    "correl": {
                        "tau": -0.016099109027762792,
                        "frequency": -0.7640459163017606,
                        "amplitude": 0.021907849824194386,
                        "offset": 0.015825106342740265
                    },
                    "value": -12.34106389503269
                },
                "amplitude": {
                    "name": "amplitude",
                    "user_data": null,
                    "init_value": 0.0001926816248745985,
                    "min": 0,
                    "max": Infinity,
                    "brute_step": null,
                    "stderr": 1.5881547991461476e-05,
                    "correl": {
                        "tau": -0.7640165397782599,
                        "frequency": -0.0158219267622771,
                        "phase": 0.021907849824194386,
                        "offset": -0.0011517703396213177
                    },
                    "value": 0.00014725179842534075
                },
                "offset": {
                    "name": "offset",
                    "user_data": null,
                    "init_value": 0.0010505687893550336,
                    "min": -Infinity,
                    "max": Infinity,
                    "brute_step": null,
                    "stderr": 4.087498971776549e-06,
                    "correl": {
                        "tau": 0.002779079364614932,
                        "frequency": -0.0072479649335389475,
                        "phase": 0.015825106342740265,
                        "amplitude": -0.0011517703396213177
                    },
                    "value": 0.0010506436455858838
                }
            }
        }
    }
}