{
    "fit_success": true,
    "Qi": {
        "__dtype__": "UFloat",
        "nominal_value": 12555.551640374108,
        "std_dev": 1601.065048576955
    },
    "Qe": {
        "__dtype__": "UFloat",
        "nominal_value": 8720.92340039321,
        "std_dev": 455.5111524551351
    },
    "Ql": {
        "__dtype__": "UFloat",
        "nominal_value": 5567.556690707641,
        "std_dev": 400.2355945427406
    },
    "Qc": {
        "__dtype__": "UFloat",
        "nominal_value": 10003.405274960398,
        "std_dev": 599.280212136131
    },
    "fr": {
        "__dtype__": "UFloat",
        "nominal_value": 5719778795.268819,
        "std_dev": 36923.931949652346
    },
    "fit_msg": "Summary\n$Q_I$: 12.6$\\pm$1.6 k\n$Q_C$: 10.00$\\pm$0.60 k\n$f_{res}$: 5.719779$\\pm$3.7e-05 GHz",
    "fit_result": {
        "hanger_func_complex_SI": {
            "success": true,
            "message": "Fit succeeded.",
            "params": {
                "fr": {
                    "name": "fr",
                    "user_data": null,
                    "init_value": 5719874371.859297,
                    "min": 5695000000.0,
                    "max": 5745000000.0,
                    "brute_step": null,
                    "stderr": 36923.931949652346,
                    "correl": {
                        "Ql": 0.0001446140817946013,
                        "Qe": 0.00764153931826536,
                        "A": 0.090887077024967,
                        "theta": -0.7332288142603238,
                        "phi_v": -0.0926983701625532,
                        "phi_0": 0.09228879329587059,
                        "alpha": 0.1726542827148151
                    },
                    "value": 5719778795.268819
                },
                "Ql": {
                    "name": "Ql",
                    "user_data": null,
                    "init_value": 515.4237162871167,
                    "min": 11.439748743718594,
                    "max": 22765.10000005732,
                    "brute_step": null,
                    "stderr": 400.2355945427406,
                    "correl": {
                        "fr": 0.0001446140817946013,
                        "Qe": 0.7332747407282263,
                        "A": -0.16127394873573403,
                        "theta": 0.007340965185404549,
                        "phi_v": 0.17244434427677596,
                        "phi_0": -0.1726676399286572,
                        "alpha": 0.09236642423529862
                    },
                    "value": 5567.556690707641
                },
                "Qe": {
                    "name": "Qe",
                    "user_data": null,
                    "init_value": 505.21730606360944,
                    "min": 0,
                    "max": Infinity,
                    "brute_step": null,
                    "stderr": 455.5111524551351,
                    "correl": {
                        "fr": 0.00764153931826536,
                        "Ql": 0.7332747407282263,
                        "A": -0.1468912664616938,
                        "theta": -0.00014285521703907335,
                        "phi_v": 0.23819032079966626,
                        "phi_0": -0.23850216666455082,
                        "alpha": 0.13188051908041848
                    },
                    "value": 8720.92340039321
                },
                "A": {
                    "name": "A",
                    "user_data": null,
                    "init_value": 0.0037083512670332275,
                    "min": 0,
                    "max": Infinity,
                    "brute_step": null,
                    "stderr": 1.529563842717275e-05,
                    "correl": {
                        "fr": 0.090887077024967,
                        "Ql": -0.16127394873573403,
                        "Qe": -0.1468912664616938,
                        "theta": -0.12603816271506216,
                        "phi_v": -0.04854678175690546,
                        "phi_0": 0.04855066307541783,
                        "alpha": 0.007479121694694445
                    },
                    "value": 0.0037525726236711243
                },
                "theta": {
                    "name": "theta",
                    "user_data": null,
                    "init_value": 0,
                    "min": -1.5707963267948966,
                    "max": 1.5707963267948966,
                    "brute_step": null,
                    "stderr": 0.05222528824885032,
                    "correl": {
                        "fr": -0.7332288142603238,
                        "Ql": 0.007340965185404549,
                        "Qe": -0.00014285521703907335,
                        "A": -0.12603816271506216,
                        "phi_v": 0.13253161392038995,
                        "phi_0": -0.13215713393044612,
                        "alpha": -0.23849484296227272
                    },
                    "value": 0.5119406784248279
                },
                "phi_v": {
                    "name": "phi_v",
                    "user_data": null,
                    "init_value": -8.626680789347038e-08,
                    "min": -Infinity,
                    "max": Infinity,
                    "brute_step": null,
                    "stderr": 2.8252346189007687e-10,
                    "correl": {
                        "fr": -0.0926983701625532,
                        "Ql": 0.17244434427677596,
                        "Qe": 0.23819032079966626,
                        "A": -0.04854678175690546,
                        "theta": 0.13253161392038995,
                        "phi_0": -0.9999968191321136,
                        "alpha": -0.004330912292507335
                    },
                    "value": -7.798087081263082e-08
                },
                "phi_0": {
                    "name": "phi_0",
                    "user_data": null,
                    "init_value": 491.84819556856957,
                    "min": -Infinity,
                    "max": Infinity,
                    "brute_step": null,
                    "stderr": 1.6160168591846715,
                    "correl": {
                        "fr": 0.09228879329587059,
                        "Ql": -0.1726676399286572,
                        "Qe": -0.23850216666455082,
                        "A": 0.04855066307541783,
                        "theta": -0.13215713393044612,
                        "phi_v": -0.9999968191321136,
                        "alpha": 0.004201271288914247
                    },
                    "value": 444.52271917213926
                },
                "alpha": {
                    "name": "alpha",
                    "user_data": null,
                    "init_value": 0,
                    "min": -1,
                    "max": 1,
                    "brute_step": null,
                    "stderr": 2.1851885681370593,
                    "correl": {
                        "fr": 0.1726542827148151,
                        "Ql": 0.09236642423529862,
                        "Qe": 0.13188051908041848,
                        "A": 0.007479121694694445,
                        "theta": -0.23849484296227272,
                        "phi_v": -0.004330912292507335,
                        "phi_0": 0.004201271288914247
                    },
                    "value": 0.9999928816660839
                },
                "Qi": {
                    "name": "Qi",
                    "user_data": null,
                    "init_value": -25513.47395621221,
                    "min": -Infinity,
                    "max": Infinity,
                    "brute_step": null,
                    "stderr": 1601.065048576955,
                    "correl": null,
                    "value": 12555.551640374108
                },
                "Qc": {
                    "name": "Qc",
                    "user_data": null,
                    "init_value": 505.21730606360944,