{
    "fit_success": true,
    "Qi": {
        "__dtype__": "UFloat",
        "nominal_value": 21582.384924167236,
        "std_dev": 1027.4760977525216
    },
    "Qe": {
        "__dtype__": "UFloat",
        "nominal_value": 4016.6526035503675,
        "std_dev": 32.042623881927334
    },
    "Ql": {
        "__dtype__": "UFloat",
        "nominal_value": 3616.6936633184955,
        "std_dev": 40.15820018444647
    },
    "Qc": {
        "__dtype__": "UFloat",
        "nominal_value": 4344.774362489445,
        "std_dev": 37.491891520766934
    },
    "fr": {
        "__dtype__": "UFloat",
        "nominal_value": 5913526630.262945,
        "std_dev": 9077.69448863244
    },
    "fit_msg": "Summary\n$Q_I$: 21.6$\\pm$1.0 k\n$Q_C$: 4.345$\\pm$0.037 k\n$f_{res}$: 5.9135266$\\pm$9.1e-06 GHz",
    "fit_result": {
        "hanger_func_complex_SI": {
            "success": true,
            "message": "Fit succeeded.",
            "params": {
                "fr": {
                    "name": "fr",
                    "user_data": null,
                    "init_value": 5913693467.336683,
                    "min": 5875000000.0,
                    "max": 5925000000.0,
                    "brute_step": null,
                    "stderr": 9077.69448863244,
                    "correl": {
                        "Ql": 0.00013463628012727328,
                        "Qe": 0.014947572405619182,
                        "A": 0.07826890439366888,
                        "theta": -0.7482209121832477,
                        "phi_v": -0.2570081872802059,
                        "phi_0": 0.25659628868697726,
                        "alpha": 0.06711642810290493
                    },
                    "value": 5913526630.262945
                },
                "Ql": {
                    "name": "Ql",
                    "user_data": null,
                    "init_value": 532.8889527562682,
                    "min": 11.827386934673367,
                    "max": 23536.50000005926,
                    "brute_step": null,
                    "stderr": 40.15820018444647,
                    "correl": {
                        "fr": 0.00013463628012727328,
                        "Qe": 0.7482107894962943,
                        "A": -0.3018879649262382,
                        "theta": 0.014851244356400483,
                        "phi_v": 0.06658216995206924,
                        "phi_0": -0.0670210131910092,
                        "alpha": 0.2565836050945018
                    },
                    "value": 3616.6936633184955
                },
                "Qe": {
                    "name": "Qe",
                    "user_data": null,
                    "init_value": 522.3366962660451,
                    "min": 0,
                    "max": Infinity,
                    "brute_step": null,
                    "stderr": 32.042623881927334,
                    "correl": {
                        "fr": 0.014947572405619182,
                        "Ql": 0.7482107894962943,
                        "A": -0.24190004907689688,
                        "theta": 2.46489089441118e-05,
                        "phi_v": 0.08589909162165993,
                        "phi_0": -0.08649867279833949,
                        "alpha": 0.2354458530517314
                    },
                    "value": 4016.6526035503675
                },
                "A": {
                    "name": "A",
                    "user_data": null,
                    "init_value": 0.009451280067326217,
                    "min": 0,
                    "max": Infinity,
                    "brute_step": null,
                    "stderr": 1.5392575639464522e-05,
                    "correl": {
                        "fr": 0.07826890439366888,
                        "Ql": -0.3018879649262382,
                        "Qe": -0.24190004907689688,
                        "theta": -0.1107522301896773,
                        "phi_v": -0.042006735439753,
                        "phi_0": 0.042125311447472766,
                        "alpha": -0.7157758554381884
                    },
                    "value": 0.009680766495421933
                },
                "theta": {
                    "name": "theta",
                    "user_data": null,
                    "init_value": 0,
                    "min": -1.5707963267948966,
                    "max": 1.5707963267948966,
                    "brute_step": null,
                    "stderr": 0.007977393767637554,
                    "correl": {
                        "fr": -0.7482209121832477,
                        "Ql": 0.014851244356400483,
                        "Qe": 2.46489089441118e-05,
                        "A": -0.1107522301896773,
                        "phi_v": 0.23606857501850678,
                        "phi_0": -0.23581315661080485,
                        "alpha": -0.0861028363518542
                    },
                    "value": 0.3911296564608593
                },
                "phi_v": {
                    "name": "phi_v",
                    "user_data": null,
                    "init_value": -8.037553928196059e-08,
                    "min": -Infinity,
                    "max": Infinity,
                    "brute_step": null,
                    "stderr": 7.740789763020797e-11,
                    "correl": {
                        "fr": -0.2570081872802059,
                        "Ql": 0.06658216995206924,
                        "Qe": 0.08589909162165993,
                        "A": -0.042006735439753,
                        "theta": 0.23606857501850678,
                        "phi_0": -0.9999970438591422,
                        "alpha": -0.0039947107538570335
                    },
                    "value": -7.036499836362043e-08
                },
                "phi_0": {
                    "name": "phi_0",
                    "user_data": null,
                    "init_value": 472.6097698525388,
                    "min": -Infinity,
                    "max": Infinity,
                    "brute_step": null,
                    "stderr": 0.45661689292523244,
                    "correl": {
                        "fr": 0.25659628868697726,
                        "Ql": -0.0670210131910092,
                        "Qe": -0.08649867279833949,
                        "A": 0.042125311447472766,
                        "theta": -0.23581315661080485,
                        "phi_v": -0.9999970438591422,
                        "alpha": 0.0038332494947765053
                    },
                    "value": 413.7862426011815
                },
                "alpha": {
                    "name": "alpha",
                    "user_data": null,
                    "init_value": 0,
                    "min": -1,
                    "max": 1,
                    "brute_step": null,
                    "stderr": 0.5115397409534281,
                    "correl": {
                        "fr": 0.06711642810290493,
                        "Ql": 0.2565836050945018,
                        "Qe": 0.2354458530517314,
                        "A": -0.7157758554381884,
                        "theta": -0.0861028363518542,
                        "phi_v": -0.0039947107538570335,
                        "phi_0": 0.0038332494947765053
                    },
                    "value": 0.9999971606899289
                },
                "Qi": {
                    "name": "Qi",
                    "user_data": null,
                    "init_value": -26378.00316143546,
                    "min": -Infinity,
                    "max": Infinity,
                    "brute_step": null,
                    "stderr": 1027.4760977525216,
                    "correl": null,
                    "value": 21582.384924167236
                },
                "Qc": {
                    "name": "Qc",
                    "user_data": null,
                    "init_value": 522.3366962660451,