{
    "fit_success": true,
    "Qi": {
        "__dtype__": "UFloat",
        "nominal_value": 20829.35543886534,
        "std_dev": 5043.834403624268
    },
    "Qe": {
        "__dtype__": "UFloat",
        "nominal_value": 6549.523919107835,
        "std_dev": 409.6192651116769
    },
    "Ql": {
        "__dtype__": "UFloat",
        "nominal_value": 5737.713076538347,
        "std_dev": 490.3221136527085
    },
    "Qc": {
        "__dtype__": "UFloat",
        "nominal_value": 7919.142410621968,
        "std_dev": 598.8275642424167
    },
    "fr": {
        "__dtype__": "UFloat",
        "nominal_value": 5719844350.601445,
        "std_dev": 42603.43343745879
    },
    "fit_msg": "Summary\n$Q_I$: 20.8$\\pm$5.0 k\n$Q_C$: 7.92$\\pm$0.60 k\n$f_{res}$: 5.719844$\\pm$4.3e-05 GHz",
    "fit_result": {
        "hanger_func_complex_SI": {
            "success": true,
            "message": "Fit succeeded.",
            "params": {
                "fr": {
                    "name": "fr",
                    "user_data": null,
                    "init_value": 5720056856.187291,
                    "min": 5703000000.0,
                    "max": 5733000000.0,
                    "brute_step": null,
                    "stderr": 42603.43343745879,
                    "correl": {
                        "Ql": 0.00012049917965612337,
                        "Qe": 0.015502803995420008,
                        "A": 0.1025568266287458,
                        "theta": -0.7455905141041657,
                        "phi_v": -0.1773601159790007,
                        "phi_0": 0.17708271453807437,
                        "alpha": -0.1749915016399114
                    },
                    "value": 5719844350.601445
                },
                "Ql": {
                    "name": "Ql",
                    "user_data": null,
                    "init_value": 1053.0186398176195,
                    "min": 19.06685618729097,
                    "max": 57009.9000002066,
                    "brute_step": null,
                    "stderr": 490.3221136527085,
                    "correl": {
                        "fr": 0.00012049917965612337,
                        "Qe": 0.7456120476701061,
                        "A": -0.22174428327721632,
                        "theta": 0.01530495461583664,
                        "phi_v": 0.17427303744896216,
                        "phi_0": -0.17450041612606118,
                        "alpha": -0.17667061551198615
                    },
                    "value": 5737.713076538347
                },
                "Qe": {
                    "name": "Qe",
                    "user_data": null,
                    "init_value": 1032.1667855638054,
                    "min": 0,
                    "max": Infinity,
                    "brute_step": null,
                    "stderr": 409.6192651116769,
                    "correl": {
                        "fr": 0.015502803995420008,
                        "Ql": 0.7456120476701061,
                        "A": -0.17270523286177947,
                        "theta": -6.999532973420172e-05,
                        "phi_v": 0.2335349903960306,
                        "phi_0": -0.2338487726790714,
                        "alpha": -0.219406026883898
                    },
                    "value": 6549.523919107835
                },
                "A": {
                    "name": "A",
                    "user_data": null,
                    "init_value": 0.0008155824731665819,
                    "min": 0,
                    "max": Infinity,
                    "brute_step": null,
                    "stderr": 7.171725896380001e-06,
                    "correl": {
                        "fr": 0.1025568266287458,
                        "Ql": -0.22174428327721632,
                        "Qe": -0.17270523286177947,
                        "theta": -0.14337766019299686,
                        "phi_v": -0.06755703417337641,
                        "phi_0": 0.06758778568829218,
                        "alpha": 0.24703234453330639
                    },
                    "value": 0.0008253197112253474
                },
                "theta": {
                    "name": "theta",
                    "user_data": null,
                    "init_value": 0,
                    "min": -1.5707963267948966,
                    "max": 1.5707963267948966,
                    "brute_step": null,
                    "stderr": 0.06254124571038847,
                    "correl": {
                        "fr": -0.7455905141041657,
                        "Ql": 0.01530495461583664,
                        "Qe": -6.999532973420172e-05,
                        "A": -0.14337766019299686,
                        "phi_v": 0.22043669678926878,
                        "phi_0": -0.2202518877842465,
                        "alpha": 0.23439724101486606
                    },
                    "value": 0.5969576281550499
                },
                "phi_v": {
                    "name": "phi_v",
                    "user_data": null,
                    "init_value": -1.3900478370993902e-07,
                    "min": -Infinity,
                    "max": Infinity,
                    "brute_step": null,
                    "stderr": 9.771868535832602e-10,
                    "correl": {
                        "fr": -0.1773601159790007,
                        "Ql": 0.17427303744896216,
                        "Qe": 0.2335349903960306,
                        "A": -0.06755703417337641,
                        "theta": 0.22043669678926878,
                        "phi_0": -0.9999988640400822,
                        "alpha": 0.004691661941427361
                    },
                    "value": -8.306963209526814e-08
                },
                "phi_0": {
                    "name": "phi_0",
                    "user_data": null,
                    "init_value": 793.4803674540165,
                    "min": -Infinity,
                    "max": Infinity,
                    "brute_step": null,
                    "stderr": 5.587221528905811,
                    "correl": {
                        "fr": 0.17708271453807437,
                        "Ql": -0.17450041612606118,
                        "Qe": -0.2338487726790714,
                        "A": 0.06758778568829218,
                        "theta": -0.2202518877842465,
                        "phi_v": -0.9999988640400822,
                        "alpha": -0.004580470342708804
                    },
                    "value": 474.0735592245592
                },
                "alpha": {
                    "name": "alpha",
                    "user_data": null,
                    "init_value": 0,
                    "min": -1,
                    "max": 1,
                    "brute_step": null,
                    "stderr": 5.589620600494737,
                    "correl": {
                        "fr": -0.1749915016399114,
                        "Ql": -0.17667061551198615,
                        "Qe": -0.219406026883898,
                        "A": 0.24703234453330639,
                        "theta": 0.23439724101486606,
                        "phi_v": 0.004691661941427361,
                        "phi_0": -0.004580470342708804
                    },
                    "value": 0.529619211538678
                },
                "Qi": {
                    "name": "Qi",
                    "user_data": null,
                    "init_value": -52124.42267097273,
                    "min": -Infinity,
                    "max": Infinity,
                    "brute_step": null,
                    "stderr": 5043.834403624268,
                    "correl": null,
                    "value": 20829.35543886534
                },
                "Qc": {
                    "name": "Qc",
                    "user_data": null,
                    "init_value": 1032.1667855638054,