{
    "amplitude": {
        "__dtype__": "UFloat",
        "nominal_value": 183295.6545993755,
        "std_dev": 16343.94862851612
    },
    "frequency": {
        "__dtype__": "UFloat",
        "nominal_value": 9.05467379765734,
        "std_dev": 0.5223272377982303
    },
    "shift": {
        "__dtype__": "UFloat",
        "nominal_value": 0.7133667571470577,
        "std_dev": 0.09432467773072965
    },
    "offset": {
        "__dtype__": "UFloat",
        "nominal_value": 5913733333.333334,
        "std_dev": 28284.27124751585
    },
    "offset_0": {
        "__dtype__": "UFloat",
        "nominal_value": 0.09469469456422343,
        "std_dev": 0.011762579616742206
    },
    "freq_0": 5913916628.987933,
    "fit_success": true,
    "fit_msg": "Summary:\nf_0: 5.9139 GHz\noffset_0: 95$\\pm$12 mV\n",
    "fit_result": {
        "sin": {
            "success": true,
            "message": "Fit succeeded.",
            "params": {
                "amplitude": {
                    "name": "amplitude",
                    "user_data": null,
                    "init_value": 181471.4509858403,
                    "min": 0,
                    "max": Infinity,
                    "brute_step": null,
                    "stderr": 16343.94862851612,
                    "correl": {
                        "frequency": 0.011892599597748792,
                        "shift": 0.09553035374660862
                    },
                    "value": 183295.6545993755
                },
                "frequency": {
                    "name": "frequency",
                    "user_data": null,
                    "init_value": 10.053096491487338,
                    "min": 0,
                    "max": Infinity,
                    "brute_step": null,
                    "stderr": 0.5223272377982303,
                    "correl": {
                        "amplitude": 0.011892599597748792,
                        "shift": -0.2817259985531634
                    },
                    "value": 9.05467379765734
                },
                "shift": {
                    "name": "shift",
                    "user_data": null,
                    "init_value": 0.5711986642890533,
                    "min": -6.283195307179586,
                    "max": 6.283195307179586,
                    "brute_step": null,
                    "stderr": 0.09432467773072965,
                    "correl": {
                        "amplitude": 0.09553035374660862,
                        "frequency": -0.2817259985531634
                    },
                    "value": 0.7133667571470577
                },
                "offset": {
                    "name": "offset",
                    "user_data": null,
                    "init_value": 5913733333.333334,
                    "min": -Infinity,
                    "max": Infinity,
                    "brute_step": null,
                    "stderr": 28284.27124751585,
                    "correl": null,
                    "value": 5913733333.333334
                }
            }
        }
    }
}