{
    "fit_success": true,
    "frequency_01": {
        "__dtype__": "UFloat",
        "nominal_value": 3996042930.280525,
        "std_dev": 376358.32780840783
    },
    "fit_msg": "Summary\nFrequency 0-1: 3.99604$\\pm$0.00038 GHz\nPeak width: 74.$\\pm$9.5e+04 kHz\n",
    "fit_result": {
        "Lorentzian_peak": {
            "success": true,
            "message": "Fit succeeded.",
            "params": {
                "x0": {
                    "name": "x0",
                    "user_data": null,
                    "init_value": 3970854271.356784,
                    "min": -Infinity,
                    "max": Infinity,
                    "brute_step": null,
                    "stderr": 376358.32780840783,
                    "correl": {
                        "width": 0.768938199053572,
                        "a": -0.7690270479414383,
                        "c": -0.12962130423745877
                    },
                    "value": 3996042930.280525
                },
                "width": {
                    "name": "width",
                    "user_data": null,
                    "init_value": 28355248.200331375,
                    "min": -Infinity,
                    "max": Infinity,
                    "brute_step": null,
                    "stderr": 95453305.34692915,
                    "correl": {
                        "x0": 0.768938199053572,
                        "a": -0.9999999220025452,
                        "c": -0.1850467907559181
                    },
                    "value": 73835.00943792943
                },
                "a": {
                    "name": "a",
                    "user_data": null,
                    "init_value": 10003.892452196236,
                    "min": -Infinity,
                    "max": Infinity,
                    "brute_step": null,
                    "stderr": 2775202.571720678,
                    "correl": {
                        "x0": -0.7690270479414383,
                        "width": -0.9999999220025452,
                        "c": 0.18500003526493145
                    },
                    "value": 2203.8018428045075
                },
                "c": {
                    "name": "c",
                    "user_data": null,
                    "init_value": 0.0006550945181607044,
                    "min": -Infinity,
                    "max": Infinity,
                    "brute_step": null,
                    "stderr": 2.518681057472347e-06,
                    "correl": {
                        "x0": -0.12962130423745877,
                        "width": -0.1850467907559181,
                        "a": 0.18500003526493145
                    },
                    "value": 0.0006544578488192187
                }
            }
        }
    }
}