{
    "fit_success": true,
    "Qi": {
        "__dtype__": "UFloat",
        "nominal_value": 34104.11290873613,
        "std_dev": 2245.685739263175
    },
    "Qe": {
        "__dtype__": "UFloat",
        "nominal_value": 7382.181104942157,
        "std_dev": 96.03986256935941
    },
    "Ql": {
        "__dtype__": "UFloat",
        "nominal_value": 6763.763558594434,
        "std_dev": 118.98772726810738
    },
    "Qc": {
        "__dtype__": "UFloat",
        "nominal_value": 8437.059568483675,
        "std_dev": 125.44016188159615
    },
    "fr": {
        "__dtype__": "UFloat",
        "nominal_value": 5720932791.332296,
        "std_dev": 7439.459160075234
    },
    "fit_msg": "Summary\n$Q_I$: 34.1$\\pm$2.2 k\n$Q_C$: 8.44$\\pm$0.13 k\n$f_{res}$: 5.7209328$\\pm$7.4e-06 GHz",
    "fit_result": {
        "hanger_func_complex_SI": {
            "success": true,
            "message": "Fit succeeded.",
            "params": {
                "fr": {
                    "name": "fr",
                    "user_data": null,
                    "init_value": 5721150753.768845,
                    "min": 5711000000.0,
                    "max": 5731000000.0,
                    "brute_step": null,
                    "stderr": 7439.459160075234,
                    "correl": {
                        "Ql": 0.00011737595676372831,
                        "Qe": 0.0211709333030691,
                        "A": 0.12168795880292163,
                        "theta": -0.7541316659126961,
                        "phi_v": -0.13158602494839794,
                        "phi_0": 0.13134894292530447,
                        "alpha": 0.24583176718041
                    },
                    "value": 5720932791.332296
                },
                "Ql": {
                    "name": "Ql",
                    "user_data": null,
                    "init_value": 1288.8468309073364,
                    "min": 28.605753768844224,
                    "max": 56925.45000003529,
                    "brute_step": null,
                    "stderr": 118.98772726810738,
                    "correl": {
                        "fr": 0.00011737595676372831,
                        "Qe": 0.7541633306566909,
                        "A": -0.23548854334370387,
                        "theta": 0.020939773135034347,
                        "phi_v": 0.2450863077631917,
                        "phi_0": -0.24521513281194823,
                        "alpha": 0.13025472820072923
                    },
                    "value": 6763.763558594434
                },
                "Qe": {
                    "name": "Qe",
                    "user_data": null,
                    "init_value": 1263.3251114834288,
                    "min": 0,
                    "max": Infinity,
                    "brute_step": null,
                    "stderr": 96.03986256935941,
                    "correl": {
                        "fr": 0.0211709333030691,
                        "Ql": 0.7541633306566909,
                        "A": -0.17082941960391876,
                        "theta": -9.997547252452648e-05,
                        "phi_v": 0.32820740255011105,
                        "phi_0": -0.32838681388946395,
                        "alpha": 0.18515561352866589
                    },
                    "value": 7382.181104942157
                },
                "A": {
                    "name": "A",
                    "user_data": null,
                    "init_value": 0.2588763748083133,
                    "min": 0,
                    "max": Infinity,
                    "brute_step": null,
                    "stderr": 0.0005451186115411036,
                    "correl": {
                        "fr": 0.12168795880292163,
                        "Ql": -0.23548854334370387,
                        "Qe": -0.17082941960391876,
                        "theta": -0.16978193767949112,
                        "phi_v": -0.07357958397294012,
                        "phi_0": 0.07358435325603489,
                        "alpha": -0.01886126498089748
                    },
                    "value": 0.2678782976800329
                },
                "theta": {
                    "name": "theta",
                    "user_data": null,
                    "init_value": 0,
                    "min": -1.5707963267948966,
                    "max": 1.5707963267948966,
                    "brute_step": null,
                    "stderr": 0.013008488960435462,
                    "correl": {
                        "fr": -0.7541316659126961,
                        "Ql": 0.020939773135034347,
                        "Qe": -9.997547252452648e-05,
                        "A": -0.16978193767949112,
                        "phi_v": 0.18708991730150662,
                        "phi_0": -0.18691768183253737,
                        "alpha": -0.3292640921590931
                    },
                    "value": 0.5054207378863156
                },
                "phi_v": {
                    "name": "phi_v",
                    "user_data": null,
                    "init_value": -1.2727600977612566e-07,
                    "min": -Infinity,
                    "max": Infinity,
                    "brute_step": null,
                    "stderr": 3.5445534349411354e-10,
                    "correl": {
                        "fr": -0.13158602494839794,
                        "Ql": 0.2450863077631917,
                        "Qe": 0.32820740255011105,
                        "A": -0.07357958397294012,
                        "theta": 0.18708991730150662,
                        "phi_0": -0.9999994955183968,
                        "alpha": -0.006421110842477955
                    },
                    "value": -1.1377529109708486e-07
                },
                "phi_0": {
                    "name": "phi_0",
                    "user_data": null,
                    "init_value": 725.0104603235301,
                    "min": -Infinity,
                    "max": Infinity,
                    "brute_step": null,
                    "stderr": 2.0277793702101063,
                    "correl": {
                        "fr": 0.13134894292530447,
                        "Ql": -0.24521513281194823,
                        "Qe": -0.32838681388946395,
                        "A": 0.07358435325603489,
                        "theta": -0.18691768183253737,
                        "phi_v": -0.9999994955183968,
                        "alpha": 0.00633252427414796
                    },
                    "value": 647.9490398430014
                },
                "alpha": {
                    "name": "alpha",
                    "user_data": null,
                    "init_value": 0,
                    "min": -1,
                    "max": 1,
                    "brute_step": null,
                    "stderr": 2.2702949763505456,
                    "correl": {
                        "fr": 0.24583176718041,
                        "Ql": 0.13025472820072923,
                        "Qe": 0.18515561352866589,
                        "A": -0.01886126498089748,
                        "theta": -0.3292640921590931,
                        "phi_v": -0.006421110842477955,
                        "phi_0": 0.00633252427414796
                    },
                    "value": 0.9999438728191679
                },
                "Qi": {
                    "name": "Qi",
                    "user_data": null,
                    "init_value": -63797.91812991335,
                    "min": -Infinity,
                    "max": Infinity,
                    "brute_step": null,
                    "stderr": 2245.685739263175,
                    "correl": null,
                    "value": 34104.11290873613
                },
                "Qc": {
                    "name": "Qc",
                    "user_data": null,
                    "init_value": 1263.3251114834288,