{
    "fit_success": true,
    "Qi": {
        "__dtype__": "UFloat",
        "nominal_value": 20283.303451875447,
        "std_dev": 1993.871775371448
    },
    "Qe": {
        "__dtype__": "UFloat",
        "nominal_value": 7420.185394060653,
        "std_dev": 209.6719737963103
    },
    "Ql": {
        "__dtype__": "UFloat",
        "nominal_value": 6431.337344171643,
        "std_dev": 248.83831256903062
    },
    "Qc": {
        "__dtype__": "UFloat",
        "nominal_value": 9417.346674033715,
        "std_dev": 337.71277481552187
    },
    "fr": {
        "__dtype__": "UFloat",
        "nominal_value": 5719851691.961641,
        "std_dev": 17207.046441835322
    },
    "fit_msg": "Summary\n$Q_I$: 20.3$\\pm$2.0 k\n$Q_C$: 9.42$\\pm$0.34 k\n$f_{res}$: 5.719852$\\pm$1.7e-05 GHz",
    "fit_result": {
        "hanger_func_complex_SI": {
            "success": true,
            "message": "Fit succeeded.",
            "params": {
                "fr": {
                    "name": "fr",
                    "user_data": null,
                    "init_value": 5720157190.635451,
                    "min": 5703000000.0,
                    "max": 5733000000.0,
                    "brute_step": null,
                    "stderr": 17207.046441835322,
                    "correl": {
                        "Ql": 0.0001429814863961295,
                        "Qe": 0.015412551629100463,
                        "A": 0.11030904375518051,
                        "theta": -0.7418099859413756,
                        "phi_v": -0.17903302784754457,
                        "phi_0": 0.17878703841645047,
                        "alpha": 0.15364379487705312
                    },
                    "value": 5719851691.961641
                },
                "Ql": {
                    "name": "Ql",
                    "user_data": null,
                    "init_value": 1053.0371106207576,
                    "min": 19.067190635451507,
                    "max": 57010.9000002066,
                    "brute_step": null,
                    "stderr": 248.83831256903062,
                    "correl": {
                        "fr": 0.0001429814863961295,
                        "Qe": 0.7417624699172057,
                        "A": -0.2024294210894682,
                        "theta": 0.015111749116196282,
                        "phi_v": 0.15257495939527171,
                        "phi_0": -0.1528073608755153,
                        "alpha": 0.17821836724753418
                    },
                    "value": 6431.337344171643
                },
                "Qe": {
                    "name": "Qe",
                    "user_data": null,
                    "init_value": 1032.1848906084656,
                    "min": 0,
                    "max": Infinity,
                    "brute_step": null,
                    "stderr": 209.6719737963103,
                    "correl": {
                        "fr": 0.015412551629100463,
                        "Ql": 0.7417624699172057,
                        "A": -0.15416298900845507,
                        "theta": -0.00016897760135350107,
                        "phi_v": 0.2041967751237497,
                        "phi_0": -0.20451797317363193,
                        "alpha": 0.22291492972347018
                    },
                    "value": 7420.185394060653
                },
                "A": {
                    "name": "A",
                    "user_data": null,
                    "init_value": 0.0008590361461186899,
                    "min": 0,
                    "max": Infinity,
                    "brute_step": null,
                    "stderr": 3.2146592863309877e-06,
                    "correl": {
                        "fr": 0.11030904375518051,
                        "Ql": -0.2024294210894682,
                        "Qe": -0.15416298900845507,
                        "theta": -0.1548797489645627,
                        "phi_v": -0.06537176286047071,
                        "phi_0": 0.06540035984368914,
                        "alpha": -0.2476621121173771
                    },
                    "value": 0.0008733739499020565
                },
                "theta": {
                    "name": "theta",
                    "user_data": null,
                    "init_value": 0,
                    "min": -1.5707963267948966,
                    "max": 1.5707963267948966,
                    "brute_step": null,
                    "stderr": 0.02825956552242566,
                    "correl": {
                        "fr": -0.7418099859413756,
                        "Ql": 0.015111749116196282,
                        "Qe": -0.00016897760135350107,
                        "A": -0.1548797489645627,
                        "phi_v": 0.2238331351684499,
                        "phi_0": -0.2236797209462626,
                        "alpha": -0.20557010245564367
                    },
                    "value": 0.6633605075097373
                },
                "phi_v": {
                    "name": "phi_v",
                    "user_data": null,
                    "init_value": -1.0177743357893406e-07,
                    "min": -Infinity,
                    "max": Infinity,
                    "brute_step": null,
                    "stderr": 4.1352380592862607e-10,
                    "correl": {
                        "fr": -0.17903302784754457,
                        "Ql": 0.15257495939527171,
                        "Qe": 0.2041967751237497,
                        "A": -0.06537176286047071,
                        "theta": 0.2238331351684499,
                        "phi_0": -0.9999988624090622,
                        "alpha": -0.004331718929034311
                    },
                    "value": -7.394433378210217e-08
                },
                "phi_0": {
                    "name": "phi_0",
                    "user_data": null,
                    "init_value": 581.7780465179525,
                    "min": -Infinity,
                    "max": Infinity,
                    "brute_step": null,
                    "stderr": 2.3643802355472467,
                    "correl": {
                        "fr": 0.17878703841645047,
                        "Ql": -0.1528073608755153,
                        "Qe": -0.20451797317363193,
                        "A": 0.06540035984368914,
                        "theta": -0.2236797209462626,
                        "phi_v": -0.9999988624090622,
                        "alpha": 0.004229245320032918
                    },
                    "value": 423.0344384816831
                },
                "alpha": {
                    "name": "alpha",
                    "user_data": null,
                    "init_value": 0,
                    "min": -1,
                    "max": 1,
                    "brute_step": null,
                    "stderr": 2.460990499175799,
                    "correl": {
                        "fr": 0.15364379487705312,
                        "Ql": 0.17821836724753418,
                        "Qe": 0.22291492972347018,
                        "A": -0.2476621121173771,
                        "theta": -0.20557010245564367,
                        "phi_v": -0.004331718929034311,
                        "phi_0": 0.004229245320032918
                    },
                    "value": -0.999989530802622
                },
                "Qi": {
                    "name": "Qi",
                    "user_data": null,
                    "init_value": -52125.33697572793,
                    "min": -Infinity,
                    "max": Infinity,
                    "brute_step": null,
                    "stderr": 1993.871775371448,
                    "correl": null,
                    "value": 20283.303451875447
                },
                "Qc": {
                    "name": "Qc",
                    "user_data": null,
                    "init_value": 1032.1848906084656,