{
    "fit_success": true,
    "frequency_01": {
        "__dtype__": "UFloat",
        "nominal_value": 4112456262.0924115,
        "std_dev": 449156.8294814627
    },
    "fit_msg": "Summary\nFrequency 0-1: 4.11246$\\pm$0.00045 GHz\nPeak width: 10.8$\\pm$1.2 MHz\n",
    "fit_result": {
        "Lorentzian_peak": {
            "success": true,
            "message": "Fit succeeded.",
            "params": {
                "x0": {
                    "name": "x0",
                    "user_data": null,
                    "init_value": 4110822747.0623074,
                    "min": -Infinity,
                    "max": Infinity,
                    "brute_step": null,
                    "stderr": 449156.8294814627,
                    "correl": {
                        "width": -0.03481584319504287,
                        "a": -0.02018834184194861,
                        "c": 0.008600625686332334
                    },
                    "value": 4112456262.0924115
                },
                "width": {
                    "name": "width",
                    "user_data": null,
                    "init_value": 40201512.61036511,
                    "min": -Infinity,
                    "max": Infinity,
                    "brute_step": null,
                    "stderr": 1237256.8829227393,
                    "correl": {
                        "x0": -0.03481584319504287,
                        "a": 0.7444720583649949,
                        "c": -0.30907037992970776
                    },
                    "value": 10763405.563795784
                },
                "a": {
                    "name": "a",
                    "user_data": null,
                    "init_value": 35856.319734821285,
                    "min": -Infinity,
                    "max": Infinity,
                    "brute_step": null,
                    "stderr": 282.57790396759816,
                    "correl": {
                        "x0": -0.02018834184194861,
                        "width": 0.7444720583649949,
                        "c": -0.4215965525517415
                    },
                    "value": 3378.711960124388
                },
                "c": {
                    "name": "c",
                    "user_data": null,
                    "init_value": 0.0009386119797431868,
                    "min": -Infinity,
                    "max": Infinity,
                    "brute_step": null,
                    "stderr": 2.8298433725950176e-06,
                    "correl": {
                        "x0": 0.008600625686332334,
                        "width": -0.30907037992970776,
                        "a": -0.4215965525517415
                    },
                    "value": 0.0009240757806964565
                }
            }
        }
    }
}