{
    "fit_success": true,
    "Qi": {
        "__dtype__": "UFloat",
        "nominal_value": 9942.99445524502,
        "std_dev": 1441.4452833280736
    },
    "Qe": {
        "__dtype__": "UFloat",
        "nominal_value": 8014.866288400121,
        "std_dev": 657.4905907307962
    },
    "Ql": {
        "__dtype__": "UFloat",
        "nominal_value": 4561.02622200682,
        "std_dev": 448.9248232106413
    },
    "Qc": {
        "__dtype__": "UFloat",
        "nominal_value": 8426.333354322827,
        "std_dev": 726.7431864805793
    },
    "fr": {
        "__dtype__": "UFloat",
        "nominal_value": 6007970705.261534,
        "std_dev": 64827.997117439896
    },
    "fit_msg": "Summary\n$Q_I$: 9.9$\\pm$1.4 k\n$Q_C$: 8.43$\\pm$0.73 k\n$f_{res}$: 6.007971$\\pm$6.5e-05 GHz",
    "fit_result": {
        "hanger_func_complex_SI": {
            "success": true,
            "message": "Fit succeeded.",
            "params": {
                "fr": {
                    "name": "fr",
                    "user_data": null,
                    "init_value": 6008173366.834171,
                    "min": 6003500000.0,
                    "max": 6013500000.0,
                    "brute_step": null,
                    "stderr": 64827.997117439896,
                    "correl": {
                        "Ql": 1.1296097444598999e-05,
                        "Qe": 0.036040177741382816,
                        "A": 0.18317374623512525,
                        "theta": -0.8400261403383592,
                        "phi_v": -0.0617659807294969,
                        "phi_0": 0.061514859211032565,
                        "alpha": 0.4694410281133666
                    },
                    "value": 6007970705.261534
                },
                "Ql": {
                    "name": "Ql",
                    "user_data": null,
                    "init_value": 2707.0131645531865,
                    "min": 60.08173366834171,
                    "max": 119562.65000120866,
                    "brute_step": null,
                    "stderr": 448.9248232106413,
                    "correl": {
                        "fr": 1.1296097444598999e-05,
                        "Qe": 0.8400097688706399,
                        "A": -0.48851887418260515,
                        "theta": 0.03605803316055496,
                        "phi_v": 0.4685674440037303,
                        "phi_0": -0.4686186980600436,
                        "alpha": 0.05470510522189347
                    },
                    "value": 4561.02622200682
                },
                "Qe": {
                    "name": "Qe",
                    "user_data": null,
                    "init_value": 2653.408943472925,
                    "min": 0,
                    "max": Infinity,
                    "brute_step": null,
                    "stderr": 657.4905907307962,
                    "correl": {
                        "fr": 0.036040177741382816,
                        "Ql": 0.8400097688706399,
                        "A": -0.49079724548397274,
                        "theta": 3.510219882731328e-05,
                        "phi_v": 0.5974795309085652,
                        "phi_0": -0.5975549607986853,
                        "alpha": 0.11441215664269112
                    },
                    "value": 8014.866288400121
                },
                "A": {
                    "name": "A",
                    "user_data": null,
                    "init_value": 0.004695672026320994,
                    "min": 0,
                    "max": Infinity,
                    "brute_step": null,
                    "stderr": 6.561837645174371e-05,
                    "correl": {
                        "fr": 0.18317374623512525,
                        "Ql": -0.48851887418260515,
                        "Qe": -0.49079724548397274,
                        "theta": -0.2545267400079161,
                        "phi_v": -0.3089073228693526,
                        "phi_0": 0.30888192035190837,
                        "alpha": 0.18379662446547934
                    },
                    "value": 0.005168557627997172
                },
                "theta": {
                    "name": "theta",
                    "user_data": null,
                    "init_value": 0,
                    "min": -1.5707963267948966,
                    "max": 1.5707963267948966,
                    "brute_step": null,
                    "stderr": 0.08203832343231364,
                    "correl": {
                        "fr": -0.8400261403383592,
                        "Ql": 0.03605803316055496,
                        "Qe": 3.510219882731328e-05,
                        "A": -0.2545267400079161,
                        "phi_v": 0.12338705620420777,
                        "phi_0": -0.12312861340585941,
                        "alpha": -0.599243783491642
                    },
                    "value": 0.3137953569296723
                },
                "phi_v": {
                    "name": "phi_v",
                    "user_data": null,
                    "init_value": -1.8378288770488045e-07,
                    "min": -Infinity,
                    "max": Infinity,
                    "brute_step": null,
                    "stderr": 4.24794015668931e-09,
                    "correl": {
                        "fr": -0.0617659807294969,
                        "Ql": 0.4685674440037303,
                        "Qe": 0.5974795309085652,
                        "A": -0.3089073228693526,
                        "theta": 0.12338705620420777,
                        "phi_0": -0.9999998792738974,
                        "alpha": -0.014680536996969664
                    },
                    "value": -2.416658659066322e-07
                },
                "phi_0": {
                    "name": "phi_0",
                    "user_data": null,
                    "init_value": 1102.787861154741,
                    "min": -Infinity,
                    "max": Infinity,
                    "brute_step": null,
                    "stderr": 25.52380391393274,
                    "correl": {
                        "fr": 0.061514859211032565,
                        "Ql": -0.4686186980600436,
                        "Qe": -0.5975549607986853,
                        "A": 0.30888192035190837,
                        "theta": -0.12312861340585941,
                        "phi_v": -0.9999998792738974,
                        "alpha": 0.014520681040987636
                    },
                    "value": 1450.5486615476916
                },
                "alpha": {
                    "name": "alpha",
                    "user_data": null,
                    "init_value": 0,
                    "min": -1,
                    "max": 1,
                    "brute_step": null,
                    "stderr": 27.049908766492393,
                    "correl": {
                        "fr": 0.4694410281133666,
                        "Ql": 0.05470510522189347,
                        "Qe": 0.11441215664269112,
                        "A": 0.18379662446547934,
                        "theta": -0.599243783491642,
                        "phi_v": -0.014680536996969664,
                        "phi_0": 0.014520681040987636
                    },
                    "value": -0.998977571033325
                },
                "Qi": {
                    "name": "Qi",
                    "user_data": null,
                    "init_value": -133997.1516453821,
                    "min": -Infinity,
                    "max": Infinity,
                    "brute_step": null,
                    "stderr": 1441.4452833280736,
                    "correl": null,
                    "value": 9942.99445524502
                },
                "Qc": {
                    "name": "Qc",
                    "user_data": null,
                    "init_value": 2653.408943472925,