{
    "a": {
        "__dtype__": "UFloat",
        "nominal_value": -29632498805.036343,
        "std_dev": 21091391380.86987
    },
    "b": {
        "__dtype__": "UFloat",
        "nominal_value": 2964257414.893533,
        "std_dev": 3007938297.815236
    },
    "c": {
        "__dtype__": "UFloat",
        "nominal_value": 3852637403.850191,
        "std_dev": 95245085.12262966
    },
    "fit_success": true,
    "offset_0": {
        "__dtype__": "UFloat",
        "nominal_value": 0.050017000496592065,
        "std_dev": 0.06199483718520855
    },
    "freq_0": {
        "__dtype__": "UFloat",
        "nominal_value": 3926769036.1465693,
        "std_dev": 185715691.49561164
    },
    "fit_msg": "Summary:\noffset_0: 50$\\pm$62 mV\nfreq_0: 3.93$\\pm$0.19 GHz\n",
    "fit_result": {
        "poly2": {
            "success": true,
            "message": "Fit succeeded.",
            "params": {
                "a": {
                    "name": "a",
                    "user_data": null,
                    "init_value": -29632498805.036343,
                    "min": -Infinity,
                    "max": Infinity,
                    "brute_step": null,
                    "stderr": 21091391380.86987,
                    "correl": {
                        "b": -0.9736719184692332,
                        "c": 0.8213098307963171
                    },
                    "value": -29632498805.036343
                },
                "b": {
                    "name": "b",
                    "user_data": null,
                    "init_value": 2964257414.893533,
                    "min": -Infinity,
                    "max": Infinity,
                    "brute_step": null,
                    "stderr": 3007938297.815236,
                    "correl": {
                        "a": -0.9736719184692332,
                        "c": -0.917731353182382
                    },
                    "value": 2964257414.893533
                },
                "c": {
                    "name": "c",
                    "user_data": null,
                    "init_value": 3852637403.850191,
                    "min": -Infinity,
                    "max": Infinity,
                    "brute_step": null,
                    "stderr": 95245085.12262966,
                    "correl": {
                        "a": 0.8213098307963171,
                        "b": -0.917731353182382
                    },
                    "value": 3852637403.850191
                }
            }
        }
    }
}