{
    "fit_success": true,
    "frequency_01": {
        "__dtype__": "UFloat",
        "nominal_value": 4184618338.895437,
        "std_dev": 803970.3363756633
    },
    "fit_msg": "Summary\nFrequency 0-1: 4.18462$\\pm$0.00080 GHz\nPeak width: 18.1$\\pm$2.3 MHz\n",
    "fit_result": {
        "Lorentzian_peak": {
            "success": true,
            "message": "Fit succeeded.",
            "params": {
                "x0": {
                    "name": "x0",
                    "user_data": null,
                    "init_value": 4183321389.207958,
                    "min": -Infinity,
                    "max": Infinity,
                    "brute_step": null,
                    "stderr": 803970.3363756633,
                    "correl": {
                        "width": 0.0004112385819641687,
                        "a": 0.0038776621975979493,
                        "c": -0.00869171663811606
                    },
                    "value": 4184618338.895437
                },
                "width": {
                    "name": "width",
                    "user_data": null,
                    "init_value": 20100756.30518254,
                    "min": -Infinity,
                    "max": Infinity,
                    "brute_step": null,
                    "stderr": 2347542.893622411,
                    "correl": {
                        "x0": 0.0004112385819641687,
                        "a": 0.7931291002831402,
                        "c": -0.5035131875656775
                    },
                    "value": 18098961.48558367
                },
                "a": {
                    "name": "a",
                    "user_data": null,
                    "init_value": 40475.75922178684,
                    "min": -Infinity,
                    "max": Infinity,
                    "brute_step": null,
                    "stderr": 1437.9878318417868,
                    "correl": {
                        "x0": 0.0038776621975979493,
                        "width": 0.7931291002831402,
                        "c": -0.6716437610836051
                    },
                    "value": 13453.441699894976
                },
                "c": {
                    "name": "c",
                    "user_data": null,
                    "init_value": 0.0010531576722176662,
                    "min": -Infinity,
                    "max": Infinity,
                    "brute_step": null,
                    "stderr": 1.576999572120138e-05,
                    "correl": {
                        "x0": -0.00869171663811606,
                        "width": -0.5035131875656775,
                        "a": -0.6716437610836051
                    },
                    "value": 0.0009448644581280112
                }
            }
        }
    }
}