{
    "fit_success": true,
    "frequency_01": {
        "__dtype__": "UFloat",
        "nominal_value": 4098350190.079684,
        "std_dev": 578423.9004030634
    },
    "fit_msg": "Summary\nFrequency 0-1: 4.09835$\\pm$0.00058 GHz\nPeak width: 27.2$\\pm$1.6 MHz\n",
    "fit_result": {
        "Lorentzian_peak": {
            "success": true,
            "message": "Fit succeeded.",
            "params": {
                "x0": {
                    "name": "x0",
                    "user_data": null,
                    "init_value": 4097287393.526954,
                    "min": -Infinity,
                    "max": Infinity,
                    "brute_step": null,
                    "stderr": 578423.9004030634,
                    "correl": {
                        "width": -0.8500497430814349,
                        "a": -0.8692434459761962,
                        "c": 0.678091319340147
                    },
                    "value": 4098350190.079684
                },
                "width": {
                    "name": "width",
                    "user_data": null,
                    "init_value": 4020151.261036513,
                    "min": -Infinity,
                    "max": Infinity,
                    "brute_step": null,
                    "stderr": 1557959.5866574754,
                    "correl": {
                        "x0": -0.8500497430814349,
                        "a": 0.985237237358779,
                        "c": -0.9154222496556029
                    },
                    "value": 27159604.350528337
                },
                "a": {
                    "name": "a",
                    "user_data": null,
                    "init_value": 15493.202987205039,
                    "min": -Infinity,
                    "max": Infinity,
                    "brute_step": null,
                    "stderr": 4798.451613818078,
                    "correl": {
                        "x0": -0.8692434459761962,
                        "width": 0.985237237358779,
                        "c": -0.9391854833779278
                    },
                    "value": 59132.52000396281
                },
                "c": {
                    "name": "c",
                    "user_data": null,
                    "init_value": 0.0010396373789606497,
                    "min": -Infinity,
                    "max": Infinity,
                    "brute_step": null,
                    "stderr": 4.5989513419328004e-05,
                    "correl": {
                        "x0": 0.678091319340147,
                        "width": -0.9154222496556029,
                        "a": -0.9391854833779278
                    },
                    "value": -3.5923165645682726e-05
                }
            }
        }
    }
}