{
    "a": {
        "__dtype__": "UFloat",
        "nominal_value": -51754313073.69442,
        "std_dev": 1244057374.038702
    },
    "b": {
        "__dtype__": "UFloat",
        "nominal_value": -2511531969.650516,
        "std_dev": 76083148.40526852
    },
    "c": {
        "__dtype__": "UFloat",
        "nominal_value": 3206613251.265629,
        "std_dev": 1271923.682856894
    },
    "fit_success": true,
    "offset_0": {
        "__dtype__": "UFloat",
        "nominal_value": -0.02426398710069125,
        "std_dev": 0.000938332965062842
    },
    "freq_0": {
        "__dtype__": "UFloat",
        "nominal_value": 3237083140.922916,
        "std_dev": 2358443.019214198
    },
    "fit_msg": "Summary:\noffset_0: -24.26$\\pm$0.94 mV\nfreq_0: 3.2371$\\pm$0.0024 GHz\n",
    "fit_result": {
        "poly2": {
            "success": true,
            "message": "Fit succeeded.",
            "params": {
                "a": {
                    "name": "a",
                    "user_data": null,
                    "init_value": -51754313073.69442,
                    "min": -Infinity,
                    "max": Infinity,
                    "brute_step": null,
                    "stderr": 1244057374.038702,
                    "correl": {
                        "b": 0.9260920388818883,
                        "c": -0.21954052098871085
                    },
                    "value": -51754313073.69442
                },
                "b": {
                    "name": "b",
                    "user_data": null,
                    "init_value": -2511531969.650516,
                    "min": -Infinity,
                    "max": Infinity,
                    "brute_step": null,
                    "stderr": 76083148.40526852,
                    "correl": {
                        "a": 0.9260920388818883,
                        "c": 0.0438809515862944
                    },
                    "value": -2511531969.650516
                },
                "c": {
                    "name": "c",
                    "user_data": null,
                    "init_value": 3206613251.265629,
                    "min": -Infinity,
                    "max": Infinity,
                    "brute_step": null,
                    "stderr": 1271923.682856894,
                    "correl": {
                        "a": -0.21954052098871085,
                        "b": 0.0438809515862944
                    },
                    "value": 3206613251.265629
                }
            }
        }
    }
}