{
    "T2*": {
        "__dtype__": "UFloat",
        "nominal_value": 4.9210623020989885e-06,
        "std_dev": 2.571362014002797e-07
    },
    "fitted_detuning": {
        "__dtype__": "UFloat",
        "nominal_value": 434951.3373992033,
        "std_dev": 1750.2728627599479
    },
    "detuning": {
        "__dtype__": "UFloat",
        "nominal_value": -2215048.6626007967,
        "std_dev": 1750.2728627599479
    },
    "fit_success": true,
    "fit_msg": "Summary\n$T_2^*$: 4.92$\\pm$0.26 \u03bcs\n\nartificial detuning: 2.65 MHz\nfitted detuning: 435.0$\\pm$1.8 kHz\nactual detuning: -2.2150$\\pm$0.0018 MHz\n",
    "fit_result": {
        "Ramsey_decay": {
            "success": true,
            "message": "Fit succeeded.",
            "params": {
                "tau": {
                    "name": "tau",
                    "user_data": null,
                    "init_value": 1.0693333333333331e-05,
                    "min": 0,
                    "max": Infinity,
                    "brute_step": null,
                    "stderr": 2.571362014002797e-07,
                    "correl": {
                        "frequency": 0.0696652047306626,
                        "phase": -0.0996889188439631,
                        "amplitude": -0.7028703820196818,
                        "offset": 0.010937670273010828
                    },
                    "value": 4.9210623020989885e-06
                },
                "n_factor": {
                    "name": "n_factor",
                    "user_data": null,
                    "init_value": 1,
                    "min": -Infinity,
                    "max": Infinity,
                    "brute_step": null,
                    "stderr": 0.0,
                    "correl": null,
                    "value": 1
                },
                "frequency": {
                    "name": "frequency",
                    "user_data": null,
                    "init_value": 433168.31683168316,
                    "min": 0,
                    "max": Infinity,
                    "brute_step": null,
                    "stderr": 1750.2728627599479,
                    "correl": {
                        "tau": 0.0696652047306626,
                        "phase": -0.7266428225839857,
                        "amplitude": -0.10379810144991655,
                        "offset": -0.10086503033869912
                    },
                    "value": 434951.3373992033
                },
                "phase": {
                    "name": "phase",
                    "user_data": null,
                    "init_value": 6.174318235025485,
                    "min": -Infinity,
                    "max": Infinity,
                    "brute_step": null,
                    "stderr": 0.037840748113706794,
                    "correl": {
                        "tau": -0.0996889188439631,
                        "frequency": -0.7266428225839857,
                        "amplitude": 0.1455365324931318,
                        "offset": 0.12587149085897015
                    },
                    "value": 6.308801010111423
                },
                "amplitude": {
                    "name": "amplitude",
                    "user_data": null,
                    "init_value": 0.0002577033565183543,
                    "min": 0,
                    "max": Infinity,
                    "brute_step": null,
                    "stderr": 1.0432870138922617e-05,
                    "correl": {
                        "tau": -0.7028703820196818,
                        "frequency": -0.10379810144991655,
                        "phase": 0.1455365324931318,
                        "offset": -0.007020539689021441
                    },
                    "value": 0.00029141190113302073
                },
                "offset": {
                    "name": "offset",
                    "user_data": null,
                    "init_value": 0.0012727228616700806,
                    "min": -Infinity,
                    "max": Infinity,
                    "brute_step": null,
                    "stderr": 2.0866952034240848e-06,
                    "correl": {
                        "tau": 0.010937670273010828,
                        "frequency": -0.10086503033869912,
                        "phase": 0.12587149085897015,
                        "amplitude": -0.007020539689021441
                    },
                    "value": 0.001271673010146203
                }
            }
        }
    }
}