{
    "T2*": {
        "__dtype__": "UFloat",
        "nominal_value": 17.651196648496867,
        "std_dev": 11306144.626105776
    },
    "fitted_detuning": {
        "__dtype__": "UFloat",
        "nominal_value": 239950.52984743813,
        "std_dev": 10782.97847127917
    },
    "detuning": {
        "__dtype__": "UFloat",
        "nominal_value": -2360049.470152562,
        "std_dev": 10782.97847127917
    },
    "fit_success": true,
    "fit_msg": "Summary\n$T_2^*$: 18.$\\pm$1.1e+07 s\n\nartificial detuning: 2.6 MHz\nfitted detuning: 240$\\pm$11 kHz\nactual detuning: -2.360$\\pm$0.011 MHz\n",
    "fit_result": {
        "Ramsey_decay": {
            "success": true,
            "message": "Fit succeeded.",
            "params": {
                "tau": {
                    "name": "tau",
                    "user_data": null,
                    "init_value": 1.0693333333333331e-05,
                    "min": 0,
                    "max": Infinity,
                    "brute_step": null,
                    "stderr": 11306144.626105776,
                    "correl": {
                        "frequency": 0.025159824595364887,
                        "phase": 0.005678477908145992,
                        "amplitude": -0.8607517721507408,
                        "offset": -0.18362749769507633
                    },
                    "value": 17.651196648496867
                },
                "n_factor": {
                    "name": "n_factor",
                    "user_data": null,
                    "init_value": 1,
                    "min": -Infinity,
                    "max": Infinity,
                    "brute_step": null,
                    "stderr": 0.0,
                    "correl": null,
                    "value": 1
                },
                "frequency": {
                    "name": "frequency",
                    "user_data": null,
                    "init_value": 247524.75247524751,
                    "min": 0,
                    "max": Infinity,
                    "brute_step": null,
                    "stderr": 10782.97847127917,
                    "correl": {
                        "tau": 0.025159824595364887,
                        "phase": -0.8728714641045816,
                        "amplitude": 0.003466195110344813,
                        "offset": 0.03765682059489938
                    },
                    "value": 239950.52984743813
                },
                "phase": {
                    "name": "phase",
                    "user_data": null,
                    "init_value": -17.667570566722798,
                    "min": -Infinity,
                    "max": Infinity,
                    "brute_step": null,
                    "stderr": 0.6322406109934422,
                    "correl": {
                        "tau": 0.005678477908145992,
                        "frequency": -0.8728714641045816,
                        "amplitude": -0.023760971816886012,
                        "offset": -0.058715889918450316
                    },
                    "value": -16.620901995871144
                },
                "amplitude": {
                    "name": "amplitude",
                    "user_data": null,
                    "init_value": 4.186635713770103e-05,
                    "min": 0,
                    "max": Infinity,
                    "brute_step": null,
                    "stderr": 4.236951266289986e-06,
                    "correl": {
                        "tau": -0.8607517721507408,
                        "frequency": 0.003466195110344813,
                        "phase": -0.023760971816886012,
                        "offset": 0.15430776095283413
                    },
                    "value": 7.186132283010238e-06
                },
                "offset": {
                    "name": "offset",
                    "user_data": null,
                    "init_value": 0.0009215671476117025,
                    "min": -Infinity,
                    "max": Infinity,
                    "brute_step": null,
                    "stderr": 1.5725399507208825e-06,
                    "correl": {
                        "tau": -0.18362749769507633,
                        "frequency": 0.03765682059489938,
                        "phase": -0.058715889918450316,
                        "amplitude": 0.15430776095283413
                    },
                    "value": 0.0009215202509097253
                }
            }
        }
    }
}