{
    "fit_success": true,
    "Qi": {
        "__dtype__": "UFloat",
        "nominal_value": 25873.619151669787,
        "std_dev": 461.76581731053227
    },
    "Qe": {
        "__dtype__": "UFloat",
        "nominal_value": 2400.310538162331,
        "std_dev": 6.174244662308798
    },
    "Ql": {
        "__dtype__": "UFloat",
        "nominal_value": 2916.2852630016932,
        "std_dev": 8.898287089089324
    },
    "Qc": {
        "__dtype__": "UFloat",
        "nominal_value": 3286.742903093727,
        "std_dev": 11.57377259838113
    },
    "fr": {
        "__dtype__": "UFloat",
        "nominal_value": 5836432750.766766,
        "std_dev": 3053.8239585168944
    },
    "fit_msg": "Summary\n$Q_I$: 25.87$\\pm$0.46 k\n$Q_C$: 3.287$\\pm$0.012 k\n$f_{res}$: 5.8364328$\\pm$3.1e-06 GHz",
    "fit_result": {
        "hanger_func_complex_SI": {
            "success": true,
            "message": "Fit succeeded.",
            "params": {
                "fr": {
                    "name": "fr",
                    "user_data": null,
                    "init_value": 5837267587.939698,
                    "min": 5833750000.0,
                    "max": 5843750000.0,
                    "brute_step": null,
                    "stderr": 3053.8239585168944,
                    "correl": {
                        "Ql": 0.0003498431924425258,
                        "Qe": 0.2800898958950247,
                        "A": 0.45305657196596616,
                        "theta": -0.8176075481410565,
                        "phi_v": 0.08025845973177616,
                        "phi_0": -0.0805705673161839,
                        "alpha": 0.5833548695179596
                    },
                    "value": 5836432750.766766
                },
                "Ql": {
                    "name": "Ql",
                    "user_data": null,
                    "init_value": 2630.010693898893,
                    "min": 58.37267587939698,
                    "max": 116161.62500117427,
                    "brute_step": null,
                    "stderr": 8.898287089089324,
                    "correl": {
                        "fr": 0.0003498431924425258,
                        "Qe": 0.8175521067861723,
                        "A": -0.517945167186863,
                        "theta": 0.27932813420094676,
                        "phi_v": 0.5835536995132842,
                        "phi_0": -0.5836040089195683,
                        "alpha": -0.08207319215408938
                    },
                    "value": 2916.2852630016932
                },
                "Qe": {
                    "name": "Qe",
                    "user_data": null,
                    "init_value": 2577.9312742177262,
                    "min": 0,
                    "max": Infinity,
                    "brute_step": null,
                    "stderr": 6.174244662308798,
                    "correl": {
                        "fr": 0.2800898958950247,
                        "Ql": 0.8175521067861723,
                        "A": -0.18382675326571285,
                        "theta": -0.00043947259831019934,
                        "phi_v": 0.6791050217093565,
                        "phi_0": -0.6792608389457873,
                        "alpha": 0.2513468591970372
                    },
                    "value": 2400.310538162331
                },
                "A": {
                    "name": "A",
                    "user_data": null,
                    "init_value": 0.06259016515822999,
                    "min": 0,
                    "max": Infinity,
                    "brute_step": null,
                    "stderr": 9.675176910874282e-05,
                    "correl": {
                        "fr": 0.45305657196596616,
                        "Ql": -0.517945167186863,
                        "Qe": -0.18382675326571285,
                        "theta": -0.6696225195351359,
                        "phi_v": -0.2723074833913236,
                        "phi_0": 0.27218551827792803,
                        "alpha": 0.6431872789127394
                    },
                    "value": 0.07672711868994453
                },
                "theta": {
                    "name": "theta",
                    "user_data": null,
                    "init_value": 0,
                    "min": -1.5707963267948966,
                    "max": 1.5707963267948966,
                    "brute_step": null,
                    "stderr": 0.0025721389339464526,
                    "correl": {
                        "fr": -0.8176075481410565,
                        "Ql": 0.27932813420094676,
                        "Qe": -0.00043947259831019934,
                        "A": -0.6696225195351359,
                        "phi_v": 0.2534678587230706,
                        "phi_0": -0.2532326747223328,
                        "alpha": -0.6801918662248728
                    },
                    "value": 0.7520343438433779
                },
                "phi_v": {
                    "name": "phi_v",
                    "user_data": null,
                    "init_value": -1.2964058396591528e-07,
                    "min": -Infinity,
                    "max": Infinity,
                    "brute_step": null,
                    "stderr": 3.3081678700080287e-10,
                    "correl": {
                        "fr": 0.08025845973177616,
                        "Ql": 0.5835536995132842,
                        "Qe": 0.6791050217093565,
                        "A": -0.2723074833913236,
                        "theta": 0.2534678587230706,
                        "phi_0": -0.9999998724018023,
                        "alpha": -0.0037757878169031715
                    },
                    "value": -6.810857059280568e-08
                },
                "phi_0": {
                    "name": "phi_0",
                    "user_data": null,
                    "init_value": 753.4328382513862,
                    "min": -Infinity,
                    "max": Infinity,
                    "brute_step": null,
                    "stderr": 1.9316007433205313,
                    "correl": {
                        "fr": -0.0805705673161839,
                        "Ql": -0.5836040089195683,
                        "Qe": -0.6792608389457873,
                        "A": 0.27218551827792803,
                        "theta": -0.2532326747223328,
                        "phi_v": -0.9999998724018023,
                        "alpha": 0.003585015953166336
                    },
                    "value": 394.78323485217425
                },
                "alpha": {
                    "name": "alpha",
                    "user_data": null,
                    "init_value": 0,
                    "min": -1,
                    "max": 1,
                    "brute_step": null,
                    "stderr": 2.1643247554516574,
                    "correl": {
                        "fr": 0.5833548695179596,
                        "Ql": -0.08207319215408938,
                        "Qe": 0.2513468591970372,
                        "A": 0.6431872789127394,
                        "theta": -0.6801918662248728,
                        "phi_v": -0.0037757878169031715,
                        "phi_0": 0.003585015953166336
                    },
                    "value": 0.9999185784606888
                },
                "Qi": {
                    "name": "Qi",
                    "user_data": null,
                    "init_value": -130185.52934799485,
                    "min": -Infinity,
                    "max": Infinity,
                    "brute_step": null,
                    "stderr": 461.76581731053227,
                    "correl": null,
                    "value": 25873.619151669787
                },
                "Qc": {
                    "name": "Qc",
                    "user_data": null,
                    "init_value": 2577.9312742177262,