{
    "amplitude": {
        "__dtype__": "UFloat",
        "nominal_value": 308038.7013844265,
        "std_dev": 12195.97248484899
    },
    "frequency": {
        "__dtype__": "UFloat",
        "nominal_value": 8.660883729587146,
        "std_dev": 0.20218589499749445
    },
    "shift": {
        "__dtype__": "UFloat",
        "nominal_value": 1.9784918828159341,
        "std_dev": 0.04259273768439665
    },
    "offset": {
        "__dtype__": "UFloat",
        "nominal_value": 5835567501.573126,
        "std_dev": 36646.5912685613
    },
    "offset_0": {
        "__dtype__": "UFloat",
        "nominal_value": -0.047073205085097235,
        "std_dev": 0.00503911087132551
    },
    "freq_0": 5835875540.27451,
    "fit_success": true,
    "fit_msg": "Summary:\nf_0: 5.8359 GHz\noffset_0: -47.1$\\pm$5.0 mV\n",
    "fit_result": {
        "sin": {
            "success": true,
            "message": "Fit succeeded.",
            "params": {
                "amplitude": {
                    "name": "amplitude",
                    "user_data": null,
                    "init_value": 314220.9680264086,
                    "min": 0,
                    "max": Infinity,
                    "brute_step": null,
                    "stderr": 12195.97248484899,
                    "correl": {
                        "frequency": -0.10071208174525367,
                        "shift": 0.06301543395122206
                    },
                    "value": 308038.7013844265
                },
                "frequency": {
                    "name": "frequency",
                    "user_data": null,
                    "init_value": 7.6576320931251205,
                    "min": 0,
                    "max": Infinity,
                    "brute_step": null,
                    "stderr": 0.20218589499749445,
                    "correl": {
                        "amplitude": -0.10071208174525367,
                        "shift": 0.11714517211353537
                    },
                    "value": 8.660883729587146
                },
                "shift": {
                    "name": "shift",
                    "user_data": null,
                    "init_value": 1.7135959928671598,
                    "min": -6.283195307179586,
                    "max": 6.283195307179586,
                    "brute_step": null,
                    "stderr": 0.04259273768439665,
                    "correl": {
                        "amplitude": 0.06301543395122206,
                        "frequency": 0.11714517211353537
                    },
                    "value": 1.9784918828159341
                },
                "offset": {
                    "name": "offset",
                    "user_data": null,
                    "init_value": 5835567501.573126,
                    "min": -Infinity,
                    "max": Infinity,
                    "brute_step": null,
                    "stderr": 36646.5912685613,
                    "correl": null,
                    "value": 5835567501.573126
                }
            }
        }
    }
}