{
    "fit_success": true,
    "Qi": {
        "__dtype__": "UFloat",
        "nominal_value": 2410.6278281831246,
        "std_dev": 3890.7470331287755
    },
    "Qe": {
        "__dtype__": "UFloat",
        "nominal_value": 152772.6657832388,
        "std_dev": 330584.06522706465
    },
    "Ql": {
        "__dtype__": "UFloat",
        "nominal_value": 2389.8503572537775,
        "std_dev": 3896.758182486405
    },
    "Qc": {
        "__dtype__": "UFloat",
        "nominal_value": 277273.3888537049,
        "std_dev": 1088969.6036301134
    },
    "fr": {
        "__dtype__": "UFloat",
        "nominal_value": 5795000001.483522,
        "std_dev": 1956506.386984403
    },
    "fit_msg": "Summary\n$Q_I$: 2.4$\\pm$3.9 k\n$Q_C$: 2.8e+02$\\pm$1.1e+03 k\n$f_{res}$: 5.7950$\\pm$0.0020 GHz",
    "fit_result": {
        "hanger_func_complex_SI": {
            "success": true,
            "message": "Fit succeeded.",
            "params": {
                "fr": {
                    "name": "fr",
                    "user_data": null,
                    "init_value": 5795201005.0251255,
                    "min": 5795000000.0,
                    "max": 5805000000.0,
                    "brute_step": null,
                    "stderr": 1956506.386984403,
                    "correl": {
                        "Ql": 0.0002732180292748476,
                        "Qe": 0.5599535166019987,
                        "A": -0.3912847230720219,
                        "theta": -0.7881707408257058,
                        "phi_v": 0.7773732977825242,
                        "phi_0": -0.7774910238226148,
                        "alpha": -0.18414489049895105
                    },
                    "value": 5795000001.483522
                },
                "Ql": {
                    "name": "Ql",
                    "user_data": null,
                    "init_value": 2611.057380340047,
                    "min": 57.95201005025126,
                    "max": 115324.50000116581,
                    "brute_step": null,
                    "stderr": 3896.758182486405,
                    "correl": {
                        "fr": 0.0002732180292748476,
                        "Qe": 0.7885974496826506,
                        "A": -0.7868644989521308,
                        "theta": 0.5600964742398961,
                        "phi_v": -0.12630252548949292,
                        "phi_0": 0.12675506116524907,
                        "alpha": -0.7660134494108971
                    },
                    "value": 2389.8503572537775
                },
                "Qe": {
                    "name": "Qe",
                    "user_data": null,
                    "init_value": 2559.35327379866,
                    "min": 0,
                    "max": Infinity,
                    "brute_step": null,
                    "stderr": 330584.06522706465,
                    "correl": {
                        "fr": 0.5599535166019987,
                        "Ql": 0.7885974496826506,
                        "A": -0.9428600222805416,
                        "theta": 0.00046346647085771236,
                        "phi_v": 0.3978287114313814,
                        "phi_0": -0.3974924795003238,
                        "alpha": -0.8160962016568095
                    },
                    "value": 152772.6657832388
                },
                "A": {
                    "name": "A",
                    "user_data": null,
                    "init_value": 0.05032926177466855,
                    "min": 0,
                    "max": Infinity,
                    "brute_step": null,
                    "stderr": 0.0006986546585576335,
                    "correl": {
                        "fr": -0.3912847230720219,
                        "Ql": -0.7868644989521308,
                        "Qe": -0.9428600222805416,
                        "theta": -0.16054333767901385,
                        "phi_v": -0.2623257254967592,
                        "phi_0": 0.26193907499657315,
                        "alpha": 0.9478390240888535
                    },
                    "value": 0.050493121774020544
                },
                "theta": {
                    "name": "theta",
                    "user_data": null,
                    "init_value": 0,
                    "min": -1.5707963267948966,
                    "max": 1.5707963267948966,
                    "brute_step": null,
                    "stderr": 2.1632960839588216,
                    "correl": {
                        "fr": -0.7881707408257058,
                        "Ql": 0.5600964742398961,
                        "Qe": 0.00046346647085771236,
                        "A": -0.16054333767901385,
                        "phi_v": -0.7883083970600459,
                        "phi_0": 0.7886602709689673,
                        "alpha": -0.33838469933626514
                    },
                    "value": 0.9872557329795799
                },
                "phi_v": {
                    "name": "phi_v",
                    "user_data": null,
                    "init_value": -1.2934663067898537e-06,
                    "min": -Infinity,
                    "max": Infinity,
                    "brute_step": null,
                    "stderr": 1.3860964106038693e-09,
                    "correl": {
                        "fr": 0.7773732977825242,
                        "Ql": -0.12630252548949292,
                        "Qe": 0.3978287114313814,
                        "A": -0.2623257254967592,
                        "theta": -0.7883083970600459,
                        "phi_0": -0.9999998125302954,
                        "alpha": -0.0746328631455681
                    },
                    "value": -1.2941741357514382e-06
                },
                "phi_0": {
                    "name": "phi_0",
                    "user_data": null,
                    "init_value": 7497.399028719083,
                    "min": -Infinity,
                    "max": Infinity,
                    "brute_step": null,
                    "stderr": 8.045481454976223,
                    "correl": {
                        "fr": -0.7774910238226148,
                        "Ql": 0.12675506116524907,
                        "Qe": -0.3974924795003238,
                        "A": 0.26193907499657315,
                        "theta": 0.7886602709689673,
                        "phi_v": -0.9999998125302954,
                        "alpha": 0.07421845117090088
                    },
                    "value": 7501.510351053869
                },
                "alpha": {
                    "name": "alpha",
                    "user_data": null,
                    "init_value": 0,
                    "min": -1,
                    "max": 1,
                    "brute_step": null,
                    "stderr": 9.872228087717598,
                    "correl": {
                        "fr": -0.18414489049895105,
                        "Ql": -0.7660134494108971,
                        "Qe": -0.8160962016568095,
                        "A": 0.9478390240888535,
                        "theta": -0.33838469933626514,
                        "phi_v": -0.0746328631455681,
                        "phi_0": 0.07421845117090088
                    },
                    "value": 0.9954010670275131
                },
                "Qi": {
                    "name": "Qi",
                    "user_data": null,
                    "init_value": -129247.34032683262,
                    "min": -Infinity,
                    "max": Infinity,
                    "brute_step": null,
                    "stderr": 3890.7470331287755,
                    "correl": null,
                    "value": 2410.6278281831246
                },
                "Qc": {
                    "name": "Qc",
                    "user_data": null,
                    "init_value": 2559.35327379866,