{
    "amplitude": {
        "__dtype__": "UFloat",
        "nominal_value": 348342.2333952819,
        "std_dev": 17902.687898756347
    },
    "frequency": {
        "__dtype__": "UFloat",
        "nominal_value": 9.468542138028925,
        "std_dev": 0.28994040140696475
    },
    "shift": {
        "__dtype__": "UFloat",
        "nominal_value": 1.011599619510088,
        "std_dev": 0.051384947857610344
    },
    "offset": {
        "__dtype__": "UFloat",
        "nominal_value": 6106806666.666666,
        "std_dev": 49959.98398719778
    },
    "offset_0": {
        "__dtype__": "UFloat",
        "nominal_value": 0.05905837447128023,
        "std_dev": 0.005720303984058952
    },
    "freq_0": 6107155008.900062,
    "fit_success": true,
    "fit_msg": "Summary:\nf_0: 6.1072 GHz\noffset_0: 59.1$\\pm$5.7 mV\n",
    "fit_result": {
        "sin": {
            "success": true,
            "message": "Fit succeeded.",
            "params": {
                "amplitude": {
                    "name": "amplitude",
                    "user_data": null,
                    "init_value": 341679.77773794776,
                    "min": 0,
                    "max": Infinity,
                    "brute_step": null,
                    "stderr": 17902.687898756347,
                    "correl": {
                        "frequency": -0.1493177445612497,
                        "shift": 0.0924854638051434
                    },
                    "value": 348342.2333952819
                },
                "frequency": {
                    "name": "frequency",
                    "user_data": null,
                    "init_value": 10.053096491487338,
                    "min": 0,
                    "max": Infinity,
                    "brute_step": null,
                    "stderr": 0.28994040140696475,
                    "correl": {
                        "amplitude": -0.1493177445612497,
                        "shift": -0.2696744575653685
                    },
                    "value": 9.468542138028925
                },
                "shift": {
                    "name": "shift",
                    "user_data": null,
                    "init_value": 1.1423973285781066,
                    "min": -6.283195307179586,
                    "max": 6.283195307179586,
                    "brute_step": null,
                    "stderr": 0.051384947857610344,
                    "correl": {
                        "amplitude": 0.0924854638051434,
                        "frequency": -0.2696744575653685
                    },
                    "value": 1.011599619510088
                },
                "offset": {
                    "name": "offset",
                    "user_data": null,
                    "init_value": 6106806666.666666,
                    "min": -Infinity,
                    "max": Infinity,
                    "brute_step": null,
                    "stderr": 49959.98398719778,
                    "correl": null,
                    "value": 6106806666.666666
                }
            }
        }
    }
}