{
    "fit_success": true,
    "frequency_01": {
        "__dtype__": "UFloat",
        "nominal_value": 3848695153.871274,
        "std_dev": 610630.2759443878
    },
    "fit_msg": "Summary\nFrequency 0-1: 3.84870$\\pm$0.00061 GHz\nPeak width: 32.0$\\pm$3.6 MHz\n",
    "fit_result": {
        "Lorentzian_peak": {
            "success": true,
            "message": "Fit succeeded.",
            "params": {
                "x0": {
                    "name": "x0",
                    "user_data": null,
                    "init_value": 3854329794.0081162,
                    "min": -Infinity,
                    "max": Infinity,
                    "brute_step": null,
                    "stderr": 610630.2759443878,
                    "correl": {
                        "width": -0.060950402710318104,
                        "a": -0.07784674752028763,
                        "c": 0.0913414875952243
                    },
                    "value": 3848695153.871274
                },
                "width": {
                    "name": "width",
                    "user_data": null,
                    "init_value": 8040302.522073026,
                    "min": -Infinity,
                    "max": Infinity,
                    "brute_step": null,
                    "stderr": 3583591.1063460386,
                    "correl": {
                        "x0": -0.060950402710318104,
                        "a": 0.9434231731055459,
                        "c": -0.8787739920029604
                    },
                    "value": 31962885.887268137
                },
                "a": {
                    "name": "a",
                    "user_data": null,
                    "init_value": 9074.783770830247,
                    "min": -Infinity,
                    "max": Infinity,
                    "brute_step": null,
                    "stderr": 2529.381513890354,
                    "correl": {
                        "x0": -0.07784674752028763,
                        "width": 0.9434231731055459,
                        "c": -0.967744065211824
                    },
                    "value": 16897.888464333566
                },
                "c": {
                    "name": "c",
                    "user_data": null,
                    "init_value": 0.0009364314769846148,
                    "min": -Infinity,
                    "max": Infinity,
                    "brute_step": null,
                    "stderr": 3.202972360401126e-05,
                    "correl": {
                        "x0": 0.0913414875952243,
                        "width": -0.8787739920029604,
                        "a": -0.967744065211824
                    },
                    "value": 0.0006670054652466022
                }
            }
        }
    }
}