{
    "fit_success": true,
    "frequency_01": {
        "__dtype__": "UFloat",
        "nominal_value": 4122079712.0188894,
        "std_dev": 877040.2122023952
    },
    "fit_msg": "Summary\nFrequency 0-1: 4.12208$\\pm$0.00088 GHz\nPeak width: 14.6$\\pm$2.3 MHz\n",
    "fit_result": {
        "Lorentzian_peak": {
            "success": true,
            "message": "Fit succeeded.",
            "params": {
                "x0": {
                    "name": "x0",
                    "user_data": null,
                    "init_value": 4127638190.954774,
                    "min": -Infinity,
                    "max": Infinity,
                    "brute_step": null,
                    "stderr": 877040.2122023952,
                    "correl": {
                        "width": -0.003971527357126757,
                        "a": -0.002078002861003951,
                        "c": 0.0023591889002878234
                    },
                    "value": 4122079712.0188894
                },
                "width": {
                    "name": "width",
                    "user_data": null,
                    "init_value": 28355248.200331375,
                    "min": -Infinity,
                    "max": Infinity,
                    "brute_step": null,
                    "stderr": 2336708.4542592736,
                    "correl": {
                        "x0": -0.003971527357126757,
                        "a": 0.7463468708425681,
                        "c": -0.33609453775225007
                    },
                    "value": 14643049.478090322
                },
                "a": {
                    "name": "a",
                    "user_data": null,
                    "init_value": 20083.37485227531,
                    "min": -Infinity,
                    "max": Infinity,
                    "brute_step": null,
                    "stderr": 378.6645217544452,
                    "correl": {
                        "x0": -0.002078002861003951,
                        "width": 0.7463468708425681,
                        "c": -0.46678087449991423
                    },
                    "value": 3151.170386540837
                },
                "c": {
                    "name": "c",
                    "user_data": null,
                    "init_value": 0.000683112069415114,
                    "min": -Infinity,
                    "max": Infinity,
                    "brute_step": null,
                    "stderr": 3.2832497891957064e-06,
                    "correl": {
                        "x0": 0.0023591889002878234,
                        "width": -0.33609453775225007,
                        "a": -0.46678087449991423
                    },
                    "value": 0.0006697928941125662
                }
            }
        }
    }
}