{
    "fit_success": true,
    "Qi": {
        "__dtype__": "UFloat",
        "nominal_value": 18096.79919889779,
        "std_dev": 446.89151458379007
    },
    "Qe": {
        "__dtype__": "UFloat",
        "nominal_value": 2347.522067687336,
        "std_dev": 13.747050912646563
    },
    "Ql": {
        "__dtype__": "UFloat",
        "nominal_value": 2083.8415384145983,
        "std_dev": 13.962064887944148
    },
    "Qc": {
        "__dtype__": "UFloat",
        "nominal_value": 2355.0216445069473,
        "std_dev": 13.835035533228659
    },
    "fr": {
        "__dtype__": "UFloat",
        "nominal_value": 6106764017.264501,
        "std_dev": 9817.57631726154
    },
    "fit_msg": "Summary\n$Q_I$: 18.10$\\pm$0.45 k\n$Q_C$: 2.355$\\pm$0.014 k\n$f_{res}$: 6.1067640$\\pm$9.8e-06 GHz",
    "fit_result": {
        "hanger_func_complex_SI": {
            "success": true,
            "message": "Fit succeeded.",
            "params": {
                "fr": {
                    "name": "fr",
                    "user_data": null,
                    "init_value": 6106923115.577889,
                    "min": 6102300000.0,
                    "max": 6112300000.0,
                    "brute_step": null,
                    "stderr": 9817.57631726154,
                    "correl": {
                        "Ql": 2.1263877481937324e-05,
                        "Qe": 0.04333272097302086,
                        "A": 0.09089297398327845,
                        "theta": -0.915768682437798,
                        "phi_v": 0.07913531269447797,
                        "phi_0": -0.07951941232165798,
                        "alpha": -0.6497239124147018
                    },
                    "value": 6106764017.264501
                },
                "Ql": {
                    "name": "Ql",
                    "user_data": null,
                    "init_value": 2751.5053676778803,
                    "min": 61.069231155778894,
                    "max": 121527.77000122852,
                    "brute_step": null,
                    "stderr": 13.962064887944148,
                    "correl": {
                        "fr": 2.1263877481937324e-05,
                        "Qe": 0.9157667916347877,
                        "A": -0.7484946187365672,
                        "theta": 0.043318791991592276,
                        "phi_v": 0.6501275118649134,
                        "phi_0": -0.6501017490304156,
                        "alpha": 0.08237078940197004
                    },
                    "value": 2083.8415384145983
                },
                "Qe": {
                    "name": "Qe",
                    "user_data": null,
                    "init_value": 2697.020112872378,
                    "min": 0,
                    "max": Infinity,
                    "brute_step": null,
                    "stderr": 13.747050912646563,
                    "correl": {
                        "fr": 0.04333272097302086,
                        "Ql": 0.9157667916347877,
                        "A": -0.711617354719494,
                        "theta": 9.688326533693184e-06,
                        "phi_v": 0.7684305747468521,
                        "phi_0": -0.7684201534055034,
                        "alpha": 0.03823945063530485
                    },
                    "value": 2347.522067687336
                },
                "A": {
                    "name": "A",
                    "user_data": null,
                    "init_value": 0.0031165662255624787,
                    "min": 0,
                    "max": Infinity,
                    "brute_step": null,
                    "stderr": 8.51382107873683e-06,
                    "correl": {
                        "fr": 0.09089297398327845,
                        "Ql": -0.7484946187365672,
                        "Qe": -0.711617354719494,
                        "theta": -0.14674348035192356,
                        "phi_v": -0.5232339418537748,
                        "phi_0": 0.5231764140084688,
                        "alpha": -0.22088438960196813
                    },
                    "value": 0.004118714413217095
                },
                "theta": {
                    "name": "theta",
                    "user_data": null,
                    "init_value": 0,
                    "min": -1.5707963267948966,
                    "max": 1.5707963267948966,
                    "brute_step": null,
                    "stderr": 0.005855911865677916,
                    "correl": {
                        "fr": -0.915768682437798,
                        "Ql": 0.043318791991592276,
                        "Qe": 9.688326533693184e-06,
                        "A": -0.14674348035192356,
                        "phi_v": -0.034471097299384273,
                        "phi_0": 0.03483899366523846,
                        "alpha": 0.7682361527173271
                    },
                    "value": 0.07982726386164019
                },
                "phi_v": {
                    "name": "phi_v",
                    "user_data": null,
                    "init_value": -2.1081407893052963e-07,
                    "min": -Infinity,
                    "max": Infinity,
                    "brute_step": null,
                    "stderr": 6.296906936239705e-10,
                    "correl": {
                        "fr": 0.07913531269447797,
                        "Ql": 0.6501275118649134,
                        "Qe": 0.7684305747468521,
                        "A": -0.5232339418537748,
                        "theta": -0.034471097299384273,
                        "phi_0": -0.999999866201608,
                        "alpha": 0.004690660375750483
                    },
                    "value": -7.2558347410491e-08
                },
                "phi_0": {
                    "name": "phi_0",
                    "user_data": null,
                    "init_value": 1289.1747445980882,
                    "min": -Infinity,
                    "max": Infinity,
                    "brute_step": null,
                    "stderr": 3.8458263527562737,
                    "correl": {
                        "fr": -0.07951941232165798,
                        "Ql": -0.6501017490304156,
                        "Qe": -0.7684201534055034,
                        "A": 0.5231764140084688,
                        "theta": 0.03483899366523846,
                        "phi_v": -0.999999866201608,
                        "alpha": -0.004423142079470178
                    },
                    "value": 445.7761776940408
                },
                "alpha": {
                    "name": "alpha",
                    "user_data": null,
                    "init_value": 0,
                    "min": -1,
                    "max": 1,
                    "brute_step": null,
                    "stderr": 1.6198035466523277,
                    "correl": {
                        "fr": -0.6497239124147018,
                        "Ql": 0.08237078940197004,
                        "Qe": 0.03823945063530485,
                        "A": -0.22088438960196813,
                        "theta": 0.7682361527173271,
                        "phi_v": 0.004690660375750483,
                        "phi_0": -0.004423142079470178
                    },
                    "value": -0.9999925077377506
                },
                "Qi": {
                    "name": "Qi",
                    "user_data": null,
                    "init_value": -136199.51570005517,
                    "min": -Infinity,
                    "max": Infinity,
                    "brute_step": null,
                    "stderr": 446.89151458379007,
                    "correl": null,
                    "value": 18096.79919889779
                },
                "Qc": {
                    "name": "Qc",
                    "user_data": null,
                    "init_value": 2697.020112872378,