{
    "fit_success": true,
    "Qi": {
        "__dtype__": "UFloat",
        "nominal_value": 1553.220547081013,
        "std_dev": 540.1533874042868
    },
    "Qe": {
        "__dtype__": "UFloat",
        "nominal_value": 18850.13328980921,
        "std_dev": 5158.46944324933
    },
    "Ql": {
        "__dtype__": "UFloat",
        "nominal_value": 1553.1516665525862,
        "std_dev": 567.8305777017035
    },
    "Qc": {
        "__dtype__": "UFloat",
        "nominal_value": 35022772.56469458,
        "std_dev": 21082422636.745132
    },
    "fr": {
        "__dtype__": "UFloat",
        "nominal_value": 5526966305.8047695,
        "std_dev": 687191.5867748834
    },
    "fit_msg": "Summary\n$Q_I$: 1.55$\\pm$0.54 k\n$Q_C$: 35.$\\pm$2.1e+04 M\n$f_{res}$: 5.52697$\\pm$0.00069 GHz",
    "fit_result": {
        "hanger_func_complex_SI": {
            "success": true,
            "message": "Fit succeeded.",
            "params": {
                "fr": {
                    "name": "fr",
                    "user_data": null,
                    "init_value": 5517000000.0,
                    "min": 5517000000.0,
                    "max": 5537000000.0,
                    "brute_step": null,
                    "stderr": 687191.5867748834,
                    "correl": {
                        "Ql": 0.7336995251570745,
                        "Qe": 0.4147522430849522,
                        "A": -0.7476112951747911,
                        "theta": -0.925773078861225,
                        "phi_v": 0.6331778404960571,
                        "phi_0": -0.6329739285136826,
                        "alpha": 0.1972446485099269
                    },
                    "value": 5526966305.8047695
                },
                "Ql": {
                    "name": "Ql",
                    "user_data": null,
                    "init_value": 1242.856249056476,
                    "min": 27.585000000000004,
                    "max": 54894.15000003403,
                    "brute_step": null,
                    "stderr": 567.8305777017035,
                    "correl": {
                        "fr": 0.7336995251570745,
                        "Qe": 0.8426820706732483,
                        "A": -0.5545756499328686,
                        "theta": -0.6886161545013167,
                        "phi_v": 0.4620997671916415,
                        "phi_0": -0.46146803164194244,
                        "alpha": 0.5021673475426741
                    },
                    "value": 1553.1516665525862
                },
                "Qe": {
                    "name": "Qe",
                    "user_data": null,
                    "init_value": 1218.2452342236743,
                    "min": 0,
                    "max": Infinity,
                    "brute_step": null,
                    "stderr": 5158.46944324933,
                    "correl": {
                        "fr": 0.4147522430849522,
                        "Ql": 0.8426820706732483,
                        "A": -0.3091509352046527,
                        "theta": -0.394847460359296,
                        "phi_v": 0.250931042472342,
                        "phi_0": -0.2500743204277723,
                        "alpha": 0.6961950675480179
                    },
                    "value": 18850.13328980921
                },
                "A": {
                    "name": "A",
                    "user_data": null,
                    "init_value": 0.2090566278946465,
                    "min": 0,
                    "max": Infinity,
                    "brute_step": null,
                    "stderr": 0.0013991831910833126,
                    "correl": {
                        "fr": -0.7476112951747911,
                        "Ql": -0.5545756499328686,
                        "Qe": -0.3091509352046527,
                        "theta": 0.8332442211919587,
                        "phi_v": -0.6287793275710094,
                        "phi_0": 0.6286497262150228,
                        "alpha": -0.17023408012354863
                    },
                    "value": 0.2090738887547603
                },
                "theta": {
                    "name": "theta",
                    "user_data": null,
                    "init_value": 0,
                    "min": -1.5707963267948966,
                    "max": 1.5707963267948966,
                    "brute_step": null,
                    "stderr": 0.3239335673231083,
                    "correl": {
                        "fr": -0.925773078861225,
                        "Ql": -0.6886161545013167,
                        "Qe": -0.394847460359296,
                        "A": 0.8332442211919587,
                        "phi_v": -0.7422642427003245,
                        "phi_0": 0.7420853445271453,
                        "alpha": -0.1986643466558789
                    },
                    "value": -1.5702581017253339
                },
                "phi_v": {
                    "name": "phi_v",
                    "user_data": null,
                    "init_value": -1.1871482358248224e-07,
                    "min": -Infinity,
                    "max": Infinity,
                    "brute_step": null,
                    "stderr": 9.684744551549878e-10,
                    "correl": {
                        "fr": 0.6331778404960571,
                        "Ql": 0.4620997671916415,
                        "Qe": 0.250931042472342,
                        "A": -0.6287793275710094,
                        "theta": -0.7422642427003245,
                        "phi_0": -0.9999993702606547,
                        "alpha": 0.1269584218486128
                    },
                    "value": -1.1809560752403467e-07
                },
                "phi_0": {
                    "name": "phi_0",
                    "user_data": null,
                    "init_value": 656.5691648670212,
                    "min": -Infinity,
                    "max": Infinity,
                    "brute_step": null,
                    "stderr": 5.351792588574408,
                    "correl": {
                        "fr": -0.6329739285136826,
                        "Ql": -0.46146803164194244,
                        "Qe": -0.2500743204277723,
                        "A": 0.6286497262150228,
                        "theta": 0.7420853445271453,
                        "phi_v": -0.9999993702606547,
                        "alpha": -0.1263396083457759
                    },
                    "value": 653.191772854801
                },
                "alpha": {
                    "name": "alpha",
                    "user_data": null,
                    "init_value": 0,
                    "min": -1,
                    "max": 1,
                    "brute_step": null,
                    "stderr": 4.935060089368539,
                    "correl": {
                        "fr": 0.1972446485099269,
                        "Ql": 0.5021673475426741,
                        "Qe": 0.6961950675480179,
                        "A": -0.17023408012354863,
                        "theta": -0.1986643466558789,
                        "phi_v": 0.1269584218486128,
                        "phi_0": -0.1263396083457759
                    },
                    "value": 0.9959376413760466
                },
                "Qi": {
                    "name": "Qi",
                    "user_data": null,
                    "init_value": -61521.384328295375,
                    "min": -Infinity,
                    "max": Infinity,
                    "brute_step": null,
                    "stderr": 540.1533874042868,
                    "correl": null,
                    "value": 1553.220547081013
                },
                "Qc": {
                    "name": "Qc",
                    "user_data": null,
                    "init_value": 1218.2452342236743,
                    "min": -Infinity,
                    "max": Infinity,