{
    "fit_success": true,
    "Qi": {
        "__dtype__": "UFloat",
        "nominal_value": 23393.95316295307,
        "std_dev": 282.6312106461873
    },
    "Qe": {
        "__dtype__": "UFloat",
        "nominal_value": 3147.9518580437425,
        "std_dev": 7.706712529253905
    },
    "Ql": {
        "__dtype__": "UFloat",
        "nominal_value": 2819.0234614446,
        "std_dev": 8.312620202444887
    },
    "Qc": {
        "__dtype__": "UFloat",
        "nominal_value": 3205.2650375503235,
        "std_dev": 7.989817943492615
    },
    "fr": {
        "__dtype__": "UFloat",
        "nominal_value": 6007184929.17509,
        "std_dev": 3141.5735111506565
    },
    "fit_msg": "Summary\n$Q_I$: 23.39$\\pm$0.28 k\n$Q_C$: 3.2053$\\pm$0.0080 k\n$f_{res}$: 6.0071849$\\pm$3.1e-06 GHz",
    "fit_result": {
        "hanger_func_complex_SI": {
            "success": true,
            "message": "Fit succeeded.",
            "params": {
                "fr": {
                    "name": "fr",
                    "user_data": null,
                    "init_value": 6007369346.733668,
                    "min": 6003500000.0,
                    "max": 6013500000.0,
                    "brute_step": null,
                    "stderr": 3141.5735111506565,
                    "correl": {
                        "Ql": 7.666207952318824e-05,
                        "Qe": 0.08423786092840775,
                        "A": 0.20073343746889674,
                        "theta": -0.8802040656474572,
                        "phi_v": 0.17060084412641946,
                        "phi_0": -0.17091720082745857,
                        "alpha": 0.559398050829408
                    },
                    "value": 6007184929.17509
                },
                "Ql": {
                    "name": "Ql",
                    "user_data": null,
                    "init_value": 2706.650909194737,
                    "min": 60.07369346733668,
                    "max": 119546.65000120849,
                    "brute_step": null,
                    "stderr": 8.312620202444887,
                    "correl": {
                        "fr": 7.666207952318824e-05,
                        "Qe": 0.8802228038177521,
                        "A": -0.6322874818003388,
                        "theta": 0.08413021005602658,
                        "phi_v": 0.5602575215186621,
                        "phi_0": -0.5602142033923214,
                        "alpha": -0.1731853062249783
                    },
                    "value": 2819.0234614446
                },
                "Qe": {
                    "name": "Qe",
                    "user_data": null,
                    "init_value": 2653.05386148791,
                    "min": 0,
                    "max": Infinity,
                    "brute_step": null,
                    "stderr": 7.706712529253905,
                    "correl": {
                        "fr": 0.08423786092840775,
                        "Ql": 0.8802228038177521,
                        "A": -0.5534151754253991,
                        "theta": -2.7104221853585026e-05,
                        "phi_v": 0.6988575937852511,
                        "phi_0": -0.6988382703809299,
                        "alpha": -0.08052963169087908
                    },
                    "value": 3147.9518580437425
                },
                "A": {
                    "name": "A",
                    "user_data": null,
                    "init_value": 0.08639282563911163,
                    "min": 0,
                    "max": Infinity,
                    "brute_step": null,
                    "stderr": 8.898556485243937e-05,
                    "correl": {
                        "fr": 0.20073343746889674,
                        "Ql": -0.6322874818003388,
                        "Qe": -0.5534151754253991,
                        "theta": -0.3097312794631733,
                        "phi_v": -0.3318937903008734,
                        "phi_0": 0.33179708929098983,
                        "alpha": 0.49258069768898427
                    },
                    "value": 0.106462819799088
                },
                "theta": {
                    "name": "theta",
                    "user_data": null,
                    "init_value": 0,
                    "min": -1.5707963267948966,
                    "max": 1.5707963267948966,
                    "brute_step": null,
                    "stderr": 0.0024478759467119284,
                    "correl": {
                        "fr": -0.8802040656474572,
                        "Ql": 0.08413021005602658,
                        "Qe": -2.7104221853585026e-05,
                        "A": -0.3097312794631733,
                        "phi_v": -0.07733374571459231,
                        "phi_0": 0.07763290535612544,
                        "alpha": -0.6984185565640703
                    },
                    "value": 0.18939108876793687
                },
                "phi_v": {
                    "name": "phi_v",
                    "user_data": null,
                    "init_value": -1.743529422132322e-07,
                    "min": -Infinity,
                    "max": Infinity,
                    "brute_step": null,
                    "stderr": 2.4590168813679545e-10,
                    "correl": {
                        "fr": 0.17060084412641946,
                        "Ql": 0.5602575215186621,
                        "Qe": 0.6988575937852511,
                        "A": -0.3318937903008734,
                        "theta": -0.07733374571459231,
                        "phi_0": -0.9999998764909517,
                        "alpha": -0.0043964329641008135
                    },
                    "value": -7.006412062930654e-08
                },
                "phi_0": {
                    "name": "phi_0",
                    "user_data": null,
                    "init_value": 1044.411987897678,
                    "min": -Infinity,
                    "max": Infinity,
                    "brute_step": null,
                    "stderr": 1.4775879946800023,
                    "correl": {
                        "fr": -0.17091720082745857,
                        "Ql": -0.5602142033923214,
                        "Qe": -0.6988382703809299,
                        "A": 0.33179708929098983,
                        "theta": 0.07763290535612544,
                        "phi_v": -0.9999998764909517,
                        "alpha": 0.004197793149319962
                    },
                    "value": 418.5637793421824
                },
                "alpha": {
                    "name": "alpha",
                    "user_data": null,
                    "init_value": 0,
                    "min": -1,
                    "max": 1,
                    "brute_step": null,
                    "stderr": 0.6055795272190837,
                    "correl": {
                        "fr": 0.559398050829408,
                        "Ql": -0.1731853062249783,
                        "Qe": -0.08052963169087908,
                        "A": 0.49258069768898427,
                        "theta": -0.6984185565640703,
                        "phi_v": -0.0043964329641008135,
                        "phi_0": 0.004197793149319962
                    },
                    "value": -0.9999996369777275
                },
                "Qi": {
                    "name": "Qi",
                    "user_data": null,
                    "init_value": -133979.2200051393,
                    "min": -Infinity,
                    "max": Infinity,
                    "brute_step": null,
                    "stderr": 282.6312106461873,
                    "correl": null,
                    "value": 23393.95316295307
                },
                "Qc": {
                    "name": "Qc",
                    "user_data": null,
                    "init_value": 2653.05386148791,