{
    "amplitude": {
        "__dtype__": "UFloat",
        "nominal_value": 122232.12626076017,
        "std_dev": 15036.930190195246
    },
    "frequency": {
        "__dtype__": "UFloat",
        "nominal_value": 8.04779442300793,
        "std_dev": 0.8895063881999546
    },
    "shift": {
        "__dtype__": "UFloat",
        "nominal_value": 0.12272999671279017,
        "std_dev": 0.1411378153974368
    },
    "offset": {
        "__dtype__": "UFloat",
        "nominal_value": 6008207692.307693,
        "std_dev": 27652.831823782064
    },
    "offset_0": {
        "__dtype__": "UFloat",
        "nominal_value": 0.1799333151381468,
        "std_dev": 0.02651568293709752
    },
    "freq_0": 6008329924.433953,
    "fit_success": true,
    "fit_msg": "Summary:\nf_0: 6.0083 GHz\noffset_0: 180$\\pm$27 mV\n",
    "fit_result": {
        "sin": {
            "success": true,
            "message": "Fit succeeded.",
            "params": {
                "amplitude": {
                    "name": "amplitude",
                    "user_data": null,
                    "init_value": 127634.30477782698,
                    "min": 0,
                    "max": Infinity,
                    "brute_step": null,
                    "stderr": 15036.930190195246,
                    "correl": {
                        "frequency": 0.24810090210399927,
                        "shift": 0.02432691629062944
                    },
                    "value": 122232.12626076017
                },
                "frequency": {
                    "name": "frequency",
                    "user_data": null,
                    "init_value": 9.666438934122443,
                    "min": 0,
                    "max": Infinity,
                    "brute_step": null,
                    "stderr": 0.8895063881999546,
                    "correl": {
                        "amplitude": 0.24810090210399927,
                        "shift": -0.06574594440403606
                    },
                    "value": 8.04779442300793
                },
                "shift": {
                    "name": "shift",
                    "user_data": null,
                    "init_value": 0.0,
                    "min": -6.283195307179586,
                    "max": 6.283195307179586,
                    "brute_step": null,
                    "stderr": 0.1411378153974368,
                    "correl": {
                        "amplitude": 0.02432691629062944,
                        "frequency": -0.06574594440403606
                    },
                    "value": 0.12272999671279017
                },
                "offset": {
                    "name": "offset",
                    "user_data": null,
                    "init_value": 6008207692.307693,
                    "min": -Infinity,
                    "max": Infinity,
                    "brute_step": null,
                    "stderr": 27652.831823782064,
                    "correl": null,
                    "value": 6008207692.307693
                }
            }
        }
    }
}