{
    "fit_success": true,
    "Pi-pulse amplitude": {
        "__dtype__": "UFloat",
        "nominal_value": 3.0841024031860975,
        "std_dev": 14.535649533918532
    },
    "fit_msg": "Summary\nPi-pulse amplitude: 3$\\pm$15 V\nOscillation amplitude: 3$\\pm$23 mV\nOffset: 4$\\pm$23 mV\n",
    "fit_result": {
        "Rabi_oscillation": {
            "success": true,
            "message": "Fit succeeded.",
            "params": {
                "frequency": {
                    "name": "frequency",
                    "user_data": null,
                    "init_value": 0.6187500000000002,
                    "min": 0,
                    "max": Infinity,
                    "brute_step": null,
                    "stderr": 0.7640941374344081,
                    "correl": {
                        "amplitude": -0.9998768499548762,
                        "offset": -0.9999014563894857
                    },
                    "value": 0.16212172445488982
                },
                "amplitude": {
                    "name": "amplitude",
                    "user_data": null,
                    "init_value": 0.0008675016289304398,
                    "min": 0,
                    "max": Infinity,
                    "brute_step": null,
                    "stderr": 0.022942647306780577,
                    "correl": {
                        "frequency": -0.9998768499548762,
                        "offset": 0.9999973569864645
                    },
                    "value": 0.002558008092332864
                },
                "offset": {
                    "name": "offset",
                    "user_data": null,
                    "init_value": 0.001836703517988078,
                    "min": -Infinity,
                    "max": Infinity,
                    "brute_step": null,
                    "stderr": 0.022981852864469486,
                    "correl": {
                        "frequency": -0.9999014563894857,
                        "amplitude": 0.9999973569864645
                    },
                    "value": 0.00411549738143655
                },
                "phase": {
                    "name": "phase",
                    "user_data": null,
                    "init_value": 3.141592653589793,
                    "min": -Infinity,
                    "max": Infinity,
                    "brute_step": null,
                    "stderr": 0.0,
                    "correl": null,
                    "value": 3.141592653589793
                },
                "amp180": {
                    "name": "amp180",
                    "user_data": null,
                    "init_value": 0.8080808080808077,
                    "min": -Infinity,
                    "max": Infinity,
                    "brute_step": null,
                    "stderr": 14.535649533918532,
                    "correl": null,
                    "value": 3.0841024031860975
                }
            }
        }
    }
}