{
    "fit_success": true,
    "frequency_01": {
        "__dtype__": "UFloat",
        "nominal_value": 4023025421.698672,
        "std_dev": 308940.74682456255
    },
    "fit_msg": "Summary\nFrequency 0-1: 4.02303$\\pm$0.00031 GHz\nPeak width: 11.18$\\pm$0.83 MHz\n",
    "fit_result": {
        "Lorentzian_peak": {
            "success": true,
            "message": "Fit succeeded.",
            "params": {
                "x0": {
                    "name": "x0",
                    "user_data": null,
                    "init_value": 4023515151.515152,
                    "min": -Infinity,
                    "max": Infinity,
                    "brute_step": null,
                    "stderr": 308940.74682456255,
                    "correl": {
                        "width": -0.0010995754222186697,
                        "a": 0.0004529716765591627,
                        "c": -0.0002585431372981298
                    },
                    "value": 4023025421.698672
                },
                "width": {
                    "name": "width",
                    "user_data": null,
                    "init_value": 30151134.45777622,
                    "min": -Infinity,
                    "max": Infinity,
                    "brute_step": null,
                    "stderr": 826867.7481573788,
                    "correl": {
                        "x0": -0.0010995754222186697,
                        "a": 0.7502093906450144,
                        "c": -0.35549172855609923
                    },
                    "value": 11182616.068670845
                },
                "a": {
                    "name": "a",
                    "user_data": null,
                    "init_value": 49890.11326415622,
                    "min": -Infinity,
                    "max": Infinity,
                    "brute_step": null,
                    "stderr": 344.98352638070656,
                    "correl": {
                        "x0": 0.0004529716765591627,
                        "width": 0.7502093906450144,
                        "c": -0.48429738287160173
                    },
                    "value": 6171.243532957724
                },
                "c": {
                    "name": "c",
                    "user_data": null,
                    "init_value": 0.0006101921743311612,
                    "min": -Infinity,
                    "max": Infinity,
                    "brute_step": null,
                    "stderr": 3.946624750908384e-06,
                    "correl": {
                        "x0": -0.0002585431372981298,
                        "width": -0.35549172855609923,
                        "a": -0.48429738287160173
                    },
                    "value": 0.0005750522205961459
                }
            }
        }
    }
}