{
    "fit_success": true,
    "Qi": {
        "__dtype__": "UFloat",
        "nominal_value": 18471.06029007412,
        "std_dev": 303.5031809872282
    },
    "Qe": {
        "__dtype__": "UFloat",
        "nominal_value": 3155.288514536282,
        "std_dev": 13.063375217029717
    },
    "Ql": {
        "__dtype__": "UFloat",
        "nominal_value": 2727.0328068433587,
        "std_dev": 13.339605456578315
    },
    "Qc": {
        "__dtype__": "UFloat",
        "nominal_value": 3199.3838579019857,
        "std_dev": 13.43110428788543
    },
    "fr": {
        "__dtype__": "UFloat",
        "nominal_value": 6008034104.843638,
        "std_dev": 5388.6565190181245
    },
    "fit_msg": "Summary\n$Q_I$: 18.47$\\pm$0.30 k\n$Q_C$: 3.199$\\pm$0.013 k\n$f_{res}$: 6.0080341$\\pm$5.4e-06 GHz",
    "fit_result": {
        "hanger_func_complex_SI": {
            "success": true,
            "message": "Fit succeeded.",
            "params": {
                "fr": {
                    "name": "fr",
                    "user_data": null,
                    "init_value": 6008173366.834171,
                    "min": 6003500000.0,
                    "max": 6013500000.0,
                    "brute_step": null,
                    "stderr": 5388.6565190181245,
                    "correl": {
                        "Ql": 7.316895440220574e-06,
                        "Qe": 0.049619183495338275,
                        "A": 0.1286144796368233,
                        "theta": -0.8851707992030136,
                        "phi_v": 0.0016519264245109175,
                        "phi_0": -0.0019803287129643993,
                        "alpha": 0.586678664881377
                    },
                    "value": 6008034104.843638
                },
                "Ql": {
                    "name": "Ql",
                    "user_data": null,
                    "init_value": 2707.0131645531865,
                    "min": 60.08173366834171,
                    "max": 119562.65000120866,
                    "brute_step": null,
                    "stderr": 13.339605456578315,
                    "correl": {
                        "fr": 7.316895440220574e-06,
                        "Qe": 0.8851593152060815,
                        "A": -0.6376796672390098,
                        "theta": 0.04962709694560715,
                        "phi_v": 0.586692510633295,
                        "phi_0": -0.5867094917552889,
                        "alpha": -0.004563336259768129
                    },
                    "value": 2727.0328068433587
                },
                "Qe": {
                    "name": "Qe",
                    "user_data": null,
                    "init_value": 2653.408943472925,
                    "min": 0,
                    "max": Infinity,
                    "brute_step": null,
                    "stderr": 13.063375217029717,
                    "correl": {
                        "fr": 0.049619183495338275,
                        "Ql": 0.8851593152060815,
                        "A": -0.5850996300373286,
                        "theta": 1.7718716596043882e-05,
                        "phi_v": 0.7125553008121972,
                        "phi_0": -0.7125941154840666,
                        "alpha": 0.05392128823809505
                    },
                    "value": 3155.288514536282
                },
                "A": {
                    "name": "A",
                    "user_data": null,
                    "init_value": 0.00457284665055637,
                    "min": 0,
                    "max": Infinity,
                    "brute_step": null,
                    "stderr": 6.83293063574754e-06,
                    "correl": {
                        "fr": 0.1286144796368233,
                        "Ql": -0.6376796672390098,
                        "Qe": -0.5850996300373286,
                        "theta": -0.19144237257165878,
                        "phi_v": -0.3926227178013917,
                        "phi_0": 0.39258927004431227,
                        "alpha": 0.1655789457612718
                    },
                    "value": 0.005625635003900342
                },
                "theta": {
                    "name": "theta",
                    "user_data": null,
                    "init_value": 0,
                    "min": -1.5707963267948966,
                    "max": 1.5707963267948966,
                    "brute_step": null,
                    "stderr": 0.00414033266876442,
                    "correl": {
                        "fr": -0.8851707992030136,
                        "Ql": 0.04962709694560715,
                        "Qe": 1.7718716596043882e-05,
                        "A": -0.19144237257165878,
                        "phi_v": 0.05738714896255945,
                        "phi_0": -0.0570787854386816,
                        "alpha": -0.7128140727084982
                    },
                    "value": 0.16621807799310928
                },
                "phi_v": {
                    "name": "phi_v",
                    "user_data": null,
                    "init_value": -1.6842627744530926e-07,
                    "min": -Infinity,
                    "max": Infinity,
                    "brute_step": null,
                    "stderr": 4.013761000579894e-10,
                    "correl": {
                        "fr": 0.0016519264245109175,
                        "Ql": 0.586692510633295,
                        "Qe": 0.7125553008121972,
                        "A": -0.3926227178013917,
                        "theta": 0.05738714896255945,
                        "phi_0": -0.9999998739856744,
                        "alpha": -0.004623061340198742
                    },
                    "value": -7.346369296775629e-08
                },
                "phi_0": {
                    "name": "phi_0",
                    "user_data": null,
                    "init_value": 1008.7139583188183,
                    "min": -Infinity,
                    "max": Infinity,
                    "brute_step": null,
                    "stderr": 2.4116811124390063,
                    "correl": {
                        "fr": -0.0019803287129643993,
                        "Ql": -0.5867094917552889,
                        "Qe": -0.7125941154840666,
                        "A": 0.39258927004431227,
                        "theta": -0.0570787854386816,
                        "phi_v": -0.9999998739856744,
                        "alpha": 0.004412676264427489
                    },
                    "value": 438.8033568315216
                },
                "alpha": {
                    "name": "alpha",
                    "user_data": null,
                    "init_value": 0,
                    "min": -1,
                    "max": 1,
                    "brute_step": null,
                    "stderr": 2.656001440180478,
                    "correl": {
                        "fr": 0.586678664881377,
                        "Ql": -0.004563336259768129,
                        "Qe": 0.05392128823809505,
                        "A": 0.1655789457612718,
                        "theta": -0.7128140727084982,
                        "phi_v": -0.004623061340198742,
                        "phi_0": 0.004412676264427489
                    },
                    "value": -0.9997839226461098
                },
                "Qi": {
                    "name": "Qi",
                    "user_data": null,
                    "init_value": -133997.1516453821,
                    "min": -Infinity,
                    "max": Infinity,
                    "brute_step": null,
                    "stderr": 303.5031809872282,
                    "correl": null,
                    "value": 18471.06029007412
                },
                "Qc": {
                    "name": "Qc",
                    "user_data": null,
                    "init_value": 2653.408943472925,