{
    "fit_success": true,
    "T1": {
        "__dtype__": "UFloat",
        "nominal_value": 7.532212356942125e-06,
        "std_dev": 2.735210660507819e-07
    },
    "fit_msg": "Summary\n$T1$: 7.53$\\pm$0.27 \u03bcs\namplitude: 596$\\pm$11 \u03bcV\noffset: 928.9$\\pm$3.7 \u03bcV",
    "fit_result": {
        "exp_decay_func": {
            "success": true,
            "message": "Fit succeeded.",
            "params": {
                "tau": {
                    "name": "tau",
                    "user_data": null,
                    "init_value": 2.524e-05,
                    "min": 0,
                    "max": Infinity,
                    "brute_step": null,
                    "stderr": 2.735210660507819e-07,
                    "correl": {
                        "amplitude": -0.47801521962874977,
                        "offset": -0.6353399715885701
                    },
                    "value": 7.532212356942125e-06
                },
                "amplitude": {
                    "name": "amplitude",
                    "user_data": null,
                    "init_value": 0.0006015661992344809,
                    "min": -Infinity,
                    "max": Infinity,
                    "brute_step": null,
                    "stderr": 1.1293115187663705e-05,
                    "correl": {
                        "tau": -0.47801521962874977,
                        "offset": -0.06398149500154927
                    },
                    "value": 0.0005956722888381738
                },
                "offset": {
                    "name": "offset",
                    "user_data": null,
                    "init_value": 0.0009276091650173499,
                    "min": -Infinity,
                    "max": Infinity,
                    "brute_step": null,
                    "stderr": 3.6508301008729502e-06,
                    "correl": {
                        "tau": -0.6353399715885701,
                        "amplitude": -0.06398149500154927
                    },
                    "value": 0.0009289269839870771
                },
                "n_factor": {
                    "name": "n_factor",
                    "user_data": null,
                    "init_value": 1,
                    "min": -Infinity,
                    "max": Infinity,
                    "brute_step": null,
                    "stderr": 0.0,
                    "correl": null,
                    "value": 1
                }
            }
        }
    }
}