{
    "fit_success": true,
    "Qi": {
        "__dtype__": "UFloat",
        "nominal_value": 20622.10627173742,
        "std_dev": 951.6317774312602
    },
    "Qe": {
        "__dtype__": "UFloat",
        "nominal_value": 4009.371355895001,
        "std_dev": 32.16880657506278
    },
    "Ql": {
        "__dtype__": "UFloat",
        "nominal_value": 3581.3606807974666,
        "std_dev": 39.973797405400106
    },
    "Qc": {
        "__dtype__": "UFloat",
        "nominal_value": 4334.035747596267,
        "std_dev": 37.58988483063452
    },
    "fr": {
        "__dtype__": "UFloat",
        "nominal_value": 5913529170.789975,
        "std_dev": 9215.184964323287
    },
    "fit_msg": "Summary\n$Q_I$: 20.62$\\pm$0.95 k\n$Q_C$: 4.334$\\pm$0.038 k\n$f_{res}$: 5.9135292$\\pm$9.2e-06 GHz",
    "fit_result": {
        "hanger_func_complex_SI": {
            "success": true,
            "message": "Fit succeeded.",
            "params": {
                "fr": {
                    "name": "fr",
                    "user_data": null,
                    "init_value": 5913693467.336683,
                    "min": 5875000000.0,
                    "max": 5925000000.0,
                    "brute_step": null,
                    "stderr": 9215.184964323287,
                    "correl": {
                        "Ql": 0.00013295522659224456,
                        "Qe": 0.01487808921889722,
                        "A": 0.07837582347365313,
                        "theta": -0.7488038274725111,
                        "phi_v": -0.25816669282546445,
                        "phi_0": 0.2577522763469955,
                        "alpha": 0.06771719826010927
                    },
                    "value": 5913529170.789975
                },
                "Ql": {
                    "name": "Ql",
                    "user_data": null,
                    "init_value": 532.8889527562682,
                    "min": 11.827386934673367,
                    "max": 23536.50000005926,
                    "brute_step": null,
                    "stderr": 39.973797405400106,
                    "correl": {
                        "fr": 0.00013295522659224456,
                        "Qe": 0.7487938318920533,
                        "A": -0.30347065018466424,
                        "theta": 0.01478479188102211,
                        "phi_v": 0.06718097921592181,
                        "phi_0": -0.06762189696824997,
                        "alpha": 0.25773935689563215
                    },
                    "value": 3581.3606807974666
                },
                "Qe": {
                    "name": "Qe",
                    "user_data": null,
                    "init_value": 522.3366962660451,
                    "min": 0,
                    "max": Infinity,
                    "brute_step": null,
                    "stderr": 32.16880657506278,
                    "correl": {
                        "fr": 0.01487808921889722,
                        "Ql": 0.7487938318920533,
                        "A": -0.24484940217591686,
                        "theta": 2.6587686180513158e-05,
                        "phi_v": 0.0867081203172228,
                        "phi_0": -0.08731016917661935,
                        "alpha": 0.23756851662985856
                    },
                    "value": 4009.371355895001
                },
                "A": {
                    "name": "A",
                    "user_data": null,
                    "init_value": 0.009446523633138405,
                    "min": 0,
                    "max": Infinity,
                    "brute_step": null,
                    "stderr": 1.5425675220623648e-05,
                    "correl": {
                        "fr": 0.07837582347365313,
                        "Ql": -0.30347065018466424,
                        "Qe": -0.24484940217591686,
                        "theta": -0.11079056999655294,
                        "phi_v": -0.04269591428580987,
                        "phi_0": 0.042816280453344784,
                        "alpha": -0.7160740133522372
                    },
                    "value": 0.009678322813118534
                },
                "theta": {
                    "name": "theta",
                    "user_data": null,
                    "init_value": 0,
                    "min": -1.5707963267948966,
                    "max": 1.5707963267948966,
                    "brute_step": null,
                    "stderr": 0.008023349632856846,
                    "correl": {
                        "fr": -0.7488038274725111,
                        "Ql": 0.01478479188102211,
                        "Qe": 2.6587686180513158e-05,
                        "A": -0.11079056999655294,
                        "phi_v": 0.23819471557183167,
                        "phi_0": -0.23793446523926576,
                        "alpha": -0.08691673519398378
                    },
                    "value": 0.38952487963046467
                },
                "phi_v": {
                    "name": "phi_v",
                    "user_data": null,
                    "init_value": -7.979491091516281e-08,
                    "min": -Infinity,
                    "max": Infinity,
                    "brute_step": null,
                    "stderr": 7.756445624278869e-11,
                    "correl": {
                        "fr": -0.25816669282546445,
                        "Ql": 0.06718097921592181,
                        "Qe": 0.0867081203172228,
                        "A": -0.04269591428580987,
                        "theta": 0.23819471557183167,
                        "phi_0": -0.9999970442049217,
                        "alpha": -0.00399573071737725
                    },
                    "value": -7.042367240926392e-08
                },
                "phi_0": {
                    "name": "phi_0",
                    "user_data": null,
                    "init_value": 469.19589387542516,
                    "min": -Infinity,
                    "max": Infinity,
                    "brute_step": null,
                    "stderr": 0.4575396899313986,
                    "correl": {
                        "fr": 0.2577522763469955,
                        "Ql": -0.06762189696824997,
                        "Qe": -0.08731016917661935,
                        "A": 0.042816280453344784,
                        "theta": -0.23793446523926576,
                        "phi_v": -0.9999970442049217,
                        "alpha": 0.0038318261846420412
                    },
                    "value": 414.13226556733883
                },
                "alpha": {
                    "name": "alpha",
                    "user_data": null,
                    "init_value": 0,
                    "min": -1,
                    "max": 1,
                    "brute_step": null,
                    "stderr": 0.5177085724940401,
                    "correl": {
                        "fr": 0.06771719826010927,
                        "Ql": 0.25773935689563215,
                        "Qe": 0.23756851662985856,
                        "A": -0.7160740133522372,
                        "theta": -0.08691673519398378,
                        "phi_v": -0.00399573071737725,
                        "phi_0": 0.0038318261846420412
                    },
                    "value": 0.9999972706324569
                },
                "Qi": {
                    "name": "Qi",
                    "user_data": null,
                    "init_value": -26378.00316143546,
                    "min": -Infinity,
                    "max": Infinity,
                    "brute_step": null,
                    "stderr": 951.6317774312602,
                    "correl": null,
                    "value": 20622.10627173742
                },
                "Qc": {
                    "name": "Qc",
                    "user_data": null,
                    "init_value": 522.3366962660451,