{
    "fit_success": true,
    "Qi": {
        "__dtype__": "UFloat",
        "nominal_value": 76.37961934072318,
        "std_dev": 11035484.455021292
    },
    "Qe": {
        "__dtype__": "UFloat",
        "nominal_value": 24056.062263178912,
        "std_dev": 10355268638.053078
    },
    "Ql": {
        "__dtype__": "UFloat",
        "nominal_value": 76.30918638738495,
        "std_dev": 11050781.080347901
    },
    "Qc": {
        "__dtype__": "UFloat",
        "nominal_value": 82751.98372671934,
        "std_dev": 122170243873.17188
    },
    "fr": {
        "__dtype__": "UFloat",
        "nominal_value": 5723009609.792265,
        "std_dev": 5408211297852.175
    },
    "fit_msg": "Summary\n$Q_I$: 76.$\\pm$1.1e+07 \n$Q_C$: 83.$\\pm$1.2e+08 k\n$f_{res}$: 5.7$\\pm$5.4e+03 GHz",
    "fit_result": {
        "hanger_func_complex_SI": {
            "success": true,
            "message": "Fit succeeded.",
            "params": {
                "fr": {
                    "name": "fr",
                    "user_data": null,
                    "init_value": 5721174120.603015,
                    "min": 5716350000.0,
                    "max": 5726350000.0,
                    "brute_step": null,
                    "stderr": 5408211297852.175,
                    "correl": {
                        "Ql": 0.010384071639141335,
                        "Qe": -0.04038274606088638,
                        "A": -0.9840358620373086,
                        "theta": -0.998571741046577,
                        "phi_v": 0.9053186858316921,
                        "phi_0": -0.9107492553771077,
                        "alpha": 0.42775353232322655
                    },
                    "value": 5723009609.792265
                },
                "Ql": {
                    "name": "Ql",
                    "user_data": null,
                    "init_value": 2577.7041898732573,
                    "min": 57.211741206030155,
                    "max": 113851.36500115092,
                    "brute_step": null,
                    "stderr": 11050781.080347901,
                    "correl": {
                        "fr": 0.010384071639141335,
                        "Qe": 0.998455917580666,
                        "A": -0.18738066136084208,
                        "theta": -0.05877655364077635,
                        "phi_v": 0.42869994354408486,
                        "phi_0": -0.4168235762715497,
                        "alpha": -0.8969332200944554
                    },
                    "value": 76.30918638738495
                },
                "Qe": {
                    "name": "Qe",
                    "user_data": null,
                    "init_value": 2526.6605425490347,
                    "min": 0,
                    "max": Infinity,
                    "brute_step": null,
                    "stderr": 10355268638.053078,
                    "correl": {
                        "fr": -0.04038274606088638,
                        "Ql": 0.998455917580666,
                        "A": -0.1373549879170191,
                        "theta": -0.008035363942183836,
                        "phi_v": 0.38288110938558007,
                        "phi_0": -0.3707320682818066,
                        "alpha": -0.9191335262703739
                    },
                    "value": 24056.062263178912
                },
                "A": {
                    "name": "A",
                    "user_data": null,
                    "init_value": 0.00021095425655466647,
                    "min": 0,
                    "max": Infinity,
                    "brute_step": null,
                    "stderr": 0.3643398850023472,
                    "correl": {
                        "fr": -0.9840358620373086,
                        "Ql": -0.18738066136084208,
                        "Qe": -0.1373549879170191,
                        "theta": 0.9915718632882895,
                        "phi_v": -0.9662891140329104,
                        "phi_0": 0.9695197369060928,
                        "alpha": -0.26130445245170386
                    },
                    "value": 0.00020043554167603617
                },
                "theta": {
                    "name": "theta",
                    "user_data": null,
                    "init_value": 0,
                    "min": -1.5707963267948966,
                    "max": 1.5707963267948966,
                    "brute_step": null,
                    "stderr": 428004.84524999396,
                    "correl": {
                        "fr": -0.998571741046577,
                        "Ql": -0.05877655364077635,
                        "Qe": -0.008035363942183836,
                        "A": 0.9915718632882895,
                        "phi_v": -0.9257416786783489,
                        "phi_0": 0.930590956693447,
                        "alpha": -0.3840471466193416
                    },
                    "value": -1.275837210531328
                },
                "phi_v": {
                    "name": "phi_v",
                    "user_data": null,
                    "init_value": 2.9709682624903986e-14,
                    "min": -Infinity,
                    "max": Infinity,
                    "brute_step": null,
                    "stderr": 1.2039027437516122e-05,
                    "correl": {
                        "fr": 0.9053186858316921,
                        "Ql": 0.42869994354408486,
                        "Qe": 0.38288110938558007,
                        "A": -0.9662891140329104,
                        "theta": -0.9257416786783489,
                        "phi_0": -0.9999139526174,
                        "alpha": 0.009225324147144921
                    },
                    "value": 4.604866441343004e-08
                },
                "phi_0": {
                    "name": "phi_0",
                    "user_data": null,
                    "init_value": 1.5706264118114455,
                    "min": -Infinity,
                    "max": Infinity,
                    "brute_step": null,
                    "stderr": 68835.61854110805,
                    "correl": {
                        "fr": -0.9107492553771077,
                        "Ql": -0.4168235762715497,
                        "Qe": -0.3707320682818066,
                        "A": 0.9695197369060928,
                        "theta": 0.930590956693447,
                        "phi_v": -0.9999139526174,
                        "alpha": -0.022334891890654667
                    },
                    "value": -261.875807054904
                },
                "alpha": {
                    "name": "alpha",
                    "user_data": null,
                    "init_value": 0,
                    "min": -1,
                    "max": 1,
                    "brute_step": null,
                    "stderr": 243866.99359368245,
                    "correl": {
                        "fr": 0.42775353232322655,
                        "Ql": -0.8969332200944554,
                        "Qe": -0.9191335262703739,
                        "A": -0.26130445245170386,
                        "theta": -0.3840471466193416,
                        "phi_v": 0.009225324147144921,
                        "phi_0": -0.022334891890654667
                    },
                    "value": -0.9999999780227514
                },
                "Qi": {
                    "name": "Qi",
                    "user_data": null,
                    "init_value": -127596.35739872738,
                    "min": -Infinity,
                    "max": Infinity,
                    "brute_step": null,
                    "stderr": 11035484.455021292,
                    "correl": null,
                    "value": 76.37961934072318
                },
                "Qc": {
                    "name": "Qc",
                    "user_data": null,
                    "init_value": 2526.6605425490347,