{
    "T2*": {
        "__dtype__": "UFloat",
        "nominal_value": 3.8921964243603906,
        "std_dev": 905996.778072918
    },
    "fitted_detuning": {
        "__dtype__": "UFloat",
        "nominal_value": 1745896.8647709328,
        "std_dev": 16412.342832416634
    },
    "detuning": {
        "__dtype__": "UFloat",
        "nominal_value": -854103.1352290672,
        "std_dev": 16412.342832416634
    },
    "fit_success": true,
    "fit_msg": "Summary\n$T_2^*$: 3.9$\\pm$9.1e+05 s\n\nartificial detuning: 2.6 MHz\nfitted detuning: 1.746$\\pm$0.016 MHz\nactual detuning: -854$\\pm$16 kHz\n",
    "fit_result": {
        "Ramsey_decay": {
            "success": true,
            "message": "Fit succeeded.",
            "params": {
                "tau": {
                    "name": "tau",
                    "user_data": null,
                    "init_value": 5.3599999999999995e-06,
                    "min": 0,
                    "max": Infinity,
                    "brute_step": null,
                    "stderr": 905996.778072918,
                    "correl": {
                        "frequency": 0.06069760219705738,
                        "phase": -0.05280843682395447,
                        "amplitude": -0.8636944721333172,
                        "offset": -0.030594573734959708
                    },
                    "value": 3.8921964243603906
                },
                "n_factor": {
                    "name": "n_factor",
                    "user_data": null,
                    "init_value": 1,
                    "min": -Infinity,
                    "max": Infinity,
                    "brute_step": null,
                    "stderr": 0.0,
                    "correl": null,
                    "value": 1
                },
                "frequency": {
                    "name": "frequency",
                    "user_data": null,
                    "init_value": 1715686.274509804,
                    "min": 0,
                    "max": Infinity,
                    "brute_step": null,
                    "stderr": 16412.342832416634,
                    "correl": {
                        "tau": 0.06069760219705738,
                        "phase": -0.8649978762933187,
                        "amplitude": -0.05223401291297246,
                        "offset": -0.03524431272504662
                    },
                    "value": 1745896.8647709328
                },
                "phase": {
                    "name": "phase",
                    "user_data": null,
                    "init_value": -75.21342411829681,
                    "min": -Infinity,
                    "max": Infinity,
                    "brute_step": null,
                    "stderr": 0.48155062814527305,
                    "correl": {
                        "tau": -0.05280843682395447,
                        "frequency": -0.8649978762933187,
                        "amplitude": 0.050447848245462674,
                        "offset": 0.038551589306062874
                    },
                    "value": -75.02468096956756
                },
                "amplitude": {
                    "name": "amplitude",
                    "user_data": null,
                    "init_value": 3.983148366026282e-05,
                    "min": 0,
                    "max": Infinity,
                    "brute_step": null,
                    "stderr": 6.42329153739831e-06,
                    "correl": {
                        "tau": -0.8636944721333172,
                        "frequency": -0.05223401291297246,
                        "phase": 0.050447848245462674,
                        "offset": 0.016962814022795467
                    },
                    "value": 1.3438264363063723e-05
                },
                "offset": {
                    "name": "offset",
                    "user_data": null,
                    "init_value": 0.001184901084432442,
                    "min": -Infinity,
                    "max": Infinity,
                    "brute_step": null,
                    "stderr": 2.2948920137324658e-06,
                    "correl": {
                        "tau": -0.030594573734959708,
                        "frequency": -0.03524431272504662,
                        "phase": 0.038551589306062874,
                        "amplitude": 0.016962814022795467
                    },
                    "value": 0.00118471928698123
                }
            }
        }
    }
}