{
    "fit_success": true,
    "Qi": {
        "__dtype__": "UFloat",
        "nominal_value": 21849.285988293002,
        "std_dev": 213.52832661980935
    },
    "Qe": {
        "__dtype__": "UFloat",
        "nominal_value": 3168.7253290393887,
        "std_dev": 6.707744264913953
    },
    "Ql": {
        "__dtype__": "UFloat",
        "nominal_value": 2811.212610430986,
        "std_dev": 7.150911683311197
    },
    "Qc": {
        "__dtype__": "UFloat",
        "nominal_value": 3226.3237503132345,
        "std_dev": 6.953754046245153
    },
    "fr": {
        "__dtype__": "UFloat",
        "nominal_value": 6007191085.257296,
        "std_dev": 2717.5740109170683
    },
    "fit_msg": "Summary\n$Q_I$: 21.85$\\pm$0.21 k\n$Q_C$: 3.2263$\\pm$0.0070 k\n$f_{res}$: 6.0071911$\\pm$2.7e-06 GHz",
    "fit_result": {
        "hanger_func_complex_SI": {
            "success": true,
            "message": "Fit succeeded.",
            "params": {
                "fr": {
                    "name": "fr",
                    "user_data": null,
                    "init_value": 6007369346.733668,
                    "min": 6003500000.0,
                    "max": 6013500000.0,
                    "brute_step": null,
                    "stderr": 2717.5740109170683,
                    "correl": {
                        "Ql": 7.603178154458479e-05,
                        "Qe": 0.08350516439187268,
                        "A": 0.20051907903192304,
                        "theta": -0.8809142763599995,
                        "phi_v": 0.16960905879527235,
                        "phi_0": -0.16992682080646454,
                        "alpha": -0.5602692070232138
                    },
                    "value": 6007191085.257296
                },
                "Ql": {
                    "name": "Ql",
                    "user_data": null,
                    "init_value": 2706.650909194737,
                    "min": 60.07369346733668,
                    "max": 119546.65000120849,
                    "brute_step": null,
                    "stderr": 7.150911683311197,
                    "correl": {
                        "fr": 7.603178154458479e-05,
                        "Qe": 0.8809329274771742,
                        "A": -0.6331878666459893,
                        "theta": 0.08339959084993144,
                        "phi_v": 0.5611589039270876,
                        "phi_0": -0.5611156130580924,
                        "alpha": 0.17231332498624258
                    },
                    "value": 2811.212610430986
                },
                "Qe": {
                    "name": "Qe",
                    "user_data": null,
                    "init_value": 2653.05386148791,
                    "min": 0,
                    "max": Infinity,
                    "brute_step": null,
                    "stderr": 6.707744264913953,
                    "correl": {
                        "fr": 0.08350516439187268,
                        "Ql": 0.8809329274771742,
                        "A": -0.5566878074755418,
                        "theta": -2.5550875519974063e-05,
                        "phi_v": 0.6995518493151697,
                        "phi_0": -0.6995325291546827,
                        "alpha": 0.08102630018562137
                    },
                    "value": 3168.7253290393887
                },
                "A": {
                    "name": "A",
                    "user_data": null,
                    "init_value": 0.08660869200043426,
                    "min": 0,
                    "max": Infinity,
                    "brute_step": null,
                    "stderr": 7.627153320913952e-05,
                    "correl": {
                        "fr": 0.20051907903192304,
                        "Ql": -0.6331878666459893,
                        "Qe": -0.5566878074755418,
                        "theta": -0.30902740293777875,
                        "phi_v": -0.33376284056350103,
                        "phi_0": 0.3336655242718453,
                        "alpha": -0.49101076488705286
                    },
                    "value": 0.10669015904134072
                },
                "theta": {
                    "name": "theta",
                    "user_data": null,
                    "init_value": 0,
                    "min": -1.5707963267948966,
                    "max": 1.5707963267948966,
                    "brute_step": null,
                    "stderr": 0.0021166081003614725,
                    "correl": {
                        "fr": -0.8809142763599995,
                        "Ql": 0.08339959084993144,
                        "Qe": -2.5550875519974063e-05,
                        "A": -0.30902740293777875,
                        "phi_v": -0.07768175982271394,
                        "phi_0": 0.07798335328436395,
                        "alpha": 0.6990955656340815
                    },
                    "value": 0.18924070148721706
                },
                "phi_v": {
                    "name": "phi_v",
                    "user_data": null,
                    "init_value": -1.7351722261624354e-07,
                    "min": -Infinity,
                    "max": Infinity,
                    "brute_step": null,
                    "stderr": 2.1039940006902358e-10,
                    "correl": {
                        "fr": 0.16960905879527235,
                        "Ql": 0.5611589039270876,
                        "Qe": 0.6995518493151697,
                        "A": -0.33376284056350103,
                        "theta": -0.07768175982271394,
                        "phi_0": -0.9999998761113352,
                        "alpha": 0.004601819700863173
                    },
                    "value": -7.344900792072674e-08
                },
                "phi_0": {
                    "name": "phi_0",
                    "user_data": null,
                    "init_value": 1039.1986228344508,
                    "min": -Infinity,
                    "max": Infinity,
                    "brute_step": null,
                    "stderr": 1.264259845580948,
                    "correl": {
                        "fr": -0.16992682080646454,
                        "Ql": -0.5611156130580924,
                        "Qe": -0.6995325291546827,
                        "A": 0.3336655242718453,
                        "theta": 0.07798335328436395,
                        "phi_v": -0.9999998761113352,
                        "alpha": -0.004401176882227863
                    },
                    "value": 438.6888752558285
                },
                "alpha": {
                    "name": "alpha",
                    "user_data": null,
                    "init_value": 0,
                    "min": -1,
                    "max": 1,
                    "brute_step": null,
                    "stderr": 1.6100200790582693,
                    "correl": {
                        "fr": -0.5602692070232138,
                        "Ql": 0.17231332498624258,
                        "Qe": 0.08102630018562137,
                        "A": -0.49101076488705286,
                        "theta": 0.6990955656340815,
                        "phi_v": 0.004601819700863173,
                        "phi_0": -0.004401176882227863
                    },
                    "value": -0.9999094521536375
                },
                "Qi": {
                    "name": "Qi",
                    "user_data": null,
                    "init_value": -133979.2200051393,
                    "min": -Infinity,
                    "max": Infinity,
                    "brute_step": null,
                    "stderr": 213.52832661980935,
                    "correl": null,
                    "value": 21849.285988293002
                },
                "Qc": {
                    "name": "Qc",
                    "user_data": null,
                    "init_value": 2653.05386148791,