{
    "a": {
        "__dtype__": "UFloat",
        "nominal_value": -28921346402.215992,
        "std_dev": 16822400676.948061
    },
    "b": {
        "__dtype__": "UFloat",
        "nominal_value": -1763811934.6098197,
        "std_dev": 1233111009.5574996
    },
    "c": {
        "__dtype__": "UFloat",
        "nominal_value": 4644709647.8171425,
        "std_dev": 42983072.70781737
    },
    "fit_success": true,
    "offset_0": {
        "__dtype__": "UFloat",
        "nominal_value": -0.030493254188101598,
        "std_dev": 0.027731991587834584
    },
    "freq_0": {
        "__dtype__": "UFloat",
        "nominal_value": 4671601830.648174,
        "std_dev": 59212314.83820361
    },
    "fit_msg": "Summary:\noffset_0: -30$\\pm$28 mV\nfreq_0: 4.672$\\pm$0.059 GHz\n",
    "fit_result": {
        "poly2": {
            "success": true,
            "message": "Fit succeeded.",
            "params": {
                "a": {
                    "name": "a",
                    "user_data": null,
                    "init_value": -28921346402.215992,
                    "min": -Infinity,
                    "max": Infinity,
                    "brute_step": null,
                    "stderr": 16822400676.948061,
                    "correl": {
                        "b": 0.8985003554723126,
                        "c": -0.6219198023340269
                    },
                    "value": -28921346402.215992
                },
                "b": {
                    "name": "b",
                    "user_data": null,
                    "init_value": -1763811934.6098197,
                    "min": -Infinity,
                    "max": Infinity,
                    "brute_step": null,
                    "stderr": 1233111009.5574996,
                    "correl": {
                        "a": 0.8985003554723126,
                        "c": -0.36762944876826975
                    },
                    "value": -1763811934.6098197
                },
                "c": {
                    "name": "c",
                    "user_data": null,
                    "init_value": 4644709647.8171425,
                    "min": -Infinity,
                    "max": Infinity,
                    "brute_step": null,
                    "stderr": 42983072.70781737,
                    "correl": {
                        "a": -0.6219198023340269,
                        "b": -0.36762944876826975
                    },
                    "value": 4644709647.8171425
                }
            }
        }
    }
}