{
    "fit_success": true,
    "Qi": {
        "__dtype__": "UFloat",
        "nominal_value": 198779.22507225737,
        "std_dev": 119758.73134614277
    },
    "Qe": {
        "__dtype__": "UFloat",
        "nominal_value": 2734.972627493005,
        "std_dev": 36.58315900483565
    },
    "Ql": {
        "__dtype__": "UFloat",
        "nominal_value": 3037.9698081173538,
        "std_dev": 50.287435072327426
    },
    "Qc": {
        "__dtype__": "UFloat",
        "nominal_value": 3085.1201165312764,
        "std_dev": 46.543023995334245
    },
    "fr": {
        "__dtype__": "UFloat",
        "nominal_value": 5836766681.3837185,
        "std_dev": 15904.352413406952
    },
    "fit_msg": "Summary\n$Q_I$: 2.0e+02$\\pm$1.2e+02 k\n$Q_C$: 3.085$\\pm$0.047 k\n$f_{res}$: 5.836767$\\pm$1.6e-05 GHz",
    "fit_result": {
        "hanger_func_complex_SI": {
            "success": true,
            "message": "Fit succeeded.",
            "params": {
                "fr": {
                    "name": "fr",
                    "user_data": null,
                    "init_value": 5837317839.19598,
                    "min": 5833750000.0,
                    "max": 5843750000.0,
                    "brute_step": null,
                    "stderr": 15904.352413406952,
                    "correl": {
                        "Ql": 0.0003041176827558163,
                        "Qe": 0.18593281280246068,
                        "A": 0.344264478577397,
                        "theta": -0.8434077865725103,
                        "phi_v": 0.14870783976728366,
                        "phi_0": -0.14900718367638663,
                        "alpha": 0.5520749688900606
                    },
                    "value": 5836766681.3837185
                },
                "Ql": {
                    "name": "Ql",
                    "user_data": null,
                    "init_value": 2630.033334858796,
                    "min": 58.373178391959804,
                    "max": 116162.62500117428,
                    "brute_step": null,
                    "stderr": 50.287435072327426,
                    "correl": {
                        "fr": 0.0003041176827558163,
                        "Qe": 0.8433466834913873,
                        "A": -0.5560177735289968,
                        "theta": 0.18523331170485735,
                        "phi_v": 0.5525038504292796,
                        "phi_0": -0.5525041151066895,
                        "alpha": -0.1503070185955213
                    },
                    "value": 3037.9698081173538
                },
                "Qe": {
                    "name": "Qe",
                    "user_data": null,
                    "init_value": 2577.9534668417905,
                    "min": 0,
                    "max": Infinity,
                    "brute_step": null,
                    "stderr": 36.58315900483565,
                    "correl": {
                        "fr": 0.18593281280246068,
                        "Ql": 0.8433466834913873,
                        "A": -0.3353046193253458,
                        "theta": -0.0004059495897218912,
                        "phi_v": 0.6917602800921314,
                        "phi_0": -0.6918231001243585,
                        "alpha": 0.07675228658616802
                    },
                    "value": 2734.972627493005
                },
                "A": {
                    "name": "A",
                    "user_data": null,
                    "init_value": 0.4594945821637107,
                    "min": 0,
                    "max": Infinity,
                    "brute_step": null,
                    "stderr": 0.003316531819091521,
                    "correl": {
                        "fr": 0.344264478577397,
                        "Ql": -0.5560177735289968,
                        "Qe": -0.3353046193253458,
                        "theta": -0.5246470883021304,
                        "phi_v": -0.24291509877394052,
                        "phi_0": 0.242812605505515,
                        "alpha": 0.6173563325049048
                    },
                    "value": 0.5572574773400423
                },
                "theta": {
                    "name": "theta",
                    "user_data": null,
                    "init_value": 0,
                    "min": -1.5707963267948966,
                    "max": 1.5707963267948966,
                    "brute_step": null,
                    "stderr": 0.013377145255902488,
                    "correl": {
                        "fr": -0.8434077865725103,
                        "Ql": 0.18523331170485735,
                        "Qe": -0.0004059495897218912,
                        "A": -0.5246470883021304,
                        "phi_v": 0.07876479454790943,
                        "phi_0": -0.07851378765389544,
                        "alpha": -0.6921353695885556
                    },
                    "value": 0.4810611152584743
                },
                "phi_v": {
                    "name": "phi_v",
                    "user_data": null,
                    "init_value": -1.4398260667938178e-07,
                    "min": -Infinity,
                    "max": Infinity,
                    "brute_step": null,
                    "stderr": 1.625878665423345e-09,
                    "correl": {
                        "fr": 0.14870783976728366,
                        "Ql": 0.5525038504292796,
                        "Qe": 0.6917602800921314,
                        "A": -0.24291509877394052,
                        "theta": 0.07876479454790943,
                        "phi_0": -0.999999875822301,
                        "alpha": -0.003517969944592239
                    },
                    "value": -6.331085493683249e-08
                },
                "phi_0": {
                    "name": "phi_0",
                    "user_data": null,
                    "init_value": 836.8615014815485,
                    "min": -Infinity,
                    "max": Infinity,
                    "brute_step": null,
                    "stderr": 9.493548253161956,
                    "correl": {
                        "fr": -0.14900718367638663,
                        "Ql": -0.5525041151066895,
                        "Qe": -0.6918231001243585,
                        "A": 0.242812605505515,
                        "theta": -0.07851378765389544,
                        "phi_v": -0.999999875822301,
                        "alpha": 0.003350878739691328
                    },
                    "value": 366.46317221430405
                },
                "alpha": {
                    "name": "alpha",
                    "user_data": null,
                    "init_value": 0,
                    "min": -1,
                    "max": 1,
                    "brute_step": null,
                    "stderr": 12.100727422001544,
                    "correl": {
                        "fr": 0.5520749688900606,
                        "Ql": -0.1503070185955213,
                        "Qe": 0.07675228658616802,
                        "A": 0.6173563325049048,
                        "theta": -0.6921353695885556,
                        "phi_v": -0.003517969944592239,
                        "phi_0": 0.003350878739691328
                    },
                    "value": 0.9999389764846232
                },
                "Qi": {
                    "name": "Qi",
                    "user_data": null,
                    "init_value": -130186.6500755114,
                    "min": -Infinity,
                    "max": Infinity,
                    "brute_step": null,
                    "stderr": 119758.73134614277,
                    "correl": null,
                    "value": 198779.22507225737
                },
                "Qc": {
                    "name": "Qc",
                    "user_data": null,
                    "init_value": 2577.9534668417905,