{
    "amplitude": {
        "__dtype__": "UFloat",
        "nominal_value": 319431.85011696303,
        "std_dev": 11685.54141211809
    },
    "frequency": {
        "__dtype__": "UFloat",
        "nominal_value": 8.594440103153785,
        "std_dev": 0.18692032062552016
    },
    "shift": {
        "__dtype__": "UFloat",
        "nominal_value": 1.9686282283616396,
        "std_dev": 0.03927076882184102
    },
    "offset": {
        "__dtype__": "UFloat",
        "nominal_value": 5835561379.310345,
        "std_dev": 37818.642264553215
    },
    "offset_0": {
        "__dtype__": "UFloat",
        "nominal_value": -0.04628944955015233,
        "std_dev": 0.004678915551147673
    },
    "freq_0": 5835880811.160461,
    "fit_success": true,
    "fit_msg": "Summary:\nf_0: 5.8359 GHz\noffset_0: -46.3$\\pm$4.7 mV\n",
    "fit_result": {
        "sin": {
            "success": true,
            "message": "Fit succeeded.",
            "params": {
                "amplitude": {
                    "name": "amplitude",
                    "user_data": null,
                    "init_value": 326145.1717325393,
                    "min": 0,
                    "max": Infinity,
                    "brute_step": null,
                    "stderr": 11685.54141211809,
                    "correl": {
                        "frequency": -0.11261594216476813,
                        "shift": 0.05591063145213139
                    },
                    "value": 319431.85011696303
                },
                "frequency": {
                    "name": "frequency",
                    "user_data": null,
                    "init_value": 7.6576320931251205,
                    "min": 0,
                    "max": Infinity,
                    "brute_step": null,
                    "stderr": 0.18692032062552016,
                    "correl": {
                        "amplitude": -0.11261594216476813,
                        "shift": 0.12476009592993387
                    },
                    "value": 8.594440103153785
                },
                "shift": {
                    "name": "shift",
                    "user_data": null,
                    "init_value": 1.7135959928671598,
                    "min": -6.283195307179586,
                    "max": 6.283195307179586,
                    "brute_step": null,
                    "stderr": 0.03927076882184102,
                    "correl": {
                        "amplitude": 0.05591063145213139,
                        "frequency": 0.12476009592993387
                    },
                    "value": 1.9686282283616396
                },
                "offset": {
                    "name": "offset",
                    "user_data": null,
                    "init_value": 5835561379.310345,
                    "min": -Infinity,
                    "max": Infinity,
                    "brute_step": null,
                    "stderr": 37818.642264553215,
                    "correl": null,
                    "value": 5835561379.310345
                }
            }
        }
    }
}