{
    "fit_success": true,
    "Qi": {
        "__dtype__": "UFloat",
        "nominal_value": 13516.416993243447,
        "std_dev": 353.59122153945884
    },
    "Qe": {
        "__dtype__": "UFloat",
        "nominal_value": 7966.321455006122,
        "std_dev": 98.10460579012985
    },
    "Ql": {
        "__dtype__": "UFloat",
        "nominal_value": 5887.256313109066,
        "std_dev": 89.79762523785732
    },
    "Qc": {
        "__dtype__": "UFloat",
        "nominal_value": 10430.323152229832,
        "std_dev": 168.18261239507862
    },
    "fr": {
        "__dtype__": "UFloat",
        "nominal_value": 5719827149.994161,
        "std_dev": 7409.694016866018
    },
    "fit_msg": "Summary\n$Q_I$: 13.52$\\pm$0.35 k\n$Q_C$: 10.43$\\pm$0.17 k\n$f_{res}$: 5.7198271$\\pm$7.4e-06 GHz",
    "fit_result": {
        "hanger_func_complex_SI": {
            "success": true,
            "message": "Fit succeeded.",
            "params": {
                "fr": {
                    "name": "fr",
                    "user_data": null,
                    "init_value": 5720118844.221106,
                    "min": 5716350000.0,
                    "max": 5726350000.0,
                    "brute_step": null,
                    "stderr": 7409.694016866018,
                    "correl": {
                        "Ql": 3.345439473868925e-05,
                        "Qe": 0.0803821400180221,
                        "A": 0.34819566545072184,
                        "theta": -0.8076103044189528,
                        "phi_v": -0.07367741129198285,
                        "phi_0": 0.07347184371486874,
                        "alpha": 0.413727803409977
                    },
                    "value": 5719827149.994161
                },
                "Ql": {
                    "name": "Ql",
                    "user_data": null,
                    "init_value": 2577.2287297152934,
                    "min": 57.20118844221106,
                    "max": 113830.36500115071,
                    "brute_step": null,
                    "stderr": 89.79762523785732,
                    "correl": {
                        "fr": 3.345439473868925e-05,
                        "Qe": 0.8075988550030755,
                        "A": -0.3147375388745504,
                        "theta": 0.08036260723302115,
                        "phi_v": 0.4134306973031226,
                        "phi_0": -0.41351802457094244,
                        "alpha": 0.071781958322306
                    },
                    "value": 5887.256313109066
                },
                "Qe": {
                    "name": "Qe",
                    "user_data": null,
                    "init_value": 2526.1944974437038,
                    "min": 0,
                    "max": Infinity,
                    "brute_step": null,
                    "stderr": 98.10460579012985,
                    "correl": {
                        "fr": 0.0803821400180221,
                        "Ql": 0.8075988550030755,
                        "A": -0.20983586383347297,
                        "theta": 1.4609469706676449e-05,
                        "phi_v": 0.5228096917680805,
                        "phi_0": -0.5229423486963346,
                        "alpha": 0.20921199785857925
                    },
                    "value": 7966.321455006122
                },
                "A": {
                    "name": "A",
                    "user_data": null,
                    "init_value": 0.0021964829445552075,
                    "min": 0,
                    "max": Infinity,
                    "brute_step": null,
                    "stderr": 5.751556267520428e-06,
                    "correl": {
                        "fr": 0.34819566545072184,
                        "Ql": -0.3147375388745504,
                        "Qe": -0.20983586383347297,
                        "theta": -0.47719025114123287,
                        "phi_v": -0.19240001079117422,
                        "phi_0": 0.1923424213989091,
                        "alpha": 0.48089133838722936
                    },
                    "value": 0.00236636083518027
                },
                "theta": {
                    "name": "theta",
                    "user_data": null,
                    "init_value": 0,
                    "min": -1.5707963267948966,
                    "max": 1.5707963267948966,
                    "brute_step": null,
                    "stderr": 0.012315511177642173,
                    "correl": {
                        "fr": -0.8076103044189528,
                        "Ql": 0.08036260723302115,
                        "Qe": 1.4609469706676449e-05,
                        "A": -0.47719025114123287,
                        "phi_v": 0.21157840825988075,
                        "phi_0": -0.21139387396289241,
                        "alpha": -0.5236938757746084
                    },
                    "value": 0.7016695847128971
                },
                "phi_v": {
                    "name": "phi_v",
                    "user_data": null,
                    "init_value": -8.965088240362495e-08,
                    "min": -Infinity,
                    "max": Infinity,
                    "brute_step": null,
                    "stderr": 7.397967843125817e-10,
                    "correl": {
                        "fr": -0.07367741129198285,
                        "Ql": 0.4134306973031226,
                        "Qe": 0.5228096917680805,
                        "A": -0.19240001079117422,
                        "theta": 0.21157840825988075,
                        "phi_0": -0.999999871780032,
                        "alpha": -0.004208736673035994
                    },
                    "value": -7.145379690038747e-08
                },
                "phi_0": {
                    "name": "phi_0",
                    "user_data": null,
                    "init_value": 510.24488991115646,
                    "min": -Infinity,
                    "max": Infinity,
                    "brute_step": null,
                    "stderr": 4.2326774726530045,
                    "correl": {
                        "fr": 0.07347184371486874,
                        "Ql": -0.41351802457094244,
                        "Qe": -0.5229423486963346,
                        "A": 0.1923424213989091,
                        "theta": -0.21139387396289241,
                        "phi_v": -0.999999871780032,
                        "alpha": 0.00408688081924418
                    },
                    "value": 406.30874083732886
                },
                "alpha": {
                    "name": "alpha",
                    "user_data": null,
                    "init_value": 0,
                    "min": -1,
                    "max": 1,
                    "brute_step": null,
                    "stderr": 4.403225898737085,
                    "correl": {
                        "fr": 0.413727803409977,
                        "Ql": 0.071781958322306,
                        "Qe": 0.20921199785857925,
                        "A": 0.48089133838722936,
                        "theta": -0.5236938757746084,
                        "phi_v": -0.004208736673035994,
                        "phi_0": 0.00408688081924418
                    },
                    "value": -0.9999463499185927
                },
                "Qi": {
                    "name": "Qi",
                    "user_data": null,
                    "init_value": -127572.82212090786,
                    "min": -Infinity,
                    "max": Infinity,
                    "brute_step": null,
                    "stderr": 353.59122153945884,
                    "correl": null,
                    "value": 13516.416993243447
                },
                "Qc": {
                    "name": "Qc",
                    "user_data": null,
                    "init_value": 2526.1944974437038,