{
    "fit_success": true,
    "frequency_01": {
        "__dtype__": "UFloat",
        "nominal_value": 3844360354.1216464,
        "std_dev": 514871.5511189496
    },
    "fit_msg": "Summary\nFrequency 0-1: 3.84436$\\pm$0.00051 GHz\nPeak width: 38.4$\\pm$4.0 MHz\n",
    "fit_result": {
        "Lorentzian_peak": {
            "success": true,
            "message": "Fit succeeded.",
            "params": {
                "x0": {
                    "name": "x0",
                    "user_data": null,
                    "init_value": 3847057066.735389,
                    "min": -Infinity,
                    "max": Infinity,
                    "brute_step": null,
                    "stderr": 514871.5511189496,
                    "correl": {
                        "width": -0.04257583133446315,
                        "a": -0.05023503135746995,
                        "c": 0.05551939030770482
                    },
                    "value": 3844360354.1216464
                },
                "width": {
                    "name": "width",
                    "user_data": null,
                    "init_value": 8040302.522073026,
                    "min": -Infinity,
                    "max": Infinity,
                    "brute_step": null,
                    "stderr": 3984212.8239793787,
                    "correl": {
                        "x0": -0.04257583133446315,
                        "a": 0.9642346996889335,
                        "c": -0.9247901712968496
                    },
                    "value": 38387255.673371844
                },
                "a": {
                    "name": "a",
                    "user_data": null,
                    "init_value": 9387.929063745158,
                    "min": -Infinity,
                    "max": Infinity,
                    "brute_step": null,
                    "stderr": 4038.591515390338,
                    "correl": {
                        "x0": -0.05023503135746995,
                        "width": 0.9642346996889335,
                        "c": -0.9837702037613553
                    },
                    "value": 25998.507980040526
                },
                "c": {
                    "name": "c",
                    "user_data": null,
                    "init_value": 0.0009729829359969522,
                    "min": -Infinity,
                    "max": Infinity,
                    "brute_step": null,
                    "stderr": 4.638705740225479e-05,
                    "correl": {
                        "x0": 0.05551939030770482,
                        "width": -0.9247901712968496,
                        "a": -0.9837702037613553
                    },
                    "value": 0.0005818278024620192
                }
            }
        }
    }
}