{
    "fit_success": true,
    "Qi": {
        "__dtype__": "UFloat",
        "nominal_value": 899.2673711350111,
        "std_dev": 178.7805652283033
    },
    "Qe": {
        "__dtype__": "UFloat",
        "nominal_value": 10913.98038406639,
        "std_dev": 4210.290986739551
    },
    "Ql": {
        "__dtype__": "UFloat",
        "nominal_value": 858.1375878272506,
        "std_dev": 186.30671954545073
    },
    "Qc": {
        "__dtype__": "UFloat",
        "nominal_value": 18762.441000556973,
        "std_dev": 12426.612952591226
    },
    "fr": {
        "__dtype__": "UFloat",
        "nominal_value": 5995075699.982009,
        "std_dev": 757861.8628021331
    },
    "fit_msg": "Summary\n$Q_I$: 9.0e+02$\\pm$1.8e+02 \n$Q_C$: 19$\\pm$12 k\n$f_{res}$: 5.99508$\\pm$0.00076 GHz",
    "fit_result": {
        "hanger_func_complex_SI": {
            "success": true,
            "message": "Fit succeeded.",
            "params": {
                "fr": {
                    "name": "fr",
                    "user_data": null,
                    "init_value": 5996155778.894472,
                    "min": 5995000000.0,
                    "max": 6005000000.0,
                    "brute_step": null,
                    "stderr": 757861.8628021331,
                    "correl": {
                        "Ql": 0.0016010430576695197,
                        "Qe": 0.533104640974113,
                        "A": -0.15280289292774035,
                        "theta": -0.8323644783163404,
                        "phi_v": 0.81701401440557,
                        "phi_0": -0.8176060403933098,
                        "alpha": 0.3198530536883276
                    },
                    "value": 5995075699.982009
                },
                "Ql": {
                    "name": "Ql",
                    "user_data": null,
                    "init_value": 2701.59857899237,
                    "min": 59.961557788944724,
                    "max": 119323.50000120624,
                    "brute_step": null,
                    "stderr": 186.30671954545073,
                    "correl": {
                        "fr": 0.0016010430576695197,
                        "Qe": 0.8327608296908628,
                        "A": -0.9463056260462106,
                        "theta": 0.53103484427139,
                        "phi_v": 0.38857183092035613,
                        "phi_0": -0.3875908852727163,
                        "alpha": -0.8450353650664215
                    },
                    "value": 858.1375878272506
                },
                "Qe": {
                    "name": "Qe",
                    "user_data": null,
                    "init_value": 2648.1015774281645,
                    "min": 0,
                    "max": Infinity,
                    "brute_step": null,
                    "stderr": 4210.290986739551,
                    "correl": {
                        "fr": 0.533104640974113,
                        "Ql": 0.8327608296908628,
                        "A": -0.9035088115814051,
                        "theta": -0.0008599147233802017,
                        "phi_v": 0.8092614731628314,
                        "phi_0": -0.80871806924849,
                        "alpha": -0.5650286823041981
                    },
                    "value": 10913.98038406639
                },
                "A": {
                    "name": "A",
                    "user_data": null,
                    "init_value": 0.010908335183015476,
                    "min": 0,
                    "max": Infinity,
                    "brute_step": null,
                    "stderr": 0.00020157417424997216,
                    "correl": {
                        "fr": -0.15280289292774035,
                        "Ql": -0.9463056260462106,
                        "Qe": -0.9035088115814051,
                        "theta": -0.39995131598877515,
                        "phi_v": -0.540007203602126,
                        "phi_0": 0.5390828459692396,
                        "alpha": 0.8607923829584615
                    },
                    "value": 0.01142238631971182
                },
                "theta": {
                    "name": "theta",
                    "user_data": null,
                    "init_value": 0,
                    "min": -1.5707963267948966,
                    "max": 1.5707963267948966,
                    "brute_step": null,
                    "stderr": 0.3852404809133658,
                    "correl": {
                        "fr": -0.8323644783163404,
                        "Ql": 0.53103484427139,
                        "Qe": -0.0008599147233802017,
                        "A": -0.39995131598877515,
                        "phi_v": -0.5019678434998042,
                        "phi_0": 0.5030068808615252,
                        "alpha": -0.76554006180053
                    },
                    "value": 0.9499878297785602
                },
                "phi_v": {
                    "name": "phi_v",
                    "user_data": null,
                    "init_value": -1.3283208033455884e-06,
                    "min": -Infinity,
                    "max": Infinity,
                    "brute_step": null,
                    "stderr": 1.2997041427660045e-09,
                    "correl": {
                        "fr": 0.81701401440557,
                        "Ql": 0.38857183092035613,
                        "Qe": 0.8092614731628314,
                        "A": -0.540007203602126,
                        "theta": -0.5019678434998042,
                        "phi_0": -0.9999992673834689,
                        "alpha": -0.08077761786291124
                    },
                    "value": -1.3290143612554565e-06
                },
                "phi_0": {
                    "name": "phi_0",
                    "user_data": null,
                    "init_value": 7962.797774896093,
                    "min": -Infinity,
                    "max": Infinity,
                    "brute_step": null,
                    "stderr": 7.8067264659362,
                    "correl": {
                        "fr": -0.8176060403933098,
                        "Ql": -0.3875908852727163,
                        "Qe": -0.80871806924849,
                        "A": 0.5390828459692396,
                        "theta": 0.5030068808615252,
                        "phi_v": -0.9999992673834689,
                        "alpha": 0.07964899023985147
                    },
                    "value": 7967.032880013127
                },
                "alpha": {
                    "name": "alpha",
                    "user_data": null,
                    "init_value": 0,
                    "min": -1,
                    "max": 1,
                    "brute_step": null,
                    "stderr": 7.807098973345889,
                    "correl": {
                        "fr": 0.3198530536883276,
                        "Ql": -0.8450353650664215,
                        "Qe": -0.5650286823041981,
                        "A": 0.8607923829584615,
                        "theta": -0.76554006180053,
                        "phi_v": -0.08077761786291124,
                        "phi_0": 0.07964899023985147
                    },
                    "value": -0.9882499438866311
                },
                "Qi": {
                    "name": "Qi",
                    "user_data": null,
                    "init_value": -133729.12966012172,
                    "min": -Infinity,
                    "max": Infinity,
                    "brute_step": null,
                    "stderr": 178.7805652283033,
                    "correl": null,
                    "value": 899.2673711350111
                },
                "Qc": {
                    "name": "Qc",
                    "user_data": null,
                    "init_value": 2648.1015774281645,
                    "min": -Infinity,