{
    "a": {
        "__dtype__": "UFloat",
        "nominal_value": 120335438426.31958,
        "std_dev": 56786085368.70695
    },
    "b": {
        "__dtype__": "UFloat",
        "nominal_value": 49490218632.93566,
        "std_dev": 22902923333.8285
    },
    "c": {
        "__dtype__": "UFloat",
        "nominal_value": 7365431472.521812,
        "std_dev": 2276989701.017865
    },
    "fit_success": true,
    "offset_0": {
        "__dtype__": "UFloat",
        "nominal_value": -0.20563443022330502,
        "std_dev": 0.1359133628241182
    },
    "freq_0": {
        "__dtype__": "UFloat",
        "nominal_value": 2276985017.4165535,
        "std_dev": 5755970300.270606
    },
    "fit_msg": "Summary:\noffset_0: -2.1e+02$\\pm$1.4e+02 mV\nfreq_0: 2.3$\\pm$5.8 GHz\n",
    "fit_result": {
        "poly2": {
            "success": true,
            "message": "Fit succeeded.",
            "params": {
                "a": {
                    "name": "a",
                    "user_data": null,
                    "init_value": 120335438426.31958,
                    "min": -Infinity,
                    "max": Infinity,
                    "brute_step": null,
                    "stderr": 56786085368.70695,
                    "correl": {
                        "b": 0.9988555074027667,
                        "c": 0.9952684517766583
                    },
                    "value": 120335438426.31958
                },
                "b": {
                    "name": "b",
                    "user_data": null,
                    "init_value": 49490218632.93566,
                    "min": -Infinity,
                    "max": Infinity,
                    "brute_step": null,
                    "stderr": 22902923333.8285,
                    "correl": {
                        "a": 0.9988555074027667,
                        "c": 0.998738658214068
                    },
                    "value": 49490218632.93566
                },
                "c": {
                    "name": "c",
                    "user_data": null,
                    "init_value": 7365431472.521812,
                    "min": -Infinity,
                    "max": Infinity,
                    "brute_step": null,
                    "stderr": 2276989701.017865,
                    "correl": {
                        "a": 0.9952684517766583,
                        "b": 0.998738658214068
                    },
                    "value": 7365431472.521812
                }
            }
        }
    }
}