{
    "fit_success": true,
    "Qi": {
        "__dtype__": "UFloat",
        "nominal_value": 22535.558364291384,
        "std_dev": 725.4847641613733
    },
    "Qe": {
        "__dtype__": "UFloat",
        "nominal_value": 2401.0237382024584,
        "std_dev": 12.014917367769014
    },
    "Ql": {
        "__dtype__": "UFloat",
        "nominal_value": 2826.2292579697596,
        "std_dev": 16.634886070608594
    },
    "Qc": {
        "__dtype__": "UFloat",
        "nominal_value": 3231.4978379156055,
        "std_dev": 21.75904276041136
    },
    "fr": {
        "__dtype__": "UFloat",
        "nominal_value": 5837633554.220432,
        "std_dev": 6078.642658777247
    },
    "fit_msg": "Summary\n$Q_I$: 22.54$\\pm$0.73 k\n$Q_C$: 3.231$\\pm$0.022 k\n$f_{res}$: 5.8376336$\\pm$6.1e-06 GHz",
    "fit_result": {
        "hanger_func_complex_SI": {
            "success": true,
            "message": "Fit succeeded.",
            "params": {
                "fr": {
                    "name": "fr",
                    "user_data": null,
                    "init_value": 5838523869.346734,
                    "min": 5833750000.0,
                    "max": 5843750000.0,
                    "brute_step": null,
                    "stderr": 6078.642658777247,
                    "correl": {
                        "Ql": 0.0003593036082731984,
                        "Qe": 0.2095429126112015,
                        "A": 0.4034499640207903,
                        "theta": -0.8410055950860136,
                        "phi_v": -0.1831480946726544,
                        "phi_0": 0.1828588706439979,
                        "alpha": 0.5470018052637812
                    },
                    "value": 5837633554.220432
                },
                "Ql": {
                    "name": "Ql",
                    "user_data": null,
                    "init_value": 2630.5767178964697,
                    "min": 58.38523869346734,
                    "max": 116186.62500117453,
                    "brute_step": null,
                    "stderr": 16.634886070608594,
                    "correl": {
                        "fr": 0.0003593036082731984,
                        "Qe": 0.8410463416114384,
                        "A": -0.4964470793605652,
                        "theta": 0.208911361365957,
                        "phi_v": 0.5462300477429796,
                        "phi_0": -0.5463735240533849,
                        "alpha": 0.1814218755839774
                    },
                    "value": 2826.2292579697596
                },
                "Qe": {
                    "name": "Qe",
                    "user_data": null,
                    "init_value": 2578.486089819312,
                    "min": 0,
                    "max": Infinity,
                    "brute_step": null,
                    "stderr": 12.014917367769014,
                    "correl": {
                        "fr": 0.2095429126112015,
                        "Ql": 0.8410463416114384,
                        "A": -0.2500215836090228,
                        "theta": -0.00026987019556367427,
                        "phi_v": 0.5742417457045191,
                        "phi_0": -0.5744741116330636,
                        "alpha": 0.407915211530574
                    },
                    "value": 2401.0237382024584
                },
                "A": {
                    "name": "A",
                    "user_data": null,
                    "init_value": 0.0034030464539624833,
                    "min": 0,
                    "max": Infinity,
                    "brute_step": null,
                    "stderr": 7.78970438333278e-06,
                    "correl": {
                        "fr": 0.4034499640207903,
                        "Ql": -0.4964470793605652,
                        "Qe": -0.2500215836090228,
                        "theta": -0.5753545360870603,
                        "phi_v": -0.3559352899638498,
                        "phi_0": 0.3558874531037378,
                        "alpha": 0.24520947983390026
                    },
                    "value": 0.004015523499699025
                },
                "theta": {
                    "name": "theta",
                    "user_data": null,
                    "init_value": 0,
                    "min": -1.5707963267948966,
                    "max": 1.5707963267948966,
                    "brute_step": null,
                    "stderr": 0.005003115268828195,
                    "correl": {
                        "fr": -0.8410055950860136,
                        "Ql": 0.208911361365957,
                        "Qe": -0.00026987019556367427,
                        "A": -0.5753545360870603,
                        "phi_v": 0.40988889389581673,
                        "phi_0": -0.40969887734801197,
                        "alpha": -0.5758629444211452
                    },
                    "value": 0.7332450603227492
                },
                "phi_v": {
                    "name": "phi_v",
                    "user_data": null,
                    "init_value": -2.6506336411583175e-07,
                    "min": -Infinity,
                    "max": Infinity,
                    "brute_step": null,
                    "stderr": 6.379956375712755e-10,
                    "correl": {
                        "fr": -0.1831480946726544,
                        "Ql": 0.5462300477429796,
                        "Qe": 0.5742417457045191,
                        "A": -0.3559352899638498,
                        "theta": 0.40988889389581673,
                        "phi_0": -0.9999998698322009,
                        "alpha": -0.003894426918600657
                    },
                    "value": -6.998944881284965e-08
                },
                "phi_0": {
                    "name": "phi_0",
                    "user_data": null,
                    "init_value": 1543.5716738113251,
                    "min": -Infinity,
                    "max": Infinity,
                    "brute_step": null,
                    "stderr": 3.724860433037059,
                    "correl": {
                        "fr": 0.1828588706439979,
                        "Ql": -0.5463735240533849,
                        "Qe": -0.5744741116330636,
                        "A": 0.3558874531037378,
                        "theta": -0.40969887734801197,
                        "phi_v": -0.9999998698322009,
                        "alpha": 0.0036953150988935047
                    },
                    "value": 405.77735898962857
                },
                "alpha": {
                    "name": "alpha",
                    "user_data": null,
                    "init_value": 0,
                    "min": -1,
                    "max": 1,
                    "brute_step": null,
                    "stderr": 3.5785756104869817,
                    "correl": {
                        "fr": 0.5470018052637812,
                        "Ql": 0.1814218755839774,
                        "Qe": 0.407915211530574,
                        "A": 0.24520947983390026,
                        "theta": -0.5758629444211452,
                        "phi_v": -0.003894426918600657,
                        "phi_0": 0.0036953150988935047
                    },
                    "value": 0.9999337586185613
                },
                "Qi": {
                    "name": "Qi",
                    "user_data": null,
                    "init_value": -130213.54753587575,
                    "min": -Infinity,
                    "max": Infinity,
                    "brute_step": null,
                    "stderr": 725.4847641613733,
                    "correl": null,
                    "value": 22535.558364291384
                },
                "Qc": {
                    "name": "Qc",
                    "user_data": null,
                    "init_value": 2578.486089819312,