{
    "T2*": {
        "__dtype__": "UFloat",
        "nominal_value": 4.032912957363521e-06,
        "std_dev": 2.692009926290495e-07
    },
    "fitted_detuning": {
        "__dtype__": "UFloat",
        "nominal_value": 339559.32845657243,
        "std_dev": 2795.42605216667
    },
    "detuning": {
        "__dtype__": "UFloat",
        "nominal_value": -2260440.6715434277,
        "std_dev": 2795.42605216667
    },
    "fit_success": true,
    "fit_msg": "Summary\n$T_2^*$: 4.03$\\pm$0.27 \u03bcs\n\nartificial detuning: 2.6 MHz\nfitted detuning: 339.6$\\pm$2.8 kHz\nactual detuning: -2.2604$\\pm$0.0028 MHz\n",
    "fit_result": {
        "Ramsey_decay": {
            "success": true,
            "message": "Fit succeeded.",
            "params": {
                "tau": {
                    "name": "tau",
                    "user_data": null,
                    "init_value": 5.3599999999999995e-06,
                    "min": 0,
                    "max": Infinity,
                    "brute_step": null,
                    "stderr": 2.692009926290495e-07,
                    "correl": {
                        "frequency": 0.14446500061416306,
                        "phase": -0.16984157776044617,
                        "amplitude": -0.7320592209468102,
                        "offset": 0.10020890890272466
                    },
                    "value": 4.032912957363521e-06
                },
                "n_factor": {
                    "name": "n_factor",
                    "user_data": null,
                    "init_value": 1,
                    "min": -Infinity,
                    "max": Infinity,
                    "brute_step": null,
                    "stderr": 0.0,
                    "correl": null,
                    "value": 1
                },
                "frequency": {
                    "name": "frequency",
                    "user_data": null,
                    "init_value": 367647.05882352946,
                    "min": 0,
                    "max": Infinity,
                    "brute_step": null,
                    "stderr": 2795.42605216667,
                    "correl": {
                        "tau": 0.14446500061416306,
                        "phase": -0.771804423561516,
                        "amplitude": -0.19552986973561062,
                        "offset": -0.17554334136728122
                    },
                    "value": 339559.32845657243
                },
                "phase": {
                    "name": "phase",
                    "user_data": null,
                    "init_value": 6.190785523250475,
                    "min": -Infinity,
                    "max": Infinity,
                    "brute_step": null,
                    "stderr": 0.04538564477894381,
                    "correl": {
                        "tau": -0.16984157776044617,
                        "frequency": -0.771804423561516,
                        "amplitude": 0.2452293213160294,
                        "offset": 0.23048556300424536
                    },
                    "value": 6.35418203226235
                },
                "amplitude": {
                    "name": "amplitude",
                    "user_data": null,
                    "init_value": 0.00028135502630099605,
                    "min": 0,
                    "max": Infinity,
                    "brute_step": null,
                    "stderr": 1.3584079632400443e-05,
                    "correl": {
                        "tau": -0.7320592209468102,
                        "frequency": -0.19552986973561062,
                        "phase": 0.2452293213160294,
                        "offset": -0.04215790545104647
                    },
                    "value": 0.00032895716363556815
                },
                "offset": {
                    "name": "offset",
                    "user_data": null,
                    "init_value": 0.0012650024644031976,
                    "min": -Infinity,
                    "max": Infinity,
                    "brute_step": null,
                    "stderr": 3.353877473571668e-06,
                    "correl": {
                        "tau": 0.10020890890272466,
                        "frequency": -0.17554334136728122,
                        "phase": 0.23048556300424536,
                        "amplitude": -0.04215790545104647
                    },
                    "value": 0.0012650720420878305
                }
            }
        }
    }
}