{
    "fit_success": true,
    "Qi": {
        "__dtype__": "UFloat",
        "nominal_value": 124.68727623309235,
        "std_dev": 150318.66242388205
    },
    "Qe": {
        "__dtype__": "UFloat",
        "nominal_value": 940087.140448811,
        "std_dev": 3304002378.9313927
    },
    "Ql": {
        "__dtype__": "UFloat",
        "nominal_value": 124.67717139608767,
        "std_dev": 150335.61314206105
    },
    "Qc": {
        "__dtype__": "UFloat",
        "nominal_value": 1538437.1764363828,
        "std_dev": 8805592529.523096
    },
    "fr": {
        "__dtype__": "UFloat",
        "nominal_value": 5896451176.699279,
        "std_dev": 28471254304.81014
    },
    "fit_msg": "Summary\n$Q_I$: 1.2e+02$\\pm$1.5e+05 \n$Q_C$: 1.5$\\pm$8.8e+03 M\n$f_{res}$: 6$\\pm$28 GHz",
    "fit_result": {
        "hanger_func_complex_SI": {
            "success": true,
            "message": "Fit succeeded.",
            "params": {
                "fr": {
                    "name": "fr",
                    "user_data": null,
                    "init_value": 5897060301.507538,
                    "min": 5895000000.0,
                    "max": 5905000000.0,
                    "brute_step": null,
                    "stderr": 28471254304.81014,
                    "correl": {
                        "Ql": 0.007338224809642619,
                        "Qe": 0.14678363872810074,
                        "A": 0.9988045810592027,
                        "theta": -0.9892100477241511,
                        "phi_v": -0.4527971858266129,
                        "phi_0": 0.44566042745102763,
                        "alpha": -0.9145000628459847
                    },
                    "value": 5896451176.699279
                },
                "Ql": {
                    "name": "Ql",
                    "user_data": null,
                    "init_value": 2656.9506060635426,
                    "min": 58.97060301507538,
                    "max": 117351.5000011863,
                    "brute_step": null,
                    "stderr": 150335.61314206105,
                    "correl": {
                        "fr": 0.007338224809642619,
                        "Qe": 0.989583404863125,
                        "A": -0.041438255263106585,
                        "theta": 0.1348790879745752,
                        "phi_v": 0.881999523537227,
                        "phi_0": -0.8856738615931252,
                        "alpha": -0.39728211003775726
                    },
                    "value": 124.67717139608767
                },
                "Qe": {
                    "name": "Qe",
                    "user_data": null,
                    "init_value": 2604.3377227751557,
                    "min": 0,
                    "max": Infinity,
                    "brute_step": null,
                    "stderr": 3304002378.9313927,
                    "correl": {
                        "fr": 0.14678363872810074,
                        "Ql": 0.989583404863125,
                        "A": 0.09832280304757686,
                        "theta": -0.0046906495898220105,
                        "phi_v": 0.8117535874213151,
                        "phi_0": -0.8163884622289413,
                        "alpha": -0.522277745847299
                    },
                    "value": 940087.140448811
                },
                "A": {
                    "name": "A",
                    "user_data": null,
                    "init_value": 0.010216973509529033,
                    "min": 0,
                    "max": Infinity,
                    "brute_step": null,
                    "stderr": 0.05086176055985874,
                    "correl": {
                        "fr": 0.9988045810592027,
                        "Ql": -0.041438255263106585,
                        "Qe": 0.09832280304757686,
                        "theta": -0.9950495525565773,
                        "phi_v": -0.4957703360892762,
                        "phi_0": 0.4888181841890445,
                        "alpha": -0.894469618199026
                    },
                    "value": 0.010210078336814199
                },
                "theta": {
                    "name": "theta",
                    "user_data": null,
                    "init_value": 0,
                    "min": -1.5707963267948966,
                    "max": 1.5707963267948966,
                    "brute_step": null,
                    "stderr": 3500.158831942753,
                    "correl": {
                        "fr": -0.9892100477241511,
                        "Ql": 0.1348790879745752,
                        "Qe": -0.0046906495898220105,
                        "A": -0.9950495525565773,
                        "phi_v": 0.5759196033831362,
                        "phi_0": -0.5693610184578918,
                        "alpha": 0.852294775497756
                    },
                    "value": 0.9133893590119944
                },
                "phi_v": {
                    "name": "phi_v",
                    "user_data": null,
                    "init_value": -1.306611046483472e-06,
                    "min": -Infinity,
                    "max": Infinity,
                    "brute_step": null,
                    "stderr": 6.360311277500619e-09,
                    "correl": {
                        "fr": -0.4527971858266129,
                        "Ql": 0.881999523537227,
                        "Qe": 0.8117535874213151,
                        "A": -0.4957703360892762,
                        "theta": 0.5759196033831362,
                        "phi_0": -0.9999678810947988,
                        "alpha": 0.06909881227689273
                    },
                    "value": -1.3098349028539817e-06
                },
                "phi_0": {
                    "name": "phi_0",
                    "user_data": null,
                    "init_value": 7700.208762505345,
                    "min": -Infinity,
                    "max": Infinity,
                    "brute_step": null,
                    "stderr": 37.57329856490708,
                    "correl": {
                        "fr": 0.44566042745102763,
                        "Ql": -0.8856738615931252,
                        "Qe": -0.8163884622289413,
                        "A": 0.4888181841890445,
                        "theta": -0.5693610184578918,
                        "phi_v": -0.9999678810947988,
                        "alpha": -0.06111258078479785
                    },
                    "value": 7719.2122485084665
                },
                "alpha": {
                    "name": "alpha",
                    "user_data": null,
                    "init_value": 0,
                    "min": -1,
                    "max": 1,
                    "brute_step": null,
                    "stderr": 37.67691326940558,
                    "correl": {
                        "fr": -0.9145000628459847,
                        "Ql": -0.39728211003775726,
                        "Qe": -0.522277745847299,
                        "A": -0.894469618199026,
                        "theta": 0.852294775497756,
                        "phi_v": 0.06909881227689273,
                        "phi_0": -0.06111258078479785
                    },
                    "value": 0.9917953481927753
                },
                "Qi": {
                    "name": "Qi",
                    "user_data": null,
                    "init_value": -131519.05500014636,
                    "min": -Infinity,
                    "max": Infinity,
                    "brute_step": null,
                    "stderr": 150318.66242388205,
                    "correl": null,
                    "value": 124.68727623309235
                },
                "Qc": {
                    "name": "Qc",
                    "user_data": null,
                    "init_value": 2604.3377227751557,
                    "min": -Infinity,