{
    "fit_success": true,
    "frequency_01": {
        "__dtype__": "UFloat",
        "nominal_value": 4028673087.8248596,
        "std_dev": 1185219.7733485766
    },
    "fit_msg": "Summary\nFrequency 0-1: 4.0287$\\pm$0.0012 GHz\nPeak width: 14.8$\\pm$3.2 MHz\n",
    "fit_result": {
        "Lorentzian_peak": {
            "success": true,
            "message": "Fit succeeded.",
            "params": {
                "x0": {
                    "name": "x0",
                    "user_data": null,
                    "init_value": 4029145728.643216,
                    "min": -Infinity,
                    "max": Infinity,
                    "brute_step": null,
                    "stderr": 1185219.7733485766,
                    "correl": {
                        "width": -0.003460989306653647,
                        "a": -0.001435486836964837,
                        "c": 0.0007974259915366968
                    },
                    "value": 4028673087.8248596
                },
                "width": {
                    "name": "width",
                    "user_data": null,
                    "init_value": 28355248.200331375,
                    "min": -Infinity,
                    "max": Infinity,
                    "brute_step": null,
                    "stderr": 3178584.5363443927,
                    "correl": {
                        "x0": -0.003460989306653647,
                        "a": 0.7503907436498369,
                        "c": -0.355141939236241
                    },
                    "value": 14832771.753087938
                },
                "a": {
                    "name": "a",
                    "user_data": null,
                    "init_value": 22708.26212231627,
                    "min": -Infinity,
                    "max": Infinity,
                    "brute_step": null,
                    "stderr": 576.140065639421,
                    "correl": {
                        "x0": -0.001435486836964837,
                        "width": 0.7503907436498369,
                        "c": -0.4839216107489992
                    },
                    "value": 3559.386283047559
                },
                "c": {
                    "name": "c",
                    "user_data": null,
                    "init_value": 0.0005168443741624347,
                    "min": -Infinity,
                    "max": Infinity,
                    "brute_step": null,
                    "stderr": 4.966447271701163e-06,
                    "correl": {
                        "x0": 0.0007974259915366968,
                        "width": -0.355141939236241,
                        "a": -0.4839216107489992
                    },
                    "value": 0.0005015754227642835
                }
            }
        }
    }
}