{
    "fit_success": true,
    "Qi": {
        "__dtype__": "UFloat",
        "nominal_value": 23384.207513383943,
        "std_dev": 263.8776961076872
    },
    "Qe": {
        "__dtype__": "UFloat",
        "nominal_value": 3145.638700066647,
        "std_dev": 7.193818596755403
    },
    "Ql": {
        "__dtype__": "UFloat",
        "nominal_value": 2816.731658965545,
        "std_dev": 7.757565085549257
    },
    "Qc": {
        "__dtype__": "UFloat",
        "nominal_value": 3202.4852290573454,
        "std_dev": 7.45610676800679
    },
    "fr": {
        "__dtype__": "UFloat",
        "nominal_value": 6007189903.608514,
        "std_dev": 2936.578854096816
    },
    "fit_msg": "Summary\n$Q_I$: 23.38$\\pm$0.26 k\n$Q_C$: 3.2025$\\pm$0.0075 k\n$f_{res}$: 6.0071899$\\pm$2.9e-06 GHz",
    "fit_result": {
        "hanger_func_complex_SI": {
            "success": true,
            "message": "Fit succeeded.",
            "params": {
                "fr": {
                    "name": "fr",
                    "user_data": null,
                    "init_value": 6007369346.733668,
                    "min": 6003500000.0,
                    "max": 6013500000.0,
                    "brute_step": null,
                    "stderr": 2936.578854096816,
                    "correl": {
                        "Ql": 7.62030493741033e-05,
                        "Qe": 0.08397352663338847,
                        "A": 0.20030168868499315,
                        "theta": -0.8802998227899714,
                        "phi_v": 0.16998165848543148,
                        "phi_0": -0.17029819055153245,
                        "alpha": -0.5597236132786915
                    },
                    "value": 6007189903.608514
                },
                "Ql": {
                    "name": "Ql",
                    "user_data": null,
                    "init_value": 2706.650909194737,
                    "min": 60.07369346733668,
                    "max": 119546.65000120849,
                    "brute_step": null,
                    "stderr": 7.757565085549257,
                    "correl": {
                        "fr": 7.62030493741033e-05,
                        "Qe": 0.8803184291128475,
                        "A": -0.6324337156335184,
                        "theta": 0.08386662249382469,
                        "phi_v": 0.5605818234174851,
                        "phi_0": -0.560538642208533,
                        "alpha": 0.17257449826365953
                    },
                    "value": 2816.731658965545
                },
                "Qe": {
                    "name": "Qe",
                    "user_data": null,
                    "init_value": 2653.05386148791,
                    "min": 0,
                    "max": Infinity,
                    "brute_step": null,
                    "stderr": 7.193818596755403,
                    "correl": {
                        "fr": 0.08397352663338847,
                        "Ql": 0.8803184291128475,
                        "A": -0.5537405981614603,
                        "theta": -2.6829762993020815e-05,
                        "phi_v": 0.6990937916393197,
                        "phi_0": -0.6990745453956946,
                        "alpha": 0.0802201657838906
                    },
                    "value": 3145.638700066647
                },
                "A": {
                    "name": "A",
                    "user_data": null,
                    "init_value": 0.08615331472981136,
                    "min": 0,
                    "max": Infinity,
                    "brute_step": null,
                    "stderr": 8.284872170148594e-05,
                    "correl": {
                        "fr": 0.20030168868499315,
                        "Ql": -0.6324337156335184,
                        "Qe": -0.5537405981614603,
                        "theta": -0.30898306539321474,
                        "phi_v": -0.3322853471716204,
                        "phi_0": 0.3321888515135297,
                        "alpha": -0.49118812847254834
                    },
                    "value": 0.1061869584442483
                },
                "theta": {
                    "name": "theta",
                    "user_data": null,
                    "init_value": 0,
                    "min": -1.5707963267948966,
                    "max": 1.5707963267948966,
                    "brute_step": null,
                    "stderr": 0.0022866475020313854,
                    "correl": {
                        "fr": -0.8802998227899714,
                        "Ql": 0.08386662249382469,
                        "Qe": -2.6829762993020815e-05,
                        "A": -0.30898306539321474,
                        "phi_v": -0.07701492672747136,
                        "phi_0": 0.0773142348809717,
                        "alpha": 0.6986556830445135
                    },
                    "value": 0.18869827427794728
                },
                "phi_v": {
                    "name": "phi_v",
                    "user_data": null,
                    "init_value": -1.805056010324842e-07,
                    "min": -Infinity,
                    "max": Infinity,
                    "brute_step": null,
                    "stderr": 2.2973867947013753e-10,
                    "correl": {
                        "fr": 0.16998165848543148,
                        "Ql": 0.5605818234174851,
                        "Qe": 0.6990937916393197,
                        "A": -0.3322853471716204,
                        "theta": -0.07701492672747136,
                        "phi_0": -0.999999876464146,
                        "alpha": 0.004407934706992003
                    },
                    "value": -7.025266023547153e-08
                },
                "phi_0": {
                    "name": "phi_0",
                    "user_data": null,
                    "init_value": 1081.3288918728756,
                    "min": -Infinity,
                    "max": Infinity,
                    "brute_step": null,
                    "stderr": 1.3804665103218792,
                    "correl": {
                        "fr": -0.17029819055153245,
                        "Ql": -0.560538642208533,
                        "Qe": -0.6990745453956946,
                        "A": 0.3321888515135297,
                        "theta": 0.0773142348809717,
                        "phi_v": -0.999999876464146,
                        "alpha": -0.004209141377399279
                    },
                    "value": 419.6777028569493
                },
                "alpha": {
                    "name": "alpha",
                    "user_data": null,
                    "init_value": 0,
                    "min": -1,
                    "max": 1,
                    "brute_step": null,
                    "stderr": 2.3348075122437004,
                    "correl": {
                        "fr": -0.5597236132786915,
                        "Ql": 0.17257449826365953,
                        "Qe": 0.0802201657838906,
                        "A": -0.49118812847254834,
                        "theta": 0.6986556830445135,
                        "phi_v": 0.004407934706992003,
                        "phi_0": -0.004209141377399279
                    },
                    "value": -0.9999667289657579
                },
                "Qi": {
                    "name": "Qi",
                    "user_data": null,
                    "init_value": -133979.2200051393,
                    "min": -Infinity,
                    "max": Infinity,
                    "brute_step": null,
                    "stderr": 263.8776961076872,
                    "correl": null,
                    "value": 23384.207513383943
                },
                "Qc": {
                    "name": "Qc",
                    "user_data": null,
                    "init_value": 2653.05386148791,