{
    "fit_success": true,
    "Qi": {
        "__dtype__": "UFloat",
        "nominal_value": 18223.40111768807,
        "std_dev": 697.7372992832908
    },
    "Qe": {
        "__dtype__": "UFloat",
        "nominal_value": 2346.194032219453,
        "std_dev": 14.75435731649533
    },
    "Ql": {
        "__dtype__": "UFloat",
        "nominal_value": 2092.6587400212325,
        "std_dev": 16.459089158417385
    },
    "Qc": {
        "__dtype__": "UFloat",
        "nominal_value": 2364.1416327274183,
        "std_dev": 14.981000661022568
    },
    "fr": {
        "__dtype__": "UFloat",
        "nominal_value": 6106697984.694009,
        "std_dev": 11476.081320679572
    },
    "fit_msg": "Summary\n$Q_I$: 18.22$\\pm$0.70 k\n$Q_C$: 2.364$\\pm$0.015 k\n$f_{res}$: 6.106698$\\pm$1.1e-05 GHz",
    "fit_result": {
        "hanger_func_complex_SI": {
            "success": true,
            "message": "Fit succeeded.",
            "params": {
                "fr": {
                    "name": "fr",
                    "user_data": null,
                    "init_value": 6106847738.693467,
                    "min": 6097300000.0,
                    "max": 6117300000.0,
                    "brute_step": null,
                    "stderr": 11476.081320679572,
                    "correl": {
                        "Ql": 5.248502852628152e-06,
                        "Qe": 0.025329453664514168,
                        "A": 0.0811985987076947,
                        "theta": -0.8418813083255744,
                        "phi_v": -0.009798074872193066,
                        "phi_0": 0.009300903788424117,
                        "alpha": 0.4933859352597667
                    },
                    "value": 6106697984.694009
                },
                "Ql": {
                    "name": "Ql",
                    "user_data": null,
                    "init_value": 1375.735703112486,
                    "min": 30.534238693467337,
                    "max": 60763.13500003766,
                    "brute_step": null,
                    "stderr": 16.459089158417385,
                    "correl": {
                        "fr": 5.248502852628152e-06,
                        "Qe": 0.8418680363600596,
                        "A": -0.5134379522987419,
                        "theta": 0.025343274343606594,
                        "phi_v": 0.49334540421927964,
                        "phi_0": -0.4933758723239567,
                        "alpha": 0.0071010112421234246
                    },
                    "value": 2092.6587400212325
                },
                "Qe": {
                    "name": "Qe",
                    "user_data": null,
                    "init_value": 1348.4934119617435,
                    "min": 0,
                    "max": Infinity,
                    "brute_step": null,
                    "stderr": 14.75435731649533,
                    "correl": {
                        "fr": 0.025329453664514168,
                        "Ql": 0.8418680363600596,
                        "A": -0.4521764106446809,
                        "theta": 2.270438222413386e-05,
                        "phi_v": 0.6255664563370963,
                        "phi_0": -0.625619044840765,
                        "alpha": 0.04205076412491589
                    },
                    "value": 2346.194032219453
                },
                "A": {
                    "name": "A",
                    "user_data": null,
                    "init_value": 0.005658738321534878,
                    "min": 0,
                    "max": Infinity,
                    "brute_step": null,
                    "stderr": 1.0524479011461526e-05,
                    "correl": {
                        "fr": 0.0811985987076947,
                        "Ql": -0.5134379522987419,
                        "Qe": -0.4521764106446809,
                        "theta": -0.11792973196172375,
                        "phi_v": -0.26191429493427093,
                        "phi_0": 0.2618891215003044,
                        "alpha": 0.10418554552511587
                    },
                    "value": 0.0065090325292360696
                },
                "theta": {
                    "name": "theta",
                    "user_data": null,
                    "init_value": 0,
                    "min": -1.5707963267948966,
                    "max": 1.5707963267948966,
                    "brute_step": null,
                    "stderr": 0.006288817396351841,
                    "correl": {
                        "fr": -0.8418813083255744,
                        "Ql": 0.025343274343606594,
                        "Qe": 2.270438222413386e-05,
                        "A": -0.11792973196172375,
                        "phi_v": 0.04530442104812217,
                        "phi_0": -0.04485965380572481,
                        "alpha": -0.6257764625637546
                    },
                    "value": 0.12329815599039629
                },
                "phi_v": {
                    "name": "phi_v",
                    "user_data": null,
                    "init_value": -1.3121510408212597e-07,
                    "min": -Infinity,
                    "max": Infinity,
                    "brute_step": null,
                    "stderr": 2.787689210708666e-10,
                    "correl": {
                        "fr": -0.009798074872193066,
                        "Ql": 0.49334540421927964,
                        "Qe": 0.6255664563370963,
                        "A": -0.26191429493427093,
                        "theta": 0.04530442104812217,
                        "phi_0": -0.999999549239281,
                        "alpha": -0.004730260048700135
                    },
                    "value": -7.309692048117325e-08
                },
                "phi_0": {
                    "name": "phi_0",
                    "user_data": null,
                    "init_value": 797.0500073257281,
                    "min": -Infinity,
                    "max": Infinity,
                    "brute_step": null,
                    "stderr": 1.702524443407621,
                    "correl": {
                        "fr": 0.009300903788424117,
                        "Ql": -0.4933758723239567,
                        "Qe": -0.625619044840765,
                        "A": 0.2618891215003044,
                        "theta": -0.04485965380572481,
                        "phi_v": -0.999999549239281,
                        "alpha": 0.004463946770974956
                    },
                    "value": 442.81811570082345
                },
                "alpha": {
                    "name": "alpha",
                    "user_data": null,
                    "init_value": 0,
                    "min": -1,
                    "max": 1,
                    "brute_step": null,
                    "stderr": 2.244538331200414,
                    "correl": {
                        "fr": 0.4933859352597667,
                        "Ql": 0.0071010112421234246,
                        "Qe": 0.04205076412491589,
                        "A": 0.10418554552511587,
                        "theta": -0.6257764625637546,
                        "phi_v": -0.004730260048700135,
                        "phi_0": 0.004463946770974956
                    },
                    "value": -0.9999464503301267
                },
                "Qi": {
                    "name": "Qi",
                    "user_data": null,
                    "init_value": -68098.91730406768,
                    "min": -Infinity,
                    "max": Infinity,
                    "brute_step": null,
                    "stderr": 697.7372992832908,
                    "correl": null,
                    "value": 18223.40111768807
                },
                "Qc": {
                    "name": "Qc",
                    "user_data": null,
                    "init_value": 1348.4934119617435,