{
    "fit_success": true,
    "Qi": {
        "__dtype__": "UFloat",
        "nominal_value": 13633.659487901246,
        "std_dev": 759.1698795866528
    },
    "Qe": {
        "__dtype__": "UFloat",
        "nominal_value": 6367.350219425355,
        "std_dev": 143.1610835764135
    },
    "Ql": {
        "__dtype__": "UFloat",
        "nominal_value": 4573.661552978237,
        "std_dev": 129.10857302007219
    },
    "Qc": {
        "__dtype__": "UFloat",
        "nominal_value": 6882.534044058893,
        "std_dev": 167.2586298658926
    },
    "fr": {
        "__dtype__": "UFloat",
        "nominal_value": 5449964756.862414,
        "std_dev": 16820.70319537477
    },
    "fit_msg": "Summary\n$Q_I$: 13.63$\\pm$0.76 k\n$Q_C$: 6.88$\\pm$0.17 k\n$f_{res}$: 5.449965$\\pm$1.7e-05 GHz",
    "fit_result": {
        "hanger_func_complex_SI": {
            "success": true,
            "message": "Fit succeeded.",
            "params": {
                "fr": {
                    "name": "fr",
                    "user_data": null,
                    "init_value": 5450130653.266332,
                    "min": 5444000000.0,
                    "max": 5454000000.0,
                    "brute_step": null,
                    "stderr": 16820.70319537477,
                    "correl": {
                        "Ql": 0.00013589007157250368,
                        "Qe": 0.024962661112307563,
                        "A": 0.09135273019224006,
                        "theta": -0.8301078426305865,
                        "phi_v": -0.3012453175873499,
                        "phi_0": 0.3010292419587938,
                        "alpha": 0.34319111893229004
                    },
                    "value": 5449964756.862414
                },
                "Ql": {
                    "name": "Ql",
                    "user_data": null,
                    "init_value": 2455.584172781748,
                    "min": 54.50130653266332,
                    "max": 108457.60000109639,
                    "brute_step": null,
                    "stderr": 129.10857302007219,
                    "correl": {
                        "fr": 0.00013589007157250368,
                        "Qe": 0.8300569159186627,
                        "A": -0.48796466369652297,
                        "theta": 0.024658788950392623,
                        "phi_v": 0.34043765334615883,
                        "phi_0": -0.3405816136058276,
                        "alpha": 0.29826192703965615
                    },
                    "value": 4573.661552978237
                },
                "Qe": {
                    "name": "Qe",
                    "user_data": null,
                    "init_value": 2406.9587436177526,
                    "min": 0,
                    "max": Infinity,
                    "brute_step": null,
                    "stderr": 143.1610835764135,
                    "correl": {
                        "fr": 0.024962661112307563,
                        "Ql": 0.8300569159186627,
                        "A": -0.4752660846077185,
                        "theta": -0.00017115218791919758,
                        "phi_v": 0.4262019314038772,
                        "phi_0": -0.4263873009195323,
                        "alpha": 0.3534405711751682
                    },
                    "value": 6367.350219425355
                },
                "A": {
                    "name": "A",
                    "user_data": null,
                    "init_value": 0.0009056449385611065,
                    "min": 0,
                    "max": Infinity,
                    "brute_step": null,
                    "stderr": 4.604806836173036e-06,
                    "correl": {
                        "fr": 0.09135273019224006,
                        "Ql": -0.48796466369652297,
                        "Qe": -0.4752660846077185,
                        "theta": -0.12450759142459053,
                        "phi_v": -0.22091665217070222,
                        "phi_0": 0.22098054559489005,
                        "alpha": -0.4221998723184131
                    },
                    "value": 0.0009855066516835098
                },
                "theta": {
                    "name": "theta",
                    "user_data": null,
                    "init_value": 0,
                    "min": -1.5707963267948966,
                    "max": 1.5707963267948966,
                    "brute_step": null,
                    "stderr": 0.022487358908598123,
                    "correl": {
                        "fr": -0.8301078426305865,
                        "Ql": 0.024658788950392623,
                        "Qe": -0.00017115218791919758,
                        "A": -0.12450759142459053,
                        "phi_v": 0.3570958231977104,
                        "phi_0": -0.35689973069777736,
                        "alpha": -0.42948346645246566
                    },
                    "value": 0.38937578142245854
                },
                "phi_v": {
                    "name": "phi_v",
                    "user_data": null,
                    "init_value": -1.7098670360101398e-07,
                    "min": -Infinity,
                    "max": Infinity,
                    "brute_step": null,
                    "stderr": 1.4663529016925316e-09,
                    "correl": {
                        "fr": -0.3012453175873499,
                        "Ql": 0.34043765334615883,
                        "Qe": 0.4262019314038772,
                        "A": -0.22091665217070222,
                        "theta": 0.3570958231977104,
                        "phi_0": -0.9999998573849771,
                        "alpha": -0.008501159754943099
                    },
                    "value": -1.5322555837816195e-07
                },
                "phi_0": {
                    "name": "phi_0",
                    "user_data": null,
                    "init_value": 928.5842275445741,
                    "min": -Infinity,
                    "max": Infinity,
                    "brute_step": null,
                    "stderr": 7.9895936264555365,
                    "correl": {
                        "fr": 0.3010292419587938,
                        "Ql": -0.3405816136058276,
                        "Qe": -0.4263873009195323,
                        "A": 0.22098054559489005,
                        "theta": -0.35689973069777736,
                        "phi_v": -0.9999998573849771,
                        "alpha": 0.008355111005840805
                    },
                    "value": 831.946908590115
                },
                "alpha": {
                    "name": "alpha",
                    "user_data": null,
                    "init_value": 0,
                    "min": -1,
                    "max": 1,
                    "brute_step": null,
                    "stderr": 8.628191530869039,
                    "correl": {
                        "fr": 0.34319111893229004,
                        "Ql": 0.29826192703965615,
                        "Qe": 0.3534405711751682,
                        "A": -0.4221998723184131,
                        "theta": -0.42948346645246566,
                        "phi_v": -0.008501159754943099,
                        "phi_0": 0.008355111005840805
                    },
                    "value": -0.9997864054278378
                },
                "Qi": {
                    "name": "Qi",
                    "user_data": null,
                    "init_value": -121551.41655269562,
                    "min": -Infinity,
                    "max": Infinity,
                    "brute_step": null,
                    "stderr": 759.1698795866528,
                    "correl": null,
                    "value": 13633.659487901246
                },
                "Qc": {
                    "name": "Qc",
                    "user_data": null,
                    "init_value": 2406.9587436177526,