{
    "fit_success": true,
    "Qi": {
        "__dtype__": "UFloat",
        "nominal_value": 19446.599627832864,
        "std_dev": 229.21546121563117
    },
    "Qe": {
        "__dtype__": "UFloat",
        "nominal_value": 2420.232769316222,
        "std_dev": 6.340178346663147
    },
    "Ql": {
        "__dtype__": "UFloat",
        "nominal_value": 2164.722671710562,
        "std_dev": 6.608464584693448
    },
    "Qc": {
        "__dtype__": "UFloat",
        "nominal_value": 2435.875177732637,
        "std_dev": 6.4223305556012935
    },
    "fr": {
        "__dtype__": "UFloat",
        "nominal_value": 6106017206.937502,
        "std_dev": 4305.036228912206
    },
    "fit_msg": "Summary\n$Q_I$: 19.45$\\pm$0.23 k\n$Q_C$: 2.4359$\\pm$0.0064 k\n$f_{res}$: 6.1060172$\\pm$4.3e-06 GHz",
    "fit_result": {
        "hanger_func_complex_SI": {
            "success": true,
            "message": "Fit succeeded.",
            "params": {
                "fr": {
                    "name": "fr",
                    "user_data": null,
                    "init_value": 6106169346.733668,
                    "min": 6102300000.0,
                    "max": 6112300000.0,
                    "brute_step": null,
                    "stderr": 4305.036228912206,
                    "correl": {
                        "Ql": 0.00012113460995392607,
                        "Qe": 0.07972595996091494,
                        "A": 0.16156396839768344,
                        "theta": -0.911700636838535,
                        "phi_v": 0.23812329624233372,
                        "phi_0": -0.23848691076415104,
                        "alpha": 0.6055814863424164
                    },
                    "value": 6106017206.937502
                },
                "Ql": {
                    "name": "Ql",
                    "user_data": null,
                    "init_value": 2751.1657532793342,
                    "min": 61.06169346733668,
                    "max": 121512.77000122836,
                    "brute_step": null,
                    "stderr": 6.608464584693448,
                    "correl": {
                        "fr": 0.00012113460995392607,
                        "Qe": 0.911720708815642,
                        "A": -0.7265918901452676,
                        "theta": 0.07952710863167985,
                        "phi_v": 0.6067750495982742,
                        "phi_0": -0.6066861249084682,
                        "alpha": -0.24089889726447525
                    },
                    "value": 2164.722671710562
                },
                "Qe": {
                    "name": "Qe",
                    "user_data": null,
                    "init_value": 2696.687223511427,
                    "min": 0,
                    "max": Infinity,
                    "brute_step": null,
                    "stderr": 6.340178346663147,
                    "correl": {
                        "fr": 0.07972595996091494,
                        "Ql": 0.911720708815642,
                        "A": -0.6672762459871796,
                        "theta": -7.461793576806127e-05,
                        "phi_v": 0.7373968116140925,
                        "phi_0": -0.7373291280377918,
                        "alpha": -0.1636925725593363
                    },
                    "value": 2420.232769316222
                },
                "A": {
                    "name": "A",
                    "user_data": null,
                    "init_value": 0.05781008698371614,
                    "min": 0,
                    "max": Infinity,
                    "brute_step": null,
                    "stderr": 7.691789808820272e-05,
                    "correl": {
                        "fr": 0.16156396839768344,
                        "Ql": -0.7265918901452676,
                        "Qe": -0.6672762459871796,
                        "theta": -0.26261218281230264,
                        "phi_v": -0.41323149105980633,
                        "phi_0": 0.41310180553715214,
                        "alpha": 0.5103929100612604
                    },
                    "value": 0.07591954018415237
                },
                "theta": {
                    "name": "theta",
                    "user_data": null,
                    "init_value": 0,
                    "min": -1.5707963267948966,
                    "max": 1.5707963267948966,
                    "brute_step": null,
                    "stderr": 0.0026192017434213018,
                    "correl": {
                        "fr": -0.911700636838535,
                        "Ql": 0.07952710863167985,
                        "Qe": -7.461793576806127e-05,
                        "A": -0.26261218281230264,
                        "phi_v": -0.16033761786029396,
                        "phi_0": 0.16069153836908073,
                        "alpha": -0.7365655297449443
                    },
                    "value": 0.11338927430076295
                },
                "phi_v": {
                    "name": "phi_v",
                    "user_data": null,
                    "init_value": -1.8653004498113006e-07,
                    "min": -Infinity,
                    "max": Infinity,
                    "brute_step": null,
                    "stderr": 2.830040179758315e-10,
                    "correl": {
                        "fr": 0.23812329624233372,
                        "Ql": 0.6067750495982742,
                        "Qe": 0.7373968116140925,
                        "A": -0.41323149105980633,
                        "theta": -0.16033761786029396,
                        "phi_0": -0.9999998690807196,
                        "alpha": -0.00443704475795555
                    },
                    "value": -6.878507584423475e-08
                },
                "phi_0": {
                    "name": "phi_0",
                    "user_data": null,
                    "init_value": 1135.144655306335,
                    "min": -Infinity,
                    "max": Infinity,
                    "brute_step": null,
                    "stderr": 1.728543578695714,
                    "correl": {
                        "fr": -0.23848691076415104,
                        "Ql": -0.6066861249084682,
                        "Qe": -0.7373291280377918,
                        "A": 0.41310180553715214,
                        "theta": 0.16069153836908073,
                        "phi_v": -0.9999998690807196,
                        "alpha": 0.004180487801587188
                    },
                    "value": 416.9673979651566
                },
                "alpha": {
                    "name": "alpha",
                    "user_data": null,
                    "init_value": 0,
                    "min": -1,
                    "max": 1,
                    "brute_step": null,
                    "stderr": 2.481329525614495,
                    "correl": {
                        "fr": 0.6055814863424164,
                        "Ql": -0.24089889726447525,
                        "Qe": -0.1636925725593363,
                        "A": 0.5103929100612604,
                        "theta": -0.7365655297449443,
                        "phi_v": -0.00443704475795555,
                        "phi_0": 0.004180487801587188
                    },
                    "value": -0.9999030015910387
                },
                "Qi": {
                    "name": "Qi",
                    "user_data": null,
                    "init_value": -136182.70478732788,
                    "min": -Infinity,
                    "max": Infinity,
                    "brute_step": null,
                    "stderr": 229.21546121563117,
                    "correl": null,
                    "value": 19446.599627832864
                },
                "Qc": {
                    "name": "Qc",
                    "user_data": null,
                    "init_value": 2696.687223511427,