{
    "fit_success": true,
    "Qi": {
        "__dtype__": "UFloat",
        "nominal_value": 12883.790682616112,
        "std_dev": 304.0298085888758
    },
    "Qe": {
        "__dtype__": "UFloat",
        "nominal_value": 7889.5552569946785,
        "std_dev": 90.05176313746392
    },
    "Ql": {
        "__dtype__": "UFloat",
        "nominal_value": 5740.995054048607,
        "std_dev": 80.82995174711623
    },
    "Qc": {
        "__dtype__": "UFloat",
        "nominal_value": 10355.29818191516,
        "std_dev": 155.1403776225783
    },
    "fr": {
        "__dtype__": "UFloat",
        "nominal_value": 5719826639.245329,
        "std_dev": 7013.889885776018
    },
    "fit_msg": "Summary\n$Q_I$: 12.88$\\pm$0.30 k\n$Q_C$: 10.36$\\pm$0.16 k\n$f_{res}$: 5.7198266$\\pm$7.0e-06 GHz",
    "fit_result": {
        "hanger_func_complex_SI": {
            "success": true,
            "message": "Fit succeeded.",
            "params": {
                "fr": {
                    "name": "fr",
                    "user_data": null,
                    "init_value": 5720169095.477386,
                    "min": 5716350000.0,
                    "max": 5726350000.0,
                    "brute_step": null,
                    "stderr": 7013.889885776018,
                    "correl": {
                        "Ql": 3.266207456481328e-05,
                        "Qe": 0.08142641784491059,
                        "A": 0.3529793066251468,
                        "theta": -0.8099236116097615,
                        "phi_v": -0.07525206045822698,
                        "phi_0": 0.07504304151134783,
                        "alpha": 0.41838375704568703
                    },
                    "value": 5719826639.245329
                },
                "Ql": {
                    "name": "Ql",
                    "user_data": null,
                    "init_value": 2577.2513706751965,
                    "min": 57.20169095477387,
                    "max": 113831.36500115071,
                    "brute_step": null,
                    "stderr": 80.82995174711623,
                    "correl": {
                        "fr": 3.266207456481328e-05,
                        "Qe": 0.8099120187779345,
                        "A": -0.3238071156155506,
                        "theta": 0.08140869743911297,
                        "phi_v": 0.4180481794048856,
                        "phi_0": -0.41813698542840283,
                        "alpha": 0.07315527289686112
                    },
                    "value": 5740.995054048607
                },
                "Qe": {
                    "name": "Qe",
                    "user_data": null,
                    "init_value": 2526.216690067767,
                    "min": 0,
                    "max": Infinity,
                    "brute_step": null,
                    "stderr": 90.05176313746392,
                    "correl": {
                        "fr": 0.08142641784491059,
                        "Ql": 0.8099120187779345,
                        "A": -0.22205387437079777,
                        "theta": 1.5922131300772688e-05,
                        "phi_v": 0.5275468924379781,
                        "phi_0": -0.527681838494948,
                        "alpha": 0.21117188215745794
                    },
                    "value": 7889.5552569946785
                },
                "A": {
                    "name": "A",
                    "user_data": null,
                    "init_value": 0.0021930093888604747,
                    "min": 0,
                    "max": Infinity,
                    "brute_step": null,
                    "stderr": 5.307012552768781e-06,
                    "correl": {
                        "fr": 0.3529793066251468,
                        "Ql": -0.3238071156155506,
                        "Qe": -0.22205387437079777,
                        "theta": -0.4848184301770011,
                        "phi_v": -0.21118418228087066,
                        "phi_0": 0.21112484029918352,
                        "alpha": 0.4805093046228437
                    },
                    "value": 0.002364338014758438
                },
                "theta": {
                    "name": "theta",
                    "user_data": null,
                    "init_value": 0,
                    "min": -1.5707963267948966,
                    "max": 1.5707963267948966,
                    "brute_step": null,
                    "stderr": 0.011414614274657685,
                    "correl": {
                        "fr": -0.8099236116097615,
                        "Ql": 0.08140869743911297,
                        "Qe": 1.5922131300772688e-05,
                        "A": -0.4848184301770011,
                        "phi_v": 0.2137884742198607,
                        "phi_0": -0.2135994399837998,
                        "alpha": -0.5285317526076306
                    },
                    "value": 0.7045766021411382
                },
                "phi_v": {
                    "name": "phi_v",
                    "user_data": null,
                    "init_value": -1.1528340342974049e-07,
                    "min": -Infinity,
                    "max": Infinity,
                    "brute_step": null,
                    "stderr": 6.803801883590658e-10,
                    "correl": {
                        "fr": -0.07525206045822698,
                        "Ql": 0.4180481794048856,
                        "Qe": 0.5275468924379781,
                        "A": -0.21118418228087066,
                        "theta": 0.2137884742198607,
                        "phi_0": -0.9999998714553999,
                        "alpha": -0.004639011773880102
                    },
                    "value": -7.890344138057586e-08
                },
                "phi_0": {
                    "name": "phi_0",
                    "user_data": null,
                    "init_value": 658.2501978623145,
                    "min": -Infinity,
                    "max": Infinity,
                    "brute_step": null,
                    "stderr": 3.892734116792081,
                    "correl": {
                        "fr": 0.07504304151134783,
                        "Ql": -0.41813698542840283,
                        "Qe": -0.527681838494948,
                        "A": 0.21112484029918352,
                        "theta": -0.2135994399837998,
                        "phi_v": -0.9999998714553999,
                        "alpha": 0.004513178536182289
                    },
                    "value": 450.36940613516055
                },
                "alpha": {
                    "name": "alpha",
                    "user_data": null,
                    "init_value": 0,
                    "min": -1,
                    "max": 1,
                    "brute_step": null,
                    "stderr": 3.920255116204841,
                    "correl": {
                        "fr": 0.41838375704568703,
                        "Ql": 0.07315527289686112,
                        "Qe": 0.21117188215745794,
                        "A": 0.4805093046228437,
                        "theta": -0.5285317526076306,
                        "phi_v": -0.004639011773880102,
                        "phi_0": 0.004513178536182289
                    },
                    "value": -0.9999135888754135
                },
                "Qi": {
                    "name": "Qi",
                    "user_data": null,
                    "init_value": -127573.94284842322,
                    "min": -Infinity,
                    "max": Infinity,
                    "brute_step": null,
                    "stderr": 304.0298085888758,
                    "correl": null,
                    "value": 12883.790682616112
                },
                "Qc": {
                    "name": "Qc",
                    "user_data": null,
                    "init_value": 2526.216690067767,