{
    "fit_success": true,
    "Pi-pulse amplitude": {
        "__dtype__": "UFloat",
        "nominal_value": 1.7629005403379146e-07,
        "std_dev": 1.8640975872555367e-08
    },
    "fit_msg": "Summary\nPi-pulse amplitude: 176$\\pm$19 nV\nOscillation amplitude: 22.1$\\pm$2.7 \u03bcV\nOffset: -1.3982$\\pm$0.0027 mV\n",
    "fit_result": {
        "Rabi_oscillation": {
            "success": true,
            "message": "Fit succeeded.",
            "params": {
                "frequency": {
                    "name": "frequency",
                    "user_data": null,
                    "init_value": 5000000.0,
                    "min": 0,
                    "max": Infinity,
                    "brute_step": null,
                    "stderr": 299904.5314315266,
                    "correl": {
                        "amplitude": -0.03400792073036483,
                        "offset": -0.6686374371813995
                    },
                    "value": 2836234.878594793
                },
                "amplitude": {
                    "name": "amplitude",
                    "user_data": null,
                    "init_value": 4.077157774523565e-05,
                    "min": 0,
                    "max": Infinity,
                    "brute_step": null,
                    "stderr": 2.7194280247422806e-06,
                    "correl": {
                        "frequency": -0.03400792073036483,
                        "offset": -0.11159835511227606
                    },
                    "value": 2.2087050101537997e-05
                },
                "offset": {
                    "name": "offset",
                    "user_data": null,
                    "init_value": -0.0013952332637350803,
                    "min": -Infinity,
                    "max": Infinity,
                    "brute_step": null,
                    "stderr": 2.7124043713039895e-06,
                    "correl": {
                        "frequency": -0.6686374371813995,
                        "amplitude": -0.11159835511227606
                    },
                    "value": -0.0013981957009875457
                },
                "phase": {
                    "name": "phase",
                    "user_data": null,
                    "init_value": 3.141592653589793,
                    "min": -Infinity,
                    "max": Infinity,
                    "brute_step": null,
                    "stderr": 0.0,
                    "correl": null,
                    "value": 3.141592653589793
                },
                "amp180": {
                    "name": "amp180",
                    "user_data": null,
                    "init_value": 1e-07,
                    "min": -Infinity,
                    "max": Infinity,
                    "brute_step": null,
                    "stderr": 1.8640975872555367e-08,
                    "correl": null,
                    "value": 1.7629005403379146e-07
                }
            }
        }
    }
}