{
    "fit_success": true,
    "frequency_01": {
        "__dtype__": "UFloat",
        "nominal_value": 4112691549.4546747,
        "std_dev": 349668.42135821475
    },
    "fit_msg": "Summary\nFrequency 0-1: 4.11269$\\pm$0.00035 GHz\nPeak width: 9.6$\\pm$1.0 MHz\n",
    "fit_result": {
        "Lorentzian_peak": {
            "success": true,
            "message": "Fit succeeded.",
            "params": {
                "x0": {
                    "name": "x0",
                    "user_data": null,
                    "init_value": 4110822747.0623074,
                    "min": -Infinity,
                    "max": Infinity,
                    "brute_step": null,
                    "stderr": 349668.42135821475,
                    "correl": {
                        "width": -0.02849289868392463,
                        "a": -0.016049147431741666,
                        "c": 0.006613913544530876
                    },
                    "value": 4112691549.4546747
                },
                "width": {
                    "name": "width",
                    "user_data": null,
                    "init_value": 40201512.61036511,
                    "min": -Infinity,
                    "max": Infinity,
                    "brute_step": null,
                    "stderr": 1014848.2508351376,
                    "correl": {
                        "x0": -0.02849289868392463,
                        "a": 0.746425592066332,
                        "c": -0.2979384023362471
                    },
                    "value": 9596474.86132349
                },
                "a": {
                    "name": "a",
                    "user_data": null,
                    "init_value": 33003.234388805744,
                    "min": -Infinity,
                    "max": Infinity,
                    "brute_step": null,
                    "stderr": 222.4083955572767,
                    "correl": {
                        "x0": -0.016049147431741666,
                        "width": 0.746425592066332,
                        "c": -0.4038656524945513
                    },
                    "value": 2981.5443106811713
                },
                "c": {
                    "name": "c",
                    "user_data": null,
                    "init_value": 0.0009826617101792929,
                    "min": -Infinity,
                    "max": Infinity,
                    "brute_step": null,
                    "stderr": 2.339202293508363e-06,
                    "correl": {
                        "x0": 0.006613913544530876,
                        "width": -0.2979384023362471,
                        "a": -0.4038656524945513
                    },
                    "value": 0.0009698110037087711
                }
            }
        }
    }
}