{
    "fit_success": true,
    "Qi": {
        "__dtype__": "UFloat",
        "nominal_value": 17859.56904561389,
        "std_dev": 271.554960789354
    },
    "Qe": {
        "__dtype__": "UFloat",
        "nominal_value": 3131.50515562878,
        "std_dev": 12.33749018975932
    },
    "Ql": {
        "__dtype__": "UFloat",
        "nominal_value": 2696.720397336838,
        "std_dev": 12.523401519460585
    },
    "Qc": {
        "__dtype__": "UFloat",
        "nominal_value": 3176.3335010552414,
        "std_dev": 12.693206391582827
    },
    "fr": {
        "__dtype__": "UFloat",
        "nominal_value": 6008026079.534454,
        "std_dev": 5173.363785426604
    },
    "fit_msg": "Summary\n$Q_I$: 17.86$\\pm$0.27 k\n$Q_C$: 3.176$\\pm$0.013 k\n$f_{res}$: 6.0080261$\\pm$5.2e-06 GHz",
    "fit_result": {
        "hanger_func_complex_SI": {
            "success": true,
            "message": "Fit succeeded.",
            "params": {
                "fr": {
                    "name": "fr",
                    "user_data": null,
                    "init_value": 6008173366.834171,
                    "min": 6003500000.0,
                    "max": 6013500000.0,
                    "brute_step": null,
                    "stderr": 5173.363785426604,
                    "correl": {
                        "Ql": 4.5676117145019265e-05,
                        "Qe": 0.050681255037032705,
                        "A": 0.13069142186190158,
                        "theta": -0.8864489280553872,
                        "phi_v": 0.002453063648422019,
                        "phi_0": -0.0027841989833921263,
                        "alpha": -0.589330971965342
                    },
                    "value": 6008026079.534454
                },
                "Ql": {
                    "name": "Ql",
                    "user_data": null,
                    "init_value": 2707.0131645531865,
                    "min": 60.08173366834171,
                    "max": 119562.65000120866,
                    "brute_step": null,
                    "stderr": 12.523401519460585,
                    "correl": {
                        "fr": 4.5676117145019265e-05,
                        "Qe": 0.8864369261817493,
                        "A": -0.6415614014560435,
                        "theta": 0.05060543017041513,
                        "phi_v": 0.5893449850335667,
                        "phi_0": -0.5893618723327909,
                        "alpha": 0.005314061452923804
                    },
                    "value": 2696.720397336838
                },
                "Qe": {
                    "name": "Qe",
                    "user_data": null,
                    "init_value": 2653.408943472925,
                    "min": 0,
                    "max": Infinity,
                    "brute_step": null,
                    "stderr": 12.33749018975932,
                    "correl": {
                        "fr": 0.050681255037032705,
                        "Ql": 0.8864369261817493,
                        "A": -0.5898102663743632,
                        "theta": -2.755760152938038e-05,
                        "phi_v": 0.7148562857768347,
                        "phi_0": -0.714895500772281,
                        "alpha": -0.05412776251862082
                    },
                    "value": 3131.50515562878
                },
                "A": {
                    "name": "A",
                    "user_data": null,
                    "init_value": 0.004571465215216367,
                    "min": 0,
                    "max": Infinity,
                    "brute_step": null,
                    "stderr": 6.5205699836750615e-06,
                    "correl": {
                        "fr": 0.13069142186190158,
                        "Ql": -0.6415614014560435,
                        "Qe": -0.5898102663743632,
                        "theta": -0.1946754977083022,
                        "phi_v": -0.397602949751232,
                        "phi_0": 0.39756832449098056,
                        "alpha": -0.16870886013525171
                    },
                    "value": 0.005635253802806606
                },
                "theta": {
                    "name": "theta",
                    "user_data": null,
                    "init_value": 0,
                    "min": -1.5707963267948966,
                    "max": 1.5707963267948966,
                    "brute_step": null,
                    "stderr": 0.0039399786417213135,
                    "correl": {
                        "fr": -0.8864489280553872,
                        "Ql": 0.05060543017041513,
                        "Qe": -2.755760152938038e-05,
                        "A": -0.1946754977083022,
                        "phi_v": 0.05754378484065989,
                        "phi_0": -0.05723215841759194,
                        "alpha": 0.7151193108776724
                    },
                    "value": 0.1682055831318523
                },
                "phi_v": {
                    "name": "phi_v",
                    "user_data": null,
                    "init_value": -1.8782123203068201e-07,
                    "min": -Infinity,
                    "max": Infinity,
                    "brute_step": null,
                    "stderr": 3.813963961532323e-10,
                    "correl": {
                        "fr": 0.002453063648422019,
                        "Ql": 0.5893449850335667,
                        "Qe": 0.7148562857768347,
                        "A": -0.397602949751232,
                        "theta": 0.05754378484065989,
                        "phi_0": -0.9999998734526648,
                        "alpha": 0.00462640275159903
                    },
                    "value": -7.420343920068856e-08
                },
                "phi_0": {
                    "name": "phi_0",
                    "user_data": null,
                    "init_value": 1125.1510593035873,
                    "min": -Infinity,
                    "max": Infinity,
                    "brute_step": null,
                    "stderr": 2.2916335480856715,
                    "correl": {
                        "fr": -0.0027841989833921263,
                        "Ql": -0.5893618723327909,
                        "Qe": -0.714895500772281,
                        "A": 0.39756832449098056,
                        "theta": -0.05723215841759194,
                        "phi_v": -0.9999998734526648,
                        "alpha": -0.004413026308114489
                    },
                    "value": 443.25329187796154
                },
                "alpha": {
                    "name": "alpha",
                    "user_data": null,
                    "init_value": 0,
                    "min": -1,
                    "max": 1,
                    "brute_step": null,
                    "stderr": 2.2980452136209344,
                    "correl": {
                        "fr": -0.589330971965342,
                        "Ql": 0.005314061452923804,
                        "Qe": -0.05412776251862082,
                        "A": -0.16870886013525171,
                        "theta": 0.7151193108776724,
                        "phi_v": 0.00462640275159903,
                        "phi_0": -0.004413026308114489
                    },
                    "value": -0.7939339771785336
                },
                "Qi": {
                    "name": "Qi",
                    "user_data": null,
                    "init_value": -133997.1516453821,
                    "min": -Infinity,
                    "max": Infinity,
                    "brute_step": null,
                    "stderr": 271.554960789354,
                    "correl": null,
                    "value": 17859.56904561389
                },
                "Qc": {
                    "name": "Qc",
                    "user_data": null,
                    "init_value": 2653.408943472925,