{
    "fit_success": true,
    "Qi": {
        "__dtype__": "UFloat",
        "nominal_value": 16842.70831038933,
        "std_dev": 167.40912353543706
    },
    "Qe": {
        "__dtype__": "UFloat",
        "nominal_value": 8299.860409292345,
        "std_dev": 33.26867181183288
    },
    "Ql": {
        "__dtype__": "UFloat",
        "nominal_value": 6590.085211024083,
        "std_dev": 33.543277625167434
    },
    "Qc": {
        "__dtype__": "UFloat",
        "nominal_value": 10825.998563895417,
        "std_dev": 56.60031200068079
    },
    "fr": {
        "__dtype__": "UFloat",
        "nominal_value": 5719787022.266344,
        "std_dev": 2209.1089168753897
    },
    "fit_msg": "Summary\n$Q_I$: 16.84$\\pm$0.17 k\n$Q_C$: 10.826$\\pm$0.057 k\n$f_{res}$: 5.7197870$\\pm$2.2e-06 GHz",
    "fit_result": {
        "hanger_func_complex_SI": {
            "success": true,
            "message": "Fit succeeded.",
            "params": {
                "fr": {
                    "name": "fr",
                    "user_data": null,
                    "init_value": 5720025125.62814,
                    "min": 5715000000.0,
                    "max": 5725000000.0,
                    "brute_step": null,
                    "stderr": 2209.1089168753897,
                    "correl": {
                        "Ql": 5.408107792206993e-05,
                        "Qe": 0.052944104031394865,
                        "A": 0.22461797075597326,
                        "theta": -0.7976952999136733,
                        "phi_v": -0.22911199326992768,
                        "phi_0": 0.22894945414440399,
                        "alpha": 0.3328702523121826
                    },
                    "value": 5719787022.266344
                },
                "Ql": {
                    "name": "Ql",
                    "user_data": null,
                    "init_value": 2577.186504325074,
                    "min": 57.200251256281405,
                    "max": 113828.50000115068,
                    "brute_step": null,
                    "stderr": 33.543277625167434,
                    "correl": {
                        "fr": 5.408107792206993e-05,
                        "Qe": 0.797653908354955,
                        "A": -0.3087224086926271,
                        "theta": 0.05280700048229278,
                        "phi_v": 0.31656363433882045,
                        "phi_0": -0.31668934154634165,
                        "alpha": 0.204744823113327
                    },
                    "value": 6590.085211024083
                },
                "Qe": {
                    "name": "Qe",
                    "user_data": null,
                    "init_value": 2526.153108199825,
                    "min": 0,
                    "max": Infinity,
                    "brute_step": null,
                    "stderr": 33.26867181183288,
                    "correl": {
                        "fr": 0.052944104031394865,
                        "Ql": 0.797653908354955,
                        "A": -0.2338445767323749,
                        "theta": -8.702284155848617e-05,
                        "phi_v": 0.3918651599705536,
                        "phi_0": -0.3920370539082087,
                        "alpha": 0.30345136369107056
                    },
                    "value": 8299.860409292345
                },
                "A": {
                    "name": "A",
                    "user_data": null,
                    "init_value": 0.004416098896563877,
                    "min": 0,
                    "max": Infinity,
                    "brute_step": null,
                    "stderr": 3.3656392719754985e-06,
                    "correl": {
                        "fr": 0.22461797075597326,
                        "Ql": -0.3087224086926271,
                        "Qe": -0.2338445767323749,
                        "theta": -0.3125381275700799,
                        "phi_v": -0.13214380863280015,
                        "phi_0": 0.13216195612303686,
                        "alpha": 0.010744379251456885
                    },
                    "value": 0.004681717462205581
                },
                "theta": {
                    "name": "theta",
                    "user_data": null,
                    "init_value": 0,
                    "min": -1.5707963267948966,
                    "max": 1.5707963267948966,
                    "brute_step": null,
                    "stderr": 0.00400851155337159,
                    "correl": {
                        "fr": -0.7976952999136733,
                        "Ql": 0.05280700048229278,
                        "Qe": -8.702284155848617e-05,
                        "A": -0.3125381275700799,
                        "phi_v": 0.33366863784433043,
                        "phi_0": -0.3335416359869735,
                        "alpha": -0.41580589270850704
                    },
                    "value": 0.6971734666644447
                },
                "phi_v": {
                    "name": "phi_v",
                    "user_data": null,
                    "init_value": -1.3307410368072618e-06,
                    "min": -Infinity,
                    "max": Infinity,
                    "brute_step": null,
                    "stderr": 2.527712996060396e-10,
                    "correl": {
                        "fr": -0.22911199326992768,
                        "Ql": 0.31656363433882045,
                        "Qe": 0.3918651599705536,
                        "A": -0.13214380863280015,
                        "theta": 0.33366863784433043,
                        "phi_0": -0.9999998729083324,
                        "alpha": -0.07458198819315137
                    },
                    "value": -1.303318962542542e-06
                },
                "phi_0": {
                    "name": "phi_0",
                    "user_data": null,
                    "init_value": 7603.4350663506775,
                    "min": -Infinity,
                    "max": Infinity,
                    "brute_step": null,
                    "stderr": 1.445801316917068,
                    "correl": {
                        "fr": 0.22894945414440399,
                        "Ql": -0.31668934154634165,
                        "Qe": -0.3920370539082087,
                        "A": 0.13216195612303686,
                        "theta": -0.3335416359869735,
                        "phi_v": -0.9999998729083324,
                        "alpha": 0.07447691687694889
                    },
                    "value": 7446.778463489457
                },
                "alpha": {
                    "name": "alpha",
                    "user_data": null,
                    "init_value": 0,
                    "min": -1,
                    "max": 1,
                    "brute_step": null,
                    "stderr": 1.0409140173614135,
                    "correl": {
                        "fr": 0.3328702523121826,
                        "Ql": 0.204744823113327,
                        "Qe": 0.30345136369107056,
                        "A": 0.010744379251456885,
                        "theta": -0.41580589270850704,
                        "phi_v": -0.07458198819315137,
                        "phi_0": 0.07447691687694889
                    },
                    "value": -0.9702457000255469
                },
                "Qi": {
                    "name": "Qi",
                    "user_data": null,
                    "init_value": -127570.73196409066,
                    "min": -Infinity,
                    "max": Infinity,
                    "brute_step": null,
                    "stderr": 167.40912353543706,
                    "correl": null,
                    "value": 16842.70831038933
                },
                "Qc": {
                    "name": "Qc",
                    "user_data": null,
                    "init_value": 2526.153108199825,