{
    "fit_success": true,
    "Qi": {
        "__dtype__": "UFloat",
        "nominal_value": 9935.863182601639,
        "std_dev": 3130.52155967956
    },
    "Qe": {
        "__dtype__": "UFloat",
        "nominal_value": 27726.773411169484,
        "std_dev": 6778.089922141297
    },
    "Ql": {
        "__dtype__": "UFloat",
        "nominal_value": 9935.862377353924,
        "std_dev": 3033.9671570368305
    },
    "Qc": {
        "__dtype__": "UFloat",
        "nominal_value": 122597515515.08098,
        "std_dev": 1.319888934328547e+17
    },
    "fr": {
        "__dtype__": "UFloat",
        "nominal_value": 5719610363.612371,
        "std_dev": 87894.05901075671
    },
    "fit_msg": "Summary\n$Q_I$: 9.9$\\pm$3.1 k\n$Q_C$: 1.2e+02$\\pm$1.3e+08 G\n$f_{res}$: 5.719610$\\pm$8.8e-05 GHz",
    "fit_result": {
        "hanger_func_complex_SI": {
            "success": true,
            "message": "Fit succeeded.",
            "params": {
                "fr": {
                    "name": "fr",
                    "user_data": null,
                    "init_value": 5720224371.859297,
                    "min": 5715350000.0,
                    "max": 5725350000.0,
                    "brute_step": null,
                    "stderr": 87894.05901075671,
                    "correl": {
                        "Ql": 0.00011981474388455765,
                        "Qe": 0.027229376552518166,
                        "A": 0.3429576907415807,
                        "theta": -0.7770225519976616,
                        "phi_v": -0.31442554668928097,
                        "phi_0": 0.314403157252893,
                        "alpha": 0.08275755096795345
                    },
                    "value": 5719610363.612371
                },
                "Ql": {
                    "name": "Ql",
                    "user_data": null,
                    "init_value": 2577.2762757310898,
                    "min": 57.20224371859297,
                    "max": 113832.46500115073,
                    "brute_step": null,
                    "stderr": 3033.9671570368305,
                    "correl": {
                        "fr": 0.00011981474388455765,
                        "Qe": 0.7770005995194413,
                        "A": 0.030787546362819294,
                        "theta": 0.026969070169919604,
                        "phi_v": 0.07785345660988219,
                        "phi_0": -0.07802471376593997,
                        "alpha": 0.31316777043477184
                    },
                    "value": 9935.862377353924
                },
                "Qe": {
                    "name": "Qe",
                    "user_data": null,
                    "init_value": 2526.2411019542365,
                    "min": 0,
                    "max": Infinity,
                    "brute_step": null,
                    "stderr": 6778.089922141297,
                    "correl": {
                        "fr": 0.027229376552518166,
                        "Ql": 0.7770005995194413,
                        "A": 0.11551773165835995,
                        "theta": -0.0001503027792705716,
                        "phi_v": 0.08457075824044835,
                        "phi_0": -0.08479676819896136,
                        "alpha": 0.44451584693636503
                    },
                    "value": 27726.773411169484
                },
                "A": {
                    "name": "A",
                    "user_data": null,
                    "init_value": 0.003611123748147461,
                    "min": 0,
                    "max": Infinity,
                    "brute_step": null,
                    "stderr": 5.8695782579955347e-05,
                    "correl": {
                        "fr": 0.3429576907415807,
                        "Ql": 0.030787546362819294,
                        "Qe": 0.11551773165835995,
                        "theta": -0.4489822683528573,
                        "phi_v": -0.18410123993700417,
                        "phi_0": 0.18408081814095414,
                        "alpha": 0.24091727079394673
                    },
                    "value": 0.003512723841401
                },
                "theta": {
                    "name": "theta",
                    "user_data": null,
                    "init_value": 0,
                    "min": -1.5707963267948966,
                    "max": 1.5707963267948966,
                    "brute_step": null,
                    "stderr": 0.24087759450486865,
                    "correl": {
                        "fr": -0.7770225519976616,
                        "Ql": 0.026969070169919604,
                        "Qe": -0.0001503027792705716,
                        "A": -0.4489822683528573,
                        "phi_v": 0.44586755647527093,
                        "phi_0": -0.44587331538004227,
                        "alpha": -0.09152083116731737
                    },
                    "value": 1.5707961006339235
                },
                "phi_v": {
                    "name": "phi_v",
                    "user_data": null,
                    "init_value": -1.5809624841833262e-07,
                    "min": -Infinity,
                    "max": Infinity,
                    "brute_step": null,
                    "stderr": 5.5965770126275e-09,
                    "correl": {
                        "fr": -0.31442554668928097,
                        "Ql": 0.07785345660988219,
                        "Qe": 0.08457075824044835,
                        "A": -0.18410123993700417,
                        "theta": 0.44586755647527093,
                        "phi_0": -0.99999987100313,
                        "alpha": -0.015074494056655166
                    },
                    "value": -2.617341059928044e-07
                },
                "phi_0": {
                    "name": "phi_0",
                    "user_data": null,
                    "init_value": 903.3609684646406,
                    "min": -Infinity,
                    "max": Infinity,
                    "brute_step": null,
                    "stderr": 32.01423798566641,
                    "correl": {
                        "fr": 0.314403157252893,
                        "Ql": -0.07802471376593997,
                        "Qe": -0.08479676819896136,
                        "A": 0.18408081814095414,
                        "theta": -0.44587331538004227,
                        "phi_v": -0.99999987100313,
                        "alpha": 0.014973890964950167
                    },
                    "value": 1495.950904590277
                },
                "alpha": {
                    "name": "alpha",
                    "user_data": null,
                    "init_value": 0,
                    "min": -1,
                    "max": 1,
                    "brute_step": null,
                    "stderr": 32.73765700656823,
                    "correl": {
                        "fr": 0.08275755096795345,
                        "Ql": 0.31316777043477184,
                        "Qe": 0.44451584693636503,
                        "A": 0.24091727079394673,
                        "theta": -0.09152083116731737,
                        "phi_v": -0.015074494056655166,
                        "phi_0": 0.014973890964950167
                    },
                    "value": -0.9995940852314843
                },
                "Qi": {
                    "name": "Qi",
                    "user_data": null,
                    "init_value": -127575.1756486886,
                    "min": -Infinity,
                    "max": Infinity,
                    "brute_step": null,
                    "stderr": 3130.52155967956,
                    "correl": null,
                    "value": 9935.863182601639
                },
                "Qc": {
                    "name": "Qc",
                    "user_data": null,
                    "init_value": 2526.2411019542365,