{
    "fit_success": true,
    "Qi": {
        "__dtype__": "UFloat",
        "nominal_value": 13672.664315769644,
        "std_dev": 345.69459019022514
    },
    "Qe": {
        "__dtype__": "UFloat",
        "nominal_value": 9991.344869122924,
        "std_dev": 109.93181340712411
    },
    "Ql": {
        "__dtype__": "UFloat",
        "nominal_value": 5809.697663865714,
        "std_dev": 85.49454000616187
    },
    "Qc": {
        "__dtype__": "UFloat",
        "nominal_value": 10102.299736310462,
        "std_dev": 112.38365272949936
    },
    "fr": {
        "__dtype__": "UFloat",
        "nominal_value": 5258867460.020252,
        "std_dev": 6660.081445412154
    },
    "fit_msg": "Summary\n$Q_I$: 13.67$\\pm$0.35 k\n$Q_C$: 10.10$\\pm$0.11 k\n$f_{res}$: 5.2588675$\\pm$6.7e-06 GHz",
    "fit_result": {
        "hanger_func_complex_SI": {
            "success": true,
            "message": "Fit succeeded.",
            "params": {
                "fr": {
                    "name": "fr",
                    "user_data": null,
                    "init_value": 5258954773.869347,
                    "min": 5248000000.0,
                    "max": 5268000000.0,
                    "brute_step": null,
                    "stderr": 6660.081445412154,
                    "correl": {
                        "Ql": 0.0001757962046091638,
                        "Qe": 0.0018725087911726794,
                        "A": 0.011800912431883416,
                        "theta": -0.7626039261982243,
                        "phi_v": -0.08161624299830864,
                        "phi_0": 0.08131302039305478,
                        "alpha": 0.2766397902046811
                    },
                    "value": 5258867460.020252
                },
                "Ql": {
                    "name": "Ql",
                    "user_data": null,
                    "init_value": 1184.7244524576588,
                    "min": 26.294773869346734,
                    "max": 52326.600000032435,
                    "brute_step": null,
                    "stderr": 85.49454000616187,
                    "correl": {
                        "fr": 0.0001757962046091638,
                        "Qe": 0.7626272540366726,
                        "A": -0.28152250307842974,
                        "theta": 0.0015036104405023731,
                        "phi_v": 0.2760611498321693,
                        "phi_0": -0.27612728854744817,
                        "alpha": 0.07966620876494833
                    },
                    "value": 5809.697663865714
                },
                "Qe": {
                    "name": "Qe",
                    "user_data": null,
                    "init_value": 1161.2645623099822,
                    "min": 0,
                    "max": Infinity,
                    "brute_step": null,
                    "stderr": 109.93181340712411,
                    "correl": {
                        "fr": 0.0018725087911726794,
                        "Ql": 0.7626272540366726,
                        "A": -0.2859541515988464,
                        "theta": -0.0001896056401422651,
                        "phi_v": 0.37659937917746417,
                        "phi_0": -0.37668820321955643,
                        "alpha": 0.0963857300528992
                    },
                    "value": 9991.344869122924
                },
                "A": {
                    "name": "A",
                    "user_data": null,
                    "init_value": 0.002335313698431196,
                    "min": 0,
                    "max": Infinity,
                    "brute_step": null,
                    "stderr": 2.735437114367393e-06,
                    "correl": {
                        "fr": 0.011800912431883416,
                        "Ql": -0.28152250307842974,
                        "Qe": -0.2859541515988464,
                        "theta": -0.014846614080037209,
                        "phi_v": -0.08866389778429562,
                        "phi_0": 0.08868848360999258,
                        "alpha": -0.1667443768456277
                    },
                    "value": 0.0024138912519682254
                },
                "theta": {
                    "name": "theta",
                    "user_data": null,
                    "init_value": 0,
                    "min": -1.5707963267948966,
                    "max": 1.5707963267948966,
                    "brute_step": null,
                    "stderr": 0.011001763313699712,
                    "correl": {
                        "fr": -0.7626039261982243,
                        "Ql": 0.0015036104405023731,
                        "Qe": -0.0001896056401422651,
                        "A": -0.014846614080037209,
                        "phi_v": 0.09914702393461496,
                        "phi_0": -0.0988397540761424,
                        "alpha": -0.37728999227383964
                    },
                    "value": 0.14834617312937515
                },
                "phi_v": {
                    "name": "phi_v",
                    "user_data": null,
                    "init_value": -1.86871112992551e-07,
                    "min": -Infinity,
                    "max": Infinity,
                    "brute_step": null,
                    "stderr": 1.9456879690071274e-10,
                    "correl": {
                        "fr": -0.08161624299830864,
                        "Ql": 0.2760611498321693,
                        "Qe": 0.37659937917746417,
                        "A": -0.08866389778429562,
                        "theta": 0.09914702393461496,
                        "phi_0": -0.9999994010659816,
                        "alpha": -0.008167674462360755
                    },
                    "value": -1.5767568220646923e-07
                },
                "phi_0": {
                    "name": "phi_0",
                    "user_data": null,
                    "init_value": 977.6365924676618,
                    "min": -Infinity,
                    "max": Infinity,
                    "brute_step": null,
                    "stderr": 1.0230237657398802,
                    "correl": {
                        "fr": 0.08131302039305478,
                        "Ql": -0.27612728854744817,
                        "Qe": -0.37668820321955643,
                        "A": 0.08868848360999258,
                        "theta": -0.0988397540761424,
                        "phi_v": -0.9999994010659816,
                        "alpha": 0.008045040403853971
                    },
                    "value": 824.4395172908556
                },
                "alpha": {
                    "name": "alpha",
                    "user_data": null,
                    "init_value": 0,
                    "min": -1,
                    "max": 1,
                    "brute_step": null,
                    "stderr": 1.0729669854584807,
                    "correl": {
                        "fr": 0.2766397902046811,
                        "Ql": 0.07966620876494833,
                        "Qe": 0.0963857300528992,
                        "A": -0.1667443768456277,
                        "theta": -0.37728999227383964,
                        "phi_v": -0.008167674462360755,
                        "phi_0": 0.008045040403853971
                    },
                    "value": 0.9999334520578484
                },
                "Qi": {
                    "name": "Qi",
                    "user_data": null,
                    "init_value": -58643.860396653574,
                    "min": -Infinity,
                    "max": Infinity,
                    "brute_step": null,
                    "stderr": 345.69459019022514,
                    "correl": null,
                    "value": 13672.664315769644
                },
                "Qc": {
                    "name": "Qc",
                    "user_data": null,