{
    "fit_success": true,
    "Qi": {
        "__dtype__": "UFloat",
        "nominal_value": 14847.085317861549,
        "std_dev": 1344.5577843042056
    },
    "Qe": {
        "__dtype__": "UFloat",
        "nominal_value": 9624.204173048825,
        "std_dev": 346.7596669971419
    },
    "Ql": {
        "__dtype__": "UFloat",
        "nominal_value": 6367.482296378508,
        "std_dev": 315.04424121319386
    },
    "Qc": {
        "__dtype__": "UFloat",
        "nominal_value": 11148.93617953478,
        "std_dev": 465.2972391515709
    },
    "fr": {
        "__dtype__": "UFloat",
        "nominal_value": 5719782118.221469,
        "std_dev": 22220.73386878859
    },
    "fit_msg": "Summary\n$Q_I$: 14.8$\\pm$1.3 k\n$Q_C$: 11.15$\\pm$0.47 k\n$f_{res}$: 5.719782$\\pm$2.2e-05 GHz",
    "fit_result": {
        "hanger_func_complex_SI": {
            "success": true,
            "message": "Fit succeeded.",
            "params": {
                "fr": {
                    "name": "fr",
                    "user_data": null,
                    "init_value": 5719899497.487437,
                    "min": 5700000000.0,
                    "max": 5740000000.0,
                    "brute_step": null,
                    "stderr": 22220.73386878859,
                    "correl": {
                        "Ql": 0.00012583921353320028,
                        "Qe": 0.008815927256161161,
                        "A": 0.09783882276259756,
                        "theta": -0.7353760385121966,
                        "phi_v": -0.09950734992586197,
                        "phi_0": 0.09916742180564808,
                        "alpha": 0.17893986653339142
                    },
                    "value": 5719782118.221469
                },
                "Ql": {
                    "name": "Ql",
                    "user_data": null,
                    "init_value": 644.2824754782724,
                    "min": 14.299748743718594,
                    "max": 28456.50000001764,
                    "brute_step": null,
                    "stderr": 315.04424121319386,
                    "correl": {
                        "fr": 0.00012583921353320028,
                        "Qe": 0.7354161372863373,
                        "A": -0.16711554831835823,
                        "theta": 0.008557788748414601,
                        "phi_v": 0.1786732016936037,
                        "phi_0": -0.17886608301444173,
                        "alpha": 0.09908249448463935
                    },
                    "value": 6367.482296378508
                },
                "Qe": {
                    "name": "Qe",
                    "user_data": null,
                    "init_value": 631.5244066569204,
                    "min": 0,
                    "max": Infinity,
                    "brute_step": null,
                    "stderr": 346.7596669971419,
                    "correl": {
                        "fr": 0.008815927256161161,
                        "Ql": 0.7354161372863373,
                        "A": -0.1485435967888759,
                        "theta": -0.00012065264126975622,
                        "phi_v": 0.24603350533551405,
                        "phi_0": -0.24630267813593884,
                        "alpha": 0.14167707224169315
                    },
                    "value": 9624.204173048825
                },
                "A": {
                    "name": "A",
                    "user_data": null,
                    "init_value": 0.0037990961029860217,
                    "min": 0,
                    "max": Infinity,
                    "brute_step": null,
                    "stderr": 1.170371513070024e-05,
                    "correl": {
                        "fr": 0.09783882276259756,
                        "Ql": -0.16711554831835823,
                        "Qe": -0.1485435967888759,
                        "theta": -0.1358505144552503,
                        "phi_v": -0.05200362758159254,
                        "phi_0": 0.05200657680779948,
                        "alpha": 0.008845870717302294
                    },
                    "value": 0.0038535873549985222
                },
                "theta": {
                    "name": "theta",
                    "user_data": null,
                    "init_value": 0,
                    "min": -1.5707963267948966,
                    "max": 1.5707963267948966,
                    "brute_step": null,
                    "stderr": 0.03602589694256988,
                    "correl": {
                        "fr": -0.7353760385121966,
                        "Ql": 0.008557788748414601,
                        "Qe": -0.00012065264126975622,
                        "A": -0.1358505144552503,
                        "phi_v": 0.142428637539897,
                        "phi_0": -0.14212497336226404,
                        "alpha": -0.24641851994069167
                    },
                    "value": 0.5291436123998574
                },
                "phi_v": {
                    "name": "phi_v",
                    "user_data": null,
                    "init_value": -8.982622043087354e-08,
                    "min": -Infinity,
                    "max": Infinity,
                    "brute_step": null,
                    "stderr": 2.6325566881338524e-10,
                    "correl": {
                        "fr": -0.09950734992586197,
                        "Ql": 0.1786732016936037,
                        "Qe": 0.24603350533551405,
                        "A": -0.05200362758159254,
                        "theta": 0.142428637539897,
                        "phi_0": -0.9999979657963786,
                        "alpha": -0.004310812358063648
                    },
                    "value": -7.73240615103837e-08
                },
                "phi_0": {
                    "name": "phi_0",
                    "user_data": null,
                    "init_value": 512.0829558009661,
                    "min": -Infinity,
                    "max": Infinity,
                    "brute_step": null,
                    "stderr": 1.5058005966630337,
                    "correl": {
                        "fr": 0.09916742180564808,
                        "Ql": -0.17886608301444173,
                        "Qe": -0.24630267813593884,
                        "A": 0.05200657680779948,
                        "theta": -0.14212497336226404,
                        "phi_v": -0.9999979657963786,
                        "alpha": 0.004198604223085419
                    },
                    "value": 440.76046329426407
                },
                "alpha": {
                    "name": "alpha",
                    "user_data": null,
                    "init_value": 0,
                    "min": -1,
                    "max": 1,
                    "brute_step": null,
                    "stderr": 1.1831578860439917,
                    "correl": {
                        "fr": 0.17893986653339142,
                        "Ql": 0.09908249448463935,
                        "Qe": 0.14167707224169315,
                        "A": 0.008845870717302294,
                        "theta": -0.24641851994069167,
                        "phi_v": -0.004310812358063648,
                        "phi_0": 0.004198604223085419
                    },
                    "value": 0.9999933007312776
                },
                "Qi": {
                    "name": "Qi",
                    "user_data": null,
                    "init_value": -31891.982536174266,
                    "min": -Infinity,
                    "max": Infinity,
                    "brute_step": null,
                    "stderr": 1344.5577843042056,
                    "correl": null,
                    "value": 14847.085317861549
                },
                "Qc": {
                    "name": "Qc",
                    "user_data": null,
                    "init_value": 631.5244066569204,