{
    "fit_success": true,
    "Qi": {
        "__dtype__": "UFloat",
        "nominal_value": 1803.1312250699152,
        "std_dev": 687.834718196927
    },
    "Qe": {
        "__dtype__": "UFloat",
        "nominal_value": 30406.49500982493,
        "std_dev": 17135.929665427237
    },
    "Ql": {
        "__dtype__": "UFloat",
        "nominal_value": 1704.7302730245065,
        "std_dev": 663.7898432175526
    },
    "Qc": {
        "__dtype__": "UFloat",
        "nominal_value": 31238.03501610397,
        "std_dev": 18084.70589933519
    },
    "fr": {
        "__dtype__": "UFloat",
        "nominal_value": 5795059336.224028,
        "std_dev": 661915.7991970655
    },
    "fit_msg": "Summary\n$Q_I$: 1.80$\\pm$0.69 k\n$Q_C$: 31$\\pm$18 k\n$f_{res}$: 5.79506$\\pm$0.00066 GHz",
    "fit_result": {
        "hanger_func_complex_SI": {
            "success": true,
            "message": "Fit succeeded.",
            "params": {
                "fr": {
                    "name": "fr",
                    "user_data": null,
                    "init_value": 5795251256.281407,
                    "min": 5795000000.0,
                    "max": 5805000000.0,
                    "brute_step": null,
                    "stderr": 661915.7991970655,
                    "correl": {
                        "Ql": 0.0008570162696554383,
                        "Qe": 0.5336651252182733,
                        "A": -0.8103424731668354,
                        "theta": -0.8156628588902043,
                        "phi_v": 0.6226713491008443,
                        "phi_0": -0.6224184004078193,
                        "alpha": -0.5866774550721463
                    },
                    "value": 5795059336.224028
                },
                "Ql": {
                    "name": "Ql",
                    "user_data": null,
                    "init_value": 2611.0800212999497,
                    "min": 57.95251256281407,
                    "max": 115325.50000116583,
                    "brute_step": null,
                    "stderr": 663.7898432175526,
                    "correl": {
                        "fr": 0.0008570162696554383,
                        "Qe": 0.8160783464648002,
                        "A": -0.40817171490823784,
                        "theta": 0.5328616376106176,
                        "phi_v": -0.5411856587366145,
                        "phi_0": 0.5417380324591368,
                        "alpha": -0.5812749723966283
                    },
                    "value": 1704.7302730245065
                },
                "Qe": {
                    "name": "Qe",
                    "user_data": null,
                    "init_value": 2559.375466422723,
                    "min": 0,
                    "max": Infinity,
                    "brute_step": null,
                    "stderr": 17135.929665427237,
                    "correl": {
                        "fr": 0.5336651252182733,
                        "Ql": 0.8160783464648002,
                        "A": -0.8432405331832036,
                        "theta": -9.978003570900595e-05,
                        "phi_v": -0.11811566077027777,
                        "phi_0": 0.1187419826946466,
                        "alpha": -0.8876352492638466
                    },
                    "value": 30406.49500982493
                },
                "A": {
                    "name": "A",
                    "user_data": null,
                    "init_value": 0.005211034471310073,
                    "min": 0,
                    "max": Infinity,
                    "brute_step": null,
                    "stderr": 7.889408531600149e-05,
                    "correl": {
                        "fr": -0.8103424731668354,
                        "Ql": -0.40817171490823784,
                        "Qe": -0.8432405331832036,
                        "theta": 0.4770739480691922,
                        "phi_v": -0.34122419869115034,
                        "phi_0": 0.3407101227644502,
                        "alpha": 0.9323657557926864
                    },
                    "value": 0.005293729019028914
                },
                "theta": {
                    "name": "theta",
                    "user_data": null,
                    "init_value": 0,
                    "min": -1.5707963267948966,
                    "max": 1.5707963267948966,
                    "brute_step": null,
                    "stderr": 0.5630362607142245,
                    "correl": {
                        "fr": -0.8156628588902043,
                        "Ql": 0.5328616376106176,
                        "Qe": -9.978003570900595e-05,
                        "A": 0.4770739480691922,
                        "phi_v": -0.8987808615834387,
                        "phi_0": 0.8988421095972446,
                        "alpha": 0.18478968387172862
                    },
                    "value": 0.23125058792430142
                },
                "phi_v": {
                    "name": "phi_v",
                    "user_data": null,
                    "init_value": -1.2935827563854488e-06,
                    "min": -Infinity,
                    "max": Infinity,
                    "brute_step": null,
                    "stderr": 1.3827233975437966e-09,
                    "correl": {
                        "fr": 0.6226713491008443,
                        "Ql": -0.5411856587366145,
                        "Qe": -0.11811566077027777,
                        "A": -0.34122419869115034,
                        "theta": -0.8987808615834387,
                        "phi_0": -0.9999997379148238,
                        "alpha": -0.07451317508151478
                    },
                    "value": -1.2945561218592472e-06
                },
                "phi_0": {
                    "name": "phi_0",
                    "user_data": null,
                    "init_value": 7498.533763116628,
                    "min": -Infinity,
                    "max": Infinity,
                    "brute_step": null,
                    "stderr": 8.02675637375758,
                    "correl": {
                        "fr": -0.6224184004078193,
                        "Ql": 0.5417380324591368,
                        "Qe": 0.1187419826946466,
                        "A": 0.3407101227644502,
                        "theta": 0.8988421095972446,
                        "phi_v": -0.9999997379148238,
                        "alpha": 0.07394560768647981
                    },
                    "value": 7504.16124442356
                },
                "alpha": {
                    "name": "alpha",
                    "user_data": null,
                    "init_value": 0,
                    "min": -1,
                    "max": 1,
                    "brute_step": null,
                    "stderr": 11.508203947251259,
                    "correl": {
                        "fr": -0.5866774550721463,
                        "Ql": -0.5812749723966283,
                        "Qe": -0.8876352492638466,
                        "A": 0.9323657557926864,
                        "theta": 0.18478968387172862,
                        "phi_v": -0.07451317508151478,
                        "phi_0": 0.07394560768647981
                    },
                    "value": 0.9904697690024009
                },
                "Qi": {
                    "name": "Qi",
                    "user_data": null,
                    "init_value": -129248.4610543472,
                    "min": -Infinity,
                    "max": Infinity,
                    "brute_step": null,
                    "stderr": 687.834718196927,
                    "correl": null,
                    "value": 1803.1312250699152
                },
                "Qc": {
                    "name": "Qc",
                    "user_data": null,
                    "init_value": 2559.375466422723,
                    "min": -Infinity,