{
    "T2*": {
        "__dtype__": "UFloat",
        "nominal_value": 0.00015598957334872487,
        "std_dev": 0.003158321824917978
    },
    "fitted_detuning": {
        "__dtype__": "UFloat",
        "nominal_value": 4532652.852368823,
        "std_dev": 21132.725406738355
    },
    "detuning": {
        "__dtype__": "UFloat",
        "nominal_value": 4532652.852368823,
        "std_dev": 21132.725406738355
    },
    "fit_success": true,
    "fit_msg": "Summary\n$T_2^*$: 1.6e+02$\\pm$3.2e+03 \u03bcs\n\nartificial detuning: 0 Hz\nfitted detuning: 4.533$\\pm$0.021 MHz\nactual detuning: 4.533$\\pm$0.021 MHz\n",
    "fit_result": {
        "Ramsey_decay": {
            "success": true,
            "message": "Fit succeeded.",
            "params": {
                "tau": {
                    "name": "tau",
                    "user_data": null,
                    "init_value": 2.653333333333334e-06,
                    "min": 0,
                    "max": Infinity,
                    "brute_step": null,
                    "stderr": 0.003158321824917978,
                    "correl": {
                        "frequency": 0.01680702383631151,
                        "phase": -0.019635373895276653,
                        "amplitude": -0.8638930410778063,
                        "offset": 0.01439973868916656
                    },
                    "value": 0.00015598957334872487
                },
                "n_factor": {
                    "name": "n_factor",
                    "user_data": null,
                    "init_value": 1,
                    "min": -Infinity,
                    "max": Infinity,
                    "brute_step": null,
                    "stderr": 0.0,
                    "correl": null,
                    "value": 1
                },
                "frequency": {
                    "name": "frequency",
                    "user_data": null,
                    "init_value": 4499999.999999999,
                    "min": 0,
                    "max": Infinity,
                    "brute_step": null,
                    "stderr": 21132.725406738355,
                    "correl": {
                        "tau": 0.01680702383631151,
                        "phase": -0.8647829524593394,
                        "amplitude": -0.01934139347505157,
                        "offset": 0.03942372194038201
                    },
                    "value": 4532652.852368823
                },
                "phase": {
                    "name": "phase",
                    "user_data": null,
                    "init_value": -51.961942490375165,
                    "min": -Infinity,
                    "max": Infinity,
                    "brute_step": null,
                    "stderr": 0.3030825469416013,
                    "correl": {
                        "tau": -0.019635373895276653,
                        "frequency": -0.8647829524593394,
                        "amplitude": 0.02252639897977871,
                        "offset": -0.03606477289519311
                    },
                    "value": -53.47207503794444
                },
                "amplitude": {
                    "name": "amplitude",
                    "user_data": null,
                    "init_value": 0.00017308182330893237,
                    "min": 0,
                    "max": Infinity,
                    "brute_step": null,
                    "stderr": 1.4947421618716601e-05,
                    "correl": {
                        "tau": -0.8638930410778063,
                        "frequency": -0.01934139347505157,
                        "phase": 0.02252639897977871,
                        "offset": -0.007753059641532688
                    },
                    "value": 4.976870127371136e-05
                },
                "offset": {
                    "name": "offset",
                    "user_data": null,
                    "init_value": 0.001114911917096592,
                    "min": -Infinity,
                    "max": Infinity,
                    "brute_step": null,
                    "stderr": 5.276200420466776e-06,
                    "correl": {
                        "tau": 0.01439973868916656,
                        "frequency": 0.03942372194038201,
                        "phase": -0.03606477289519311,
                        "amplitude": -0.007753059641532688
                    },
                    "value": 0.0011152503381037734
                }
            }
        }
    }
}