{
    "fit_success": true,
    "frequency_01": {
        "__dtype__": "UFloat",
        "nominal_value": 3848436288.280411,
        "std_dev": 626413.9357153807
    },
    "fit_msg": "Summary\nFrequency 0-1: 3.84844$\\pm$0.00063 GHz\nPeak width: 30.9$\\pm$3.6 MHz\n",
    "fit_result": {
        "Lorentzian_peak": {
            "success": true,
            "message": "Fit succeeded.",
            "params": {
                "x0": {
                    "name": "x0",
                    "user_data": null,
                    "init_value": 3841400501.0788236,
                    "min": -Infinity,
                    "max": Infinity,
                    "brute_step": null,
                    "stderr": 626413.9357153807,
                    "correl": {
                        "width": -0.0558875693018036,
                        "a": -0.07105961071703021,
                        "c": 0.08332656713581996
                    },
                    "value": 3848436288.280411
                },
                "width": {
                    "name": "width",
                    "user_data": null,
                    "init_value": 8040302.522073026,
                    "min": -Infinity,
                    "max": Infinity,
                    "brute_step": null,
                    "stderr": 3586604.983854817,
                    "correl": {
                        "x0": -0.0558875693018036,
                        "a": 0.9412090153173266,
                        "c": -0.8742899407536093
                    },
                    "value": 30929221.993963137
                },
                "a": {
                    "name": "a",
                    "user_data": null,
                    "init_value": 7291.7320909793125,
                    "min": -Infinity,
                    "max": Infinity,
                    "brute_step": null,
                    "stderr": 2439.889387850061,
                    "correl": {
                        "x0": -0.07105961071703021,
                        "width": 0.9412090153173266,
                        "c": -0.9656140113971371
                    },
                    "value": 15996.163441123917
                },
                "c": {
                    "name": "c",
                    "user_data": null,
                    "init_value": 0.0009351821023313228,
                    "min": -Infinity,
                    "max": Infinity,
                    "brute_step": null,
                    "stderr": 3.150545742027281e-05,
                    "correl": {
                        "x0": 0.08332656713581996,
                        "width": -0.8742899407536093,
                        "a": -0.9656140113971371
                    },
                    "value": 0.0006772565363747183
                }
            }
        }
    }
}