{
    "amplitude": {
        "__dtype__": "UFloat",
        "nominal_value": 297227.53001067205,
        "std_dev": 24288.724504430465
    },
    "frequency": {
        "__dtype__": "UFloat",
        "nominal_value": 9.030189628120391,
        "std_dev": 0.41708631731819745
    },
    "shift": {
        "__dtype__": "UFloat",
        "nominal_value": 1.9982334016279957,
        "std_dev": 0.08864726874104582
    },
    "offset": {
        "__dtype__": "UFloat",
        "nominal_value": 6013623448.275862,
        "std_dev": 38531.91768056113
    },
    "offset_0": {
        "__dtype__": "UFloat",
        "nominal_value": -0.04733423022502673,
        "std_dev": 0.010057271327876887
    },
    "freq_0": 6013920675.805872,
    "fit_success": true,
    "fit_msg": "Summary:\nf_0: 6.0139 GHz\noffset_0: -47$\\pm$10 mV\n",
    "fit_result": {
        "sin": {
            "success": true,
            "message": "Fit succeeded.",
            "params": {
                "amplitude": {
                    "name": "amplitude",
                    "user_data": null,
                    "init_value": 301269.0140521611,
                    "min": 0,
                    "max": Infinity,
                    "brute_step": null,
                    "stderr": 24288.724504430465,
                    "correl": {
                        "frequency": -0.047690786043959495,
                        "shift": 0.08951501896585014
                    },
                    "value": 297227.53001067205
                },
                "frequency": {
                    "name": "frequency",
                    "user_data": null,
                    "init_value": 7.6576320931251205,
                    "min": 0,
                    "max": Infinity,
                    "brute_step": null,
                    "stderr": 0.41708631731819745,
                    "correl": {
                        "amplitude": -0.047690786043959495,
                        "shift": 0.06215831513186374
                    },
                    "value": 9.030189628120391
                },
                "shift": {
                    "name": "shift",
                    "user_data": null,
                    "init_value": 1.7135959928671598,
                    "min": -6.283195307179586,
                    "max": 6.283195307179586,
                    "brute_step": null,
                    "stderr": 0.08864726874104582,
                    "correl": {
                        "amplitude": 0.08951501896585014,
                        "frequency": 0.06215831513186374
                    },
                    "value": 1.9982334016279957
                },
                "offset": {
                    "name": "offset",
                    "user_data": null,
                    "init_value": 6013623448.275862,
                    "min": -Infinity,
                    "max": Infinity,
                    "brute_step": null,
                    "stderr": 38531.91768056113,
                    "correl": null,
                    "value": 6013623448.275862
                }
            }
        }
    }
}