{
    "fit_success": true,
    "frequency_01": {
        "__dtype__": "UFloat",
        "nominal_value": 4220864253.6301694,
        "std_dev": 2206847.4387240056
    },
    "fit_msg": "Summary\nFrequency 0-1: 4.2209$\\pm$0.0022 GHz\nPeak width: 27.2$\\pm$7.2 MHz\n",
    "fit_result": {
        "Lorentzian_peak": {
            "success": true,
            "message": "Fit succeeded.",
            "params": {
                "x0": {
                    "name": "x0",
                    "user_data": null,
                    "init_value": 4207563813.4503827,
                    "min": -Infinity,
                    "max": Infinity,
                    "brute_step": null,
                    "stderr": 2206847.4387240056,
                    "correl": {
                        "width": 0.0006214957410311307,
                        "a": 0.0024903298303422723,
                        "c": -0.004141296656023658
                    },
                    "value": 4220864253.6301694
                },
                "width": {
                    "name": "width",
                    "user_data": null,
                    "init_value": 20100756.30518254,
                    "min": -Infinity,
                    "max": Infinity,
                    "brute_step": null,
                    "stderr": 7225229.538525846,
                    "correl": {
                        "x0": 0.0006214957410311307,
                        "a": 0.8387485491269862,
                        "c": -0.6370762603426073
                    },
                    "value": 27215041.847401418
                },
                "a": {
                    "name": "a",
                    "user_data": null,
                    "init_value": 49672.05065633227,
                    "min": -Infinity,
                    "max": Infinity,
                    "brute_step": null,
                    "stderr": 2697.6199912754973,
                    "correl": {
                        "x0": 0.0024903298303422723,
                        "width": 0.8387485491269862,
                        "c": -0.7963654238852284
                    },
                    "value": 11283.38871952292
                },
                "c": {
                    "name": "c",
                    "user_data": null,
                    "init_value": 0.0009667543709963331,
                    "min": -Infinity,
                    "max": Infinity,
                    "brute_step": null,
                    "stderr": 2.417592367500677e-05,
                    "correl": {
                        "x0": -0.004141296656023658,
                        "width": -0.6370762603426073,
                        "a": -0.7963654238852284
                    },
                    "value": 0.0008773949416137256
                }
            }
        }
    }
}