{
    "fit_success": true,
    "Qi": {
        "__dtype__": "UFloat",
        "nominal_value": 21702.521986981978,
        "std_dev": 1032.0360856049786
    },
    "Qe": {
        "__dtype__": "UFloat",
        "nominal_value": 4010.6608661714013,
        "std_dev": 31.77264572918304
    },
    "Ql": {
        "__dtype__": "UFloat",
        "nominal_value": 3615.816801838865,
        "std_dev": 39.8717827526995
    },
    "Qc": {
        "__dtype__": "UFloat",
        "nominal_value": 4338.6754436217625,
        "std_dev": 37.18255209469272
    },
    "fr": {
        "__dtype__": "UFloat",
        "nominal_value": 5913528820.498915,
        "std_dev": 9017.32916752832
    },
    "fit_msg": "Summary\n$Q_I$: 21.7$\\pm$1.0 k\n$Q_C$: 4.339$\\pm$0.037 k\n$f_{res}$: 5.9135288$\\pm$9.0e-06 GHz",
    "fit_result": {
        "hanger_func_complex_SI": {
            "success": true,
            "message": "Fit succeeded.",
            "params": {
                "fr": {
                    "name": "fr",
                    "user_data": null,
                    "init_value": 5913693467.336683,
                    "min": 5875000000.0,
                    "max": 5925000000.0,
                    "brute_step": null,
                    "stderr": 9017.32916752832,
                    "correl": {
                        "Ql": 0.00013460958907685682,
                        "Qe": 0.014991212713402043,
                        "A": 0.07835972912234888,
                        "theta": -0.7482018170692953,
                        "phi_v": -0.2570723864567575,
                        "phi_0": 0.25666057414301424,
                        "alpha": 0.06702499862385834
                    },
                    "value": 5913528820.498915
                },
                "Ql": {
                    "name": "Ql",
                    "user_data": null,
                    "init_value": 532.8889527562682,
                    "min": 11.827386934673367,
                    "max": 23536.50000005926,
                    "brute_step": null,
                    "stderr": 39.8717827526995,
                    "correl": {
                        "fr": 0.00013460958907685682,
                        "Qe": 0.7481916063789416,
                        "A": -0.3019166932405217,
                        "theta": 0.014894808419627023,
                        "phi_v": 0.06649019745933232,
                        "phi_0": -0.06692919855053174,
                        "alpha": 0.2566477813580925
                    },
                    "value": 3615.816801838865
                },
                "Qe": {
                    "name": "Qe",
                    "user_data": null,
                    "init_value": 522.3366962660451,
                    "min": 0,
                    "max": Infinity,
                    "brute_step": null,
                    "stderr": 31.77264572918304,
                    "correl": {
                        "fr": 0.014991212713402043,
                        "Ql": 0.7481916063789416,
                        "A": -0.24167078861189267,
                        "theta": 2.4508577596837163e-05,
                        "phi_v": 0.08575330084131937,
                        "phi_0": -0.08635311941394097,
                        "alpha": 0.2353348954478084
                    },
                    "value": 4010.6608661714013
                },
                "A": {
                    "name": "A",
                    "user_data": null,
                    "init_value": 0.009445234499773756,
                    "min": 0,
                    "max": Infinity,
                    "brute_step": null,
                    "stderr": 1.529868935481426e-05,
                    "correl": {
                        "fr": 0.07835972912234888,
                        "Ql": -0.3019166932405217,
                        "Qe": -0.24167078861189267,
                        "theta": -0.11089924412274078,
                        "phi_v": -0.041974227607748514,
                        "phi_0": 0.04209274949420149,
                        "alpha": -0.7158541104818016
                    },
                    "value": 0.009674193746506132
                },
                "theta": {
                    "name": "theta",
                    "user_data": null,
                    "init_value": 0,
                    "min": -1.5707963267948966,
                    "max": 1.5707963267948966,
                    "brute_step": null,
                    "stderr": 0.007921999355575176,
                    "correl": {
                        "fr": -0.7482018170692953,
                        "Ql": 0.014894808419627023,
                        "Qe": 2.4508577596837163e-05,
                        "A": -0.11089924412274078,
                        "phi_v": 0.23595751720053257,
                        "phi_0": -0.23570265897925324,
                        "alpha": -0.0859568984407906
                    },
                    "value": 0.3913432680983979
                },
                "phi_v": {
                    "name": "phi_v",
                    "user_data": null,
                    "init_value": -8.034080327721197e-08,
                    "min": -Infinity,
                    "max": Infinity,
                    "brute_step": null,
                    "stderr": 7.69797124271168e-11,
                    "correl": {
                        "fr": -0.2570723864567575,
                        "Ql": 0.06649019745933232,
                        "Qe": 0.08575330084131937,
                        "A": -0.041974227607748514,
                        "theta": 0.23595751720053257,
                        "phi_0": -0.9999970438989931,
                        "alpha": -0.003995786007378677
                    },
                    "value": -7.038158076911543e-08
                },
                "phi_0": {
                    "name": "phi_0",
                    "user_data": null,
                    "init_value": 472.4043656929003,
                    "min": -Infinity,
                    "max": Infinity,
                    "brute_step": null,
                    "stderr": 0.4540910182216579,
                    "correl": {
                        "fr": 0.25666057414301424,
                        "Ql": -0.06692919855053174,
                        "Qe": -0.08635311941394097,
                        "A": 0.04209274949420149,
                        "theta": -0.23570265897925324,
                        "phi_v": -0.9999970438989931,
                        "alpha": 0.003834419432493472
                    },
                    "value": 413.88459665962785
                },
                "alpha": {
                    "name": "alpha",
                    "user_data": null,
                    "init_value": 0,
                    "min": -1,
                    "max": 1,
                    "brute_step": null,
                    "stderr": 0.5517865175855612,
                    "correl": {
                        "fr": 0.06702499862385834,
                        "Ql": 0.2566477813580925,
                        "Qe": 0.2353348954478084,
                        "A": -0.7158541104818016,
                        "theta": -0.0859568984407906,
                        "phi_v": -0.003995786007378677,
                        "phi_0": 0.003834419432493472
                    },
                    "value": 0.9999969246826859
                },
                "Qi": {
                    "name": "Qi",
                    "user_data": null,
                    "init_value": -26378.00316143546,
                    "min": -Infinity,
                    "max": Infinity,
                    "brute_step": null,
                    "stderr": 1032.0360856049786,
                    "correl": null,
                    "value": 21702.521986981978
                },
                "Qc": {
                    "name": "Qc",
                    "user_data": null,
                    "init_value": 522.3366962660451,