{
    "fit_success": true,
    "frequency_01": {
        "__dtype__": "UFloat",
        "nominal_value": 4119503882.425611,
        "std_dev": 483525.94630937715
    },
    "fit_msg": "Summary\nFrequency 0-1: 4.11950$\\pm$0.00048 GHz\nPeak width: 10.7$\\pm$1.2 MHz\n",
    "fit_result": {
        "Lorentzian_peak": {
            "success": true,
            "message": "Fit succeeded.",
            "params": {
                "x0": {
                    "name": "x0",
                    "user_data": null,
                    "init_value": 4118903555.1431155,
                    "min": -Infinity,
                    "max": Infinity,
                    "brute_step": null,
                    "stderr": 483525.94630937715,
                    "correl": {
                        "width": -0.050283785845040466,
                        "a": -0.028430333691999158,
                        "c": 0.011970153177748594
                    },
                    "value": 4119503882.425611
                },
                "width": {
                    "name": "width",
                    "user_data": null,
                    "init_value": 40201512.61036511,
                    "min": -Infinity,
                    "max": Infinity,
                    "brute_step": null,
                    "stderr": 1229890.5134805471,
                    "correl": {
                        "x0": -0.050283785845040466,
                        "a": 0.7352495496421136,
                        "c": -0.299188275075149
                    },
                    "value": 10669740.929857299
                },
                "a": {
                    "name": "a",
                    "user_data": null,
                    "init_value": 37231.60508002778,
                    "min": -Infinity,
                    "max": Infinity,
                    "brute_step": null,
                    "stderr": 290.24377696772706,
                    "correl": {
                        "x0": -0.028430333691999158,
                        "width": 0.7352495496421136,
                        "c": -0.4140337805038514
                    },
                    "value": 3353.455781791495
                },
                "c": {
                    "name": "c",
                    "user_data": null,
                    "init_value": 0.0009967543226821005,
                    "min": -Infinity,
                    "max": Infinity,
                    "brute_step": null,
                    "stderr": 2.9573586133134356e-06,
                    "correl": {
                        "x0": 0.011970153177748594,
                        "width": -0.299188275075149,
                        "a": -0.4140337805038514
                    },
                    "value": 0.0009823208206168172
                }
            }
        }
    }
}