{
    "fit_success": true,
    "frequency_01": {
        "__dtype__": "UFloat",
        "nominal_value": 4124053107.4351892,
        "std_dev": 889845.1535515158
    },
    "fit_msg": "Summary\nFrequency 0-1: 4.12405$\\pm$0.00089 GHz\nPeak width: 14.6$\\pm$2.4 MHz\n",
    "fit_result": {
        "Lorentzian_peak": {
            "success": true,
            "message": "Fit succeeded.",
            "params": {
                "x0": {
                    "name": "x0",
                    "user_data": null,
                    "init_value": 4122943959.18352,
                    "min": -Infinity,
                    "max": Infinity,
                    "brute_step": null,
                    "stderr": 889845.1535515158,
                    "correl": {
                        "width": -0.008535399415245344,
                        "a": -0.004683023891442056,
                        "c": 0.002223644022330741
                    },
                    "value": 4124053107.4351892
                },
                "width": {
                    "name": "width",
                    "user_data": null,
                    "init_value": 40201512.61036511,
                    "min": -Infinity,
                    "max": Infinity,
                    "brute_step": null,
                    "stderr": 2385346.097485184,
                    "correl": {
                        "x0": -0.008535399415245344,
                        "a": 0.7497565970786301,
                        "c": -0.3520684665540786
                    },
                    "value": 14577591.998954227
                },
                "a": {
                    "name": "a",
                    "user_data": null,
                    "init_value": 34427.11871972304,
                    "min": -Infinity,
                    "max": Infinity,
                    "brute_step": null,
                    "stderr": 569.6708405919009,
                    "correl": {
                        "x0": -0.004683023891442056,
                        "width": 0.7497565970786301,
                        "c": -0.47972242017268246
                    },
                    "value": 4617.080836099197
                },
                "c": {
                    "name": "c",
                    "user_data": null,
                    "init_value": 0.0009619976984546456,
                    "min": -Infinity,
                    "max": Infinity,
                    "brute_step": null,
                    "stderr": 4.9401175162900045e-06,
                    "correl": {
                        "x0": 0.002223644022330741,
                        "width": -0.3520684665540786,
                        "a": -0.47972242017268246
                    },
                    "value": 0.0009422686956136551
                }
            }
        }
    }
}